relative_path,file_name,extension,status,read_error,size_bytes,drug_root_label,primary_drug_label,primary_pH_label,condition_folder,view_folder,variant_label,model_label,model_label_source,model_bucket,comparison_pair_id,reference_manufacturer_label,manufacturer_label,reference_batch_label,comparison_batch_label,batch_pair,comparison_scope,sample_replicate_id,left_replicate_id,right_replicate_id,repeat_group_base_key,repeat_group_model_key,repeat_observation_key,repeat_group_complete,repeat_group_consistency_status,repeat_group_consensus_verdict,potential_error_label,left_product_name,left_manufacturer_label,left_batch_label,right_product_name,right_manufacturer_label,right_batch_label,manufacturer_pair,verdict,verdict_raw,char_count,word_count,has_experiment_section,experiment_fields_expected,experiment_fields_present,experiment_completeness_pct,experiment_time_interval_present,experiment_other_conditions_present,has_image_analysis_section,image_analysis_block_count,dimension_coverage_count,dimension_coverage_pct,dimension_avg_words,dimension_generic_count,dimension_duplicate_count,dimension_detail_score_pct,has_mechanism_section,mechanism_hypothesis_count,mechanism_follow_up_item_count,mechanism_evidence_trace_count,reference_trace_level,possible_placeholder_reference,mechanism_score_pct,reference_verify_placeholder,has_final_report_section,comparison_table_present,comparison_table_rows,reason_keyword_count,evidence_link_count,judgment_basis_clear,reasoning_score_pct,structural_completeness_pct,overall_quality_score_pct
替米沙坦/01vs01-1-part 1.docx,01vs01-1-part 1.docx,.docx,ok,,34944,替米沙坦,替米沙坦,,,,,,unassigned,unassigned,01vs01-1-part 1,,,,,,unknown,01,01,,替米沙坦,替米沙坦 || unassigned,替米沙坦 || 01,0,insufficient,,,,,,part 1,,,,unknown,,39266,5408,1,6,6,100.0,1,1,1,10,8,100.0,33.06,0,0,100.0,1,0,0,5,structured,0,40.0,0,1,0,0,1,7,0,31.67,100.0,80.75
替米沙坦/01vs01-2-part 1 .docx,01vs01-2-part 1 .docx,.docx,ok,,29734,替米沙坦,替米沙坦,,,,,,unassigned,unassigned,01vs01-2-part 1 ,,,,,,unknown,01,01,,替米沙坦,替米沙坦 || unassigned,替米沙坦 || 01,0,insufficient,,,,,,part 1,,,,different,different,38394,5187,1,6,6,100.0,1,1,1,10,8,100.0,30.93,0,0,100.0,1,0,0,5,structured,0,40.0,0,1,1,7,1,7,1,82.92,100.0,88.44
咪唑斯汀/side/231014-01-pH6.8T-咪唑斯汀缓释片10mg-皿治林-24h-Side-750X-0vs231014-01-pH6.8T-咪唑斯汀缓释片10mg-皿治林-24h-Side-750X-0-1.docx,231014-01-pH6.8T-咪唑斯汀缓释片10mg-皿治林-24h-Side-750X-0vs231014-01-pH6.8T-咪唑斯汀缓释片10mg-皿治林-24h-Side-750X-0-1.docx,.docx,ok,,32554,咪唑斯汀,咪唑斯汀,pH6.8,,side,slot_1,,variant_fallback,slot_1,231014-01-pH6.8T-咪唑斯汀缓释片10mg-皿治林-24h-Side-750X-0vs231014-01-pH6.8T-咪唑斯汀缓释片10mg-皿治林-24h-Side-750X-0,皿治林,皿治林,,,,same_manufacturer,0,0,0,咪唑斯汀 || pH6.8 || 皿治林 vs 皿治林,咪唑斯汀 || pH6.8 || 皿治林 vs 皿治林 || slot_1,咪唑斯汀 || pH6.8 || 皿治林 vs 皿治林 || 0,0,consistent,same,,咪唑斯汀缓释片10mg,皿治林,,咪唑斯汀缓释片10mg,皿治林,,皿治林 vs 皿治林,same,same,57393,8226,1,6,6,100.0,0,1,1,8,8,100.0,52.22,2,0,98.91,1,0,0,5,generic,1,29.0,0,1,1,6,1,7,1,79.17,100.0,86.06
咪唑斯汀/side/231014-01-pH6.8T-咪唑斯汀缓释片10mg-皿治林-24h-Side-750X-0vs231014-01-pH6.8T-咪唑斯汀缓释片10mg-皿治林-24h-Side-750X-0-2.docx,231014-01-pH6.8T-咪唑斯汀缓释片10mg-皿治林-24h-Side-750X-0vs231014-01-pH6.8T-咪唑斯汀缓释片10mg-皿治林-24h-Side-750X-0-2.docx,.docx,ok,,31636,咪唑斯汀,咪唑斯汀,pH6.8,,side,slot_2,,variant_fallback,slot_2,231014-01-pH6.8T-咪唑斯汀缓释片10mg-皿治林-24h-Side-750X-0vs231014-01-pH6.8T-咪唑斯汀缓释片10mg-皿治林-24h-Side-750X-0,皿治林,皿治林,,,,same_manufacturer,0,0,0,咪唑斯汀 || pH6.8 || 皿治林 vs 皿治林,咪唑斯汀 || pH6.8 || 皿治林 vs 皿治林 || slot_2,咪唑斯汀 || pH6.8 || 皿治林 vs 皿治林 || 0,0,consistent,same,,咪唑斯汀缓释片10mg,皿治林,,咪唑斯汀缓释片10mg,皿治林,,皿治林 vs 皿治林,same,same,54257,7742,1,6,5,83.33,0,1,1,8,8,100.0,53.31,0,0,100.0,1,4,0,7,structured,0,75.0,0,1,1,6,2,7,1,85.83,100.0,90.79
咪唑斯汀/side/231014-01-pH6.8T-咪唑斯汀缓释片10mg-皿治林-24h-Side-750X-0vs231014-01-pH6.8T-咪唑斯汀缓释片10mg-皿治林-24h-Side-750X-0-3.docx,231014-01-pH6.8T-咪唑斯汀缓释片10mg-皿治林-24h-Side-750X-0vs231014-01-pH6.8T-咪唑斯汀缓释片10mg-皿治林-24h-Side-750X-0-3.docx,.docx,ok,,32798,咪唑斯汀,咪唑斯汀,pH6.8,,side,slot_3,,variant_fallback,slot_3,231014-01-pH6.8T-咪唑斯汀缓释片10mg-皿治林-24h-Side-750X-0vs231014-01-pH6.8T-咪唑斯汀缓释片10mg-皿治林-24h-Side-750X-0,皿治林,皿治林,,,,same_manufacturer,0,0,0,咪唑斯汀 || pH6.8 || 皿治林 vs 皿治林,咪唑斯汀 || pH6.8 || 皿治林 vs 皿治林 || slot_3,咪唑斯汀 || pH6.8 || 皿治林 vs 皿治林 || 0,0,consistent,same,,咪唑斯汀缓释片10mg,皿治林,,咪唑斯汀缓释片10mg,皿治林,,皿治林 vs 皿治林,same,same,56064,7968,1,6,6,100.0,0,1,1,8,8,100.0,55.47,0,0,100.0,1,0,0,6,generic,1,29.0,0,1,1,7,1,8,1,82.92,100.0,86.79
咪唑斯汀/side/231014-01-pH6.8T-咪唑斯汀缓释片10mg-皿治林-24h-Side-750X-0vs231016-01-pH6.8T-咪唑斯汀缓释片10mg-皿治林-24h-Side-750X-1-1.docx,231014-01-pH6.8T-咪唑斯汀缓释片10mg-皿治林-24h-Side-750X-0vs231016-01-pH6.8T-咪唑斯汀缓释片10mg-皿治林-24h-Side-750X-1-1.docx,.docx,ok,,32523,咪唑斯汀,咪唑斯汀,pH6.8,,side,slot_1,,variant_fallback,slot_1,231014-01-pH6.8T-咪唑斯汀缓释片10mg-皿治林-24h-Side-750X-0vs231016-01-pH6.8T-咪唑斯汀缓释片10mg-皿治林-24h-Side-750X-1,皿治林,皿治林,,,,same_manufacturer,1,0,1,咪唑斯汀 || pH6.8 || 皿治林 vs 皿治林,咪唑斯汀 || pH6.8 || 皿治林 vs 皿治林 || slot_1,咪唑斯汀 || pH6.8 || 皿治林 vs 皿治林 || 1,0,consistent,same,,咪唑斯汀缓释片10mg,皿治林,,咪唑斯汀缓释片10mg,皿治林,,皿治林 vs 皿治林,same,same,57143,8062,1,6,6,100.0,0,1,1,8,8,100.0,51.95,0,0,100.0,1,0,0,6,generic,1,29.0,0,1,1,6,0,7,0,72.5,100.0,85.22
咪唑斯汀/side/231014-01-pH6.8T-咪唑斯汀缓释片10mg-皿治林-24h-Side-750X-0vs231016-01-pH6.8T-咪唑斯汀缓释片10mg-皿治林-24h-Side-750X-1-2.docx,231014-01-pH6.8T-咪唑斯汀缓释片10mg-皿治林-24h-Side-750X-0vs231016-01-pH6.8T-咪唑斯汀缓释片10mg-皿治林-24h-Side-750X-1-2.docx,.docx,ok,,32123,咪唑斯汀,咪唑斯汀,pH6.8,,side,slot_2,,variant_fallback,slot_2,231014-01-pH6.8T-咪唑斯汀缓释片10mg-皿治林-24h-Side-750X-0vs231016-01-pH6.8T-咪唑斯汀缓释片10mg-皿治林-24h-Side-750X-1,皿治林,皿治林,,,,same_manufacturer,1,0,1,咪唑斯汀 || pH6.8 || 皿治林 vs 皿治林,咪唑斯汀 || pH6.8 || 皿治林 vs 皿治林 || slot_2,咪唑斯汀 || pH6.8 || 皿治林 vs 皿治林 || 1,0,consistent,same,,咪唑斯汀缓释片10mg,皿治林,,咪唑斯汀缓释片10mg,皿治林,,皿治林 vs 皿治林,same,same,56659,8031,1,6,5,83.33,1,1,1,8,8,100.0,51.92,0,0,100.0,1,0,0,8,generic,1,29.0,0,1,1,6,1,7,1,79.17,100.0,82.89
咪唑斯汀/side/231014-01-pH6.8T-咪唑斯汀缓释片10mg-皿治林-24h-Side-750X-0vs231016-01-pH6.8T-咪唑斯汀缓释片10mg-皿治林-24h-Side-750X-1-3.docx,231014-01-pH6.8T-咪唑斯汀缓释片10mg-皿治林-24h-Side-750X-0vs231016-01-pH6.8T-咪唑斯汀缓释片10mg-皿治林-24h-Side-750X-1-3.docx,.docx,ok,,32367,咪唑斯汀,咪唑斯汀,pH6.8,,side,slot_3,,variant_fallback,slot_3,231014-01-pH6.8T-咪唑斯汀缓释片10mg-皿治林-24h-Side-750X-0vs231016-01-pH6.8T-咪唑斯汀缓释片10mg-皿治林-24h-Side-750X-1,皿治林,皿治林,,,,same_manufacturer,1,0,1,咪唑斯汀 || pH6.8 || 皿治林 vs 皿治林,咪唑斯汀 || pH6.8 || 皿治林 vs 皿治林 || slot_3,咪唑斯汀 || pH6.8 || 皿治林 vs 皿治林 || 1,0,consistent,same,,咪唑斯汀缓释片10mg,皿治林,,咪唑斯汀缓释片10mg,皿治林,,皿治林 vs 皿治林,same,same,56332,7960,1,6,6,100.0,0,1,1,8,8,100.0,52.89,0,0,100.0,1,0,0,6,generic,1,29.0,0,1,1,6,1,7,1,79.17,100.0,86.23
咪唑斯汀/side/231014-01-pH6.8T-咪唑斯汀缓释片10mg-皿治林-24h-Side-750X-0vs231018-02-pH6.8T-咪唑斯汀缓释片10mg-奥尼捷-24h-Side-750X-0-1.docx,231014-01-pH6.8T-咪唑斯汀缓释片10mg-皿治林-24h-Side-750X-0vs231018-02-pH6.8T-咪唑斯汀缓释片10mg-奥尼捷-24h-Side-750X-0-1.docx,.docx,ok,,33547,咪唑斯汀,咪唑斯汀,pH6.8,,side,slot_1,,variant_fallback,slot_1,231014-01-pH6.8T-咪唑斯汀缓释片10mg-皿治林-24h-Side-750X-0vs231018-02-pH6.8T-咪唑斯汀缓释片10mg-奥尼捷-24h-Side-750X-0,皿治林,奥尼捷,,,,cross_manufacturer,0,0,0,咪唑斯汀 || pH6.8 || 皿治林 vs 奥尼捷,咪唑斯汀 || pH6.8 || 皿治林 vs 奥尼捷 || slot_1,咪唑斯汀 || pH6.8 || 皿治林 vs 奥尼捷 || 0,0,insufficient,same,,咪唑斯汀缓释片10mg,皿治林,,咪唑斯汀缓释片10mg,奥尼捷,,皿治林 vs 奥尼捷,same,same,57554,8234,1,6,5,83.33,0,1,1,8,8,100.0,49.69,1,0,99.45,1,0,0,6,generic,1,29.0,0,1,1,6,2,7,1,85.83,100.0,83.81
咪唑斯汀/side/231014-01-pH6.8T-咪唑斯汀缓释片10mg-皿治林-24h-Side-750X-0vs231018-02-pH6.8T-咪唑斯汀缓释片10mg-奥尼捷-24h-Side-750X-0-2.docx,231014-01-pH6.8T-咪唑斯汀缓释片10mg-皿治林-24h-Side-750X-0vs231018-02-pH6.8T-咪唑斯汀缓释片10mg-奥尼捷-24h-Side-750X-0-2.docx,.docx,ok,,33683,咪唑斯汀,咪唑斯汀,pH6.8,,side,slot_2,,variant_fallback,slot_2,231014-01-pH6.8T-咪唑斯汀缓释片10mg-皿治林-24h-Side-750X-0vs231018-02-pH6.8T-咪唑斯汀缓释片10mg-奥尼捷-24h-Side-750X-0,皿治林,奥尼捷,,,,cross_manufacturer,0,0,0,咪唑斯汀 || pH6.8 || 皿治林 vs 奥尼捷,咪唑斯汀 || pH6.8 || 皿治林 vs 奥尼捷 || slot_2,咪唑斯汀 || pH6.8 || 皿治林 vs 奥尼捷 || 0,0,insufficient,same,,咪唑斯汀缓释片10mg,皿治林,,咪唑斯汀缓释片10mg,奥尼捷,,皿治林 vs 奥尼捷,same,same,59776,8625,1,6,6,100.0,0,1,1,8,8,100.0,58.95,0,0,100.0,1,0,0,5,generic,1,29.0,0,1,1,7,1,7,1,82.92,100.0,86.79
咪唑斯汀/side/231014-01-pH6.8T-咪唑斯汀缓释片10mg-皿治林-24h-Side-750X-0vs231018-02-pH6.8T-咪唑斯汀缓释片10mg-奥尼捷-24h-Side-750X-0-3.docx,231014-01-pH6.8T-咪唑斯汀缓释片10mg-皿治林-24h-Side-750X-0vs231018-02-pH6.8T-咪唑斯汀缓释片10mg-奥尼捷-24h-Side-750X-0-3.docx,.docx,ok,,32712,咪唑斯汀,咪唑斯汀,pH6.8,,side,slot_3,,variant_fallback,slot_3,231014-01-pH6.8T-咪唑斯汀缓释片10mg-皿治林-24h-Side-750X-0vs231018-02-pH6.8T-咪唑斯汀缓释片10mg-奥尼捷-24h-Side-750X-0,皿治林,奥尼捷,,,,cross_manufacturer,0,0,0,咪唑斯汀 || pH6.8 || 皿治林 vs 奥尼捷,咪唑斯汀 || pH6.8 || 皿治林 vs 奥尼捷 || slot_3,咪唑斯汀 || pH6.8 || 皿治林 vs 奥尼捷 || 0,0,insufficient,same,,咪唑斯汀缓释片10mg,皿治林,,咪唑斯汀缓释片10mg,奥尼捷,,皿治林 vs 奥尼捷,same,same,54381,7726,1,6,6,100.0,1,1,1,8,8,100.0,48.48,1,0,99.45,1,0,0,6,structured,0,40.0,0,1,1,6,0,7,0,72.5,100.0,86.79
地若孕素/pH4.5/side/01-pH4.5T-地诺孕素片2mg-唯散宁-WE127F-Side-15min-处理后原片-1vs01-pH4.5T-地诺孕素片2mg-唯散宁-WE127F-Side-15min-处理后原片-1-1.docx,01-pH4.5T-地诺孕素片2mg-唯散宁-WE127F-Side-15min-处理后原片-1vs01-pH4.5T-地诺孕素片2mg-唯散宁-WE127F-Side-15min-处理后原片-1-1.docx,.docx,ok,,30608,地若孕素,地若孕素,pH4.5,pH4.5,side,slot_1,,variant_fallback,slot_1,01-pH4.5T-地诺孕素片2mg-唯散宁-WE127F-Side-15min-处理后原片-1vs01-pH4.5T-地诺孕素片2mg-唯散宁-WE127F-Side-15min-处理后原片-1,唯散宁,唯散宁,WE127F,WE127F,WE127F vs WE127F,same_manufacturer,1,1,1,地若孕素 || pH4.5 || 唯散宁 vs 唯散宁 || WE127F vs WE127F,地若孕素 || pH4.5 || 唯散宁 vs 唯散宁 || WE127F vs WE127F || slot_1,地若孕素 || pH4.5 || 唯散宁 vs 唯散宁 || WE127F vs WE127F || 1,1,consistent,same,,地诺孕素片2mg,唯散宁,WE127F,地诺孕素片2mg,唯散宁,WE127F,唯散宁 vs 唯散宁,same,same,46925,6650,0,6,0,0.0,0,0,1,9,8,100.0,47.97,1,0,99.51,1,0,0,6,generic,1,29.0,0,1,1,6,2,7,1,85.83,75.0,63.4
地若孕素/pH4.5/side/01-pH4.5T-地诺孕素片2mg-唯散宁-WE127F-Side-15min-处理后原片-1vs01-pH4.5T-地诺孕素片2mg-唯散宁-WE127F-Side-15min-处理后原片-1-2.docx,01-pH4.5T-地诺孕素片2mg-唯散宁-WE127F-Side-15min-处理后原片-1vs01-pH4.5T-地诺孕素片2mg-唯散宁-WE127F-Side-15min-处理后原片-1-2.docx,.docx,ok,,32216,地若孕素,地若孕素,pH4.5,pH4.5,side,slot_2,,variant_fallback,slot_2,01-pH4.5T-地诺孕素片2mg-唯散宁-WE127F-Side-15min-处理后原片-1vs01-pH4.5T-地诺孕素片2mg-唯散宁-WE127F-Side-15min-处理后原片-1,唯散宁,唯散宁,WE127F,WE127F,WE127F vs WE127F,same_manufacturer,1,1,1,地若孕素 || pH4.5 || 唯散宁 vs 唯散宁 || WE127F vs WE127F,地若孕素 || pH4.5 || 唯散宁 vs 唯散宁 || WE127F vs WE127F || slot_2,地若孕素 || pH4.5 || 唯散宁 vs 唯散宁 || WE127F vs WE127F || 1,1,consistent,same,,地诺孕素片2mg,唯散宁,WE127F,地诺孕素片2mg,唯散宁,WE127F,唯散宁 vs 唯散宁,same,same,53925,7524,1,6,5,83.33,1,1,1,8,8,100.0,51.36,0,0,100.0,1,0,0,10,structured,0,40.0,0,1,1,6,1,7,1,79.17,100.0,84.54
地若孕素/pH4.5/side/01-pH4.5T-地诺孕素片2mg-唯散宁-WE127F-Side-15min-处理后原片-1vs01-pH4.5T-地诺孕素片2mg-唯散宁-WE127F-Side-15min-处理后原片-1-3.docx,01-pH4.5T-地诺孕素片2mg-唯散宁-WE127F-Side-15min-处理后原片-1vs01-pH4.5T-地诺孕素片2mg-唯散宁-WE127F-Side-15min-处理后原片-1-3.docx,.docx,ok,,32953,地若孕素,地若孕素,pH4.5,pH4.5,side,slot_3,,variant_fallback,slot_3,01-pH4.5T-地诺孕素片2mg-唯散宁-WE127F-Side-15min-处理后原片-1vs01-pH4.5T-地诺孕素片2mg-唯散宁-WE127F-Side-15min-处理后原片-1,唯散宁,唯散宁,WE127F,WE127F,WE127F vs WE127F,same_manufacturer,1,1,1,地若孕素 || pH4.5 || 唯散宁 vs 唯散宁 || WE127F vs WE127F,地若孕素 || pH4.5 || 唯散宁 vs 唯散宁 || WE127F vs WE127F || slot_3,地若孕素 || pH4.5 || 唯散宁 vs 唯散宁 || WE127F vs WE127F || 1,1,inconsistent,same,,地诺孕素片2mg,唯散宁,WE127F,地诺孕素片2mg,唯散宁,WE127F,唯散宁 vs 唯散宁,same,same,56614,7996,1,6,5,83.33,1,1,1,8,8,100.0,56.17,0,0,100.0,1,0,0,6,generic,1,29.0,0,1,1,7,2,7,1,89.58,100.0,84.45
地若孕素/pH4.5/side/01-pH4.5T-地诺孕素片2mg-唯散宁-WE127F-Side-15min-处理后原片-1vs01-pH4.5T-地诺孕素片2mg-唯散宁-WE127F-Side-15min-处理后原片-2-1.docx,01-pH4.5T-地诺孕素片2mg-唯散宁-WE127F-Side-15min-处理后原片-1vs01-pH4.5T-地诺孕素片2mg-唯散宁-WE127F-Side-15min-处理后原片-2-1.docx,.docx,ok,,34042,地若孕素,地若孕素,pH4.5,pH4.5,side,slot_1,,variant_fallback,slot_1,01-pH4.5T-地诺孕素片2mg-唯散宁-WE127F-Side-15min-处理后原片-1vs01-pH4.5T-地诺孕素片2mg-唯散宁-WE127F-Side-15min-处理后原片-2,唯散宁,唯散宁,WE127F,WE127F,WE127F vs WE127F,same_manufacturer,2,1,2,地若孕素 || pH4.5 || 唯散宁 vs 唯散宁 || WE127F vs WE127F,地若孕素 || pH4.5 || 唯散宁 vs 唯散宁 || WE127F vs WE127F || slot_1,地若孕素 || pH4.5 || 唯散宁 vs 唯散宁 || WE127F vs WE127F || 2,1,consistent,same,,地诺孕素片2mg,唯散宁,WE127F,地诺孕素片2mg,唯散宁,WE127F,唯散宁 vs 唯散宁,same,same,57998,8058,1,6,5,83.33,1,1,1,8,8,100.0,52.11,0,0,100.0,1,0,0,7,generic,1,29.0,0,1,1,7,2,7,1,89.58,100.0,84.45
地若孕素/pH4.5/side/01-pH4.5T-地诺孕素片2mg-唯散宁-WE127F-Side-15min-处理后原片-1vs01-pH4.5T-地诺孕素片2mg-唯散宁-WE127F-Side-15min-处理后原片-2-2.docx,01-pH4.5T-地诺孕素片2mg-唯散宁-WE127F-Side-15min-处理后原片-1vs01-pH4.5T-地诺孕素片2mg-唯散宁-WE127F-Side-15min-处理后原片-2-2.docx,.docx,ok,,33833,地若孕素,地若孕素,pH4.5,pH4.5,side,slot_2,,variant_fallback,slot_2,01-pH4.5T-地诺孕素片2mg-唯散宁-WE127F-Side-15min-处理后原片-1vs01-pH4.5T-地诺孕素片2mg-唯散宁-WE127F-Side-15min-处理后原片-2,唯散宁,唯散宁,WE127F,WE127F,WE127F vs WE127F,same_manufacturer,2,1,2,地若孕素 || pH4.5 || 唯散宁 vs 唯散宁 || WE127F vs WE127F,地若孕素 || pH4.5 || 唯散宁 vs 唯散宁 || WE127F vs WE127F || slot_2,地若孕素 || pH4.5 || 唯散宁 vs 唯散宁 || WE127F vs WE127F || 2,1,consistent,same,,地诺孕素片2mg,唯散宁,WE127F,地诺孕素片2mg,唯散宁,WE127F,唯散宁 vs 唯散宁,same,same,58781,8200,1,6,5,83.33,1,1,1,8,8,100.0,52.84,0,0,100.0,1,0,0,13,structured,0,40.0,0,1,1,7,3,7,1,96.25,100.0,87.1
地若孕素/pH4.5/side/01-pH4.5T-地诺孕素片2mg-唯散宁-WE127F-Side-15min-处理后原片-1vs01-pH4.5T-地诺孕素片2mg-唯散宁-WE127F-Side-15min-处理后原片-2-3.docx,01-pH4.5T-地诺孕素片2mg-唯散宁-WE127F-Side-15min-处理后原片-1vs01-pH4.5T-地诺孕素片2mg-唯散宁-WE127F-Side-15min-处理后原片-2-3.docx,.docx,ok,,32696,地若孕素,地若孕素,pH4.5,pH4.5,side,slot_3,,variant_fallback,slot_3,01-pH4.5T-地诺孕素片2mg-唯散宁-WE127F-Side-15min-处理后原片-1vs01-pH4.5T-地诺孕素片2mg-唯散宁-WE127F-Side-15min-处理后原片-2,唯散宁,唯散宁,WE127F,WE127F,WE127F vs WE127F,same_manufacturer,2,1,2,地若孕素 || pH4.5 || 唯散宁 vs 唯散宁 || WE127F vs WE127F,地若孕素 || pH4.5 || 唯散宁 vs 唯散宁 || WE127F vs WE127F || slot_3,地若孕素 || pH4.5 || 唯散宁 vs 唯散宁 || WE127F vs WE127F || 2,1,inconsistent,same,,地诺孕素片2mg,唯散宁,WE127F,地诺孕素片2mg,唯散宁,WE127F,唯散宁 vs 唯散宁,same,same,54219,7616,1,6,5,83.33,1,1,1,8,8,100.0,54.09,0,0,100.0,1,0,0,5,generic,1,29.0,0,1,1,7,2,7,1,89.58,100.0,84.45
地若孕素/pH4.5/side/01-pH4.5T-地诺孕素片2mg-唯散宁-WE127F-Side-15min-处理后原片-1vs01-pH4.5T-地诺孕素片2mg-唯散宁-WE127F-Side-15min-处理后原片-3-1.docx,01-pH4.5T-地诺孕素片2mg-唯散宁-WE127F-Side-15min-处理后原片-1vs01-pH4.5T-地诺孕素片2mg-唯散宁-WE127F-Side-15min-处理后原片-3-1.docx,.docx,ok,,33858,地若孕素,地若孕素,pH4.5,pH4.5,side,slot_1,,variant_fallback,slot_1,01-pH4.5T-地诺孕素片2mg-唯散宁-WE127F-Side-15min-处理后原片-1vs01-pH4.5T-地诺孕素片2mg-唯散宁-WE127F-Side-15min-处理后原片-3,唯散宁,唯散宁,WE127F,WE127F,WE127F vs WE127F,same_manufacturer,3,1,3,地若孕素 || pH4.5 || 唯散宁 vs 唯散宁 || WE127F vs WE127F,地若孕素 || pH4.5 || 唯散宁 vs 唯散宁 || WE127F vs WE127F || slot_1,地若孕素 || pH4.5 || 唯散宁 vs 唯散宁 || WE127F vs WE127F || 3,1,consistent,same,,地诺孕素片2mg,唯散宁,WE127F,地诺孕素片2mg,唯散宁,WE127F,唯散宁 vs 唯散宁,same,same,56245,7883,1,6,5,83.33,1,1,1,8,8,100.0,51.22,0,0,100.0,1,0,0,6,generic,1,29.0,0,1,1,7,1,7,1,82.92,100.0,83.45
地若孕素/pH4.5/side/01-pH4.5T-地诺孕素片2mg-唯散宁-WE127F-Side-15min-处理后原片-1vs01-pH4.5T-地诺孕素片2mg-唯散宁-WE127F-Side-15min-处理后原片-3-2.docx,01-pH4.5T-地诺孕素片2mg-唯散宁-WE127F-Side-15min-处理后原片-1vs01-pH4.5T-地诺孕素片2mg-唯散宁-WE127F-Side-15min-处理后原片-3-2.docx,.docx,ok,,32657,地若孕素,地若孕素,pH4.5,pH4.5,side,slot_2,,variant_fallback,slot_2,01-pH4.5T-地诺孕素片2mg-唯散宁-WE127F-Side-15min-处理后原片-1vs01-pH4.5T-地诺孕素片2mg-唯散宁-WE127F-Side-15min-处理后原片-3,唯散宁,唯散宁,WE127F,WE127F,WE127F vs WE127F,same_manufacturer,3,1,3,地若孕素 || pH4.5 || 唯散宁 vs 唯散宁 || WE127F vs WE127F,地若孕素 || pH4.5 || 唯散宁 vs 唯散宁 || WE127F vs WE127F || slot_2,地若孕素 || pH4.5 || 唯散宁 vs 唯散宁 || WE127F vs WE127F || 3,1,consistent,same,,地诺孕素片2mg,唯散宁,WE127F,地诺孕素片2mg,唯散宁,WE127F,唯散宁 vs 唯散宁,same,same,54439,7624,1,6,5,83.33,1,1,1,8,8,100.0,51,0,0,100.0,1,0,0,6,generic,1,29.0,0,1,1,7,2,7,1,89.58,100.0,84.45
地若孕素/pH4.5/side/01-pH4.5T-地诺孕素片2mg-唯散宁-WE127F-Side-15min-处理后原片-1vs01-pH4.5T-地诺孕素片2mg-唯散宁-WE127F-Side-15min-处理后原片-3-3.docx,01-pH4.5T-地诺孕素片2mg-唯散宁-WE127F-Side-15min-处理后原片-1vs01-pH4.5T-地诺孕素片2mg-唯散宁-WE127F-Side-15min-处理后原片-3-3.docx,.docx,ok,,33325,地若孕素,地若孕素,pH4.5,pH4.5,side,slot_3,,variant_fallback,slot_3,01-pH4.5T-地诺孕素片2mg-唯散宁-WE127F-Side-15min-处理后原片-1vs01-pH4.5T-地诺孕素片2mg-唯散宁-WE127F-Side-15min-处理后原片-3,唯散宁,唯散宁,WE127F,WE127F,WE127F vs WE127F,same_manufacturer,3,1,3,地若孕素 || pH4.5 || 唯散宁 vs 唯散宁 || WE127F vs WE127F,地若孕素 || pH4.5 || 唯散宁 vs 唯散宁 || WE127F vs WE127F || slot_3,地若孕素 || pH4.5 || 唯散宁 vs 唯散宁 || WE127F vs WE127F || 3,1,inconsistent,same,potential_false_negative,地诺孕素片2mg,唯散宁,WE127F,地诺孕素片2mg,唯散宁,WE127F,唯散宁 vs 唯散宁,different,different,57527,8084,1,6,5,83.33,1,1,1,8,8,100.0,53.33,0,0,100.0,1,0,0,6,generic,1,29.0,0,1,1,6,3,7,1,92.5,100.0,84.89
地若孕素/pH4.5/side/01-pH4.5T-地诺孕素片2mg-唯散宁-WE127F-Side-15min-处理后原片-1vs02-pH4.5T-地诺孕素片2mg-紫竹-43250634-Side-15min-处理后原片-1-1.docx,01-pH4.5T-地诺孕素片2mg-唯散宁-WE127F-Side-15min-处理后原片-1vs02-pH4.5T-地诺孕素片2mg-紫竹-43250634-Side-15min-处理后原片-1-1.docx,.docx,ok,,34075,地若孕素,地若孕素,pH4.5,pH4.5,side,slot_1,,variant_fallback,slot_1,01-pH4.5T-地诺孕素片2mg-唯散宁-WE127F-Side-15min-处理后原片-1vs02-pH4.5T-地诺孕素片2mg-紫竹-43250634-Side-15min-处理后原片-1,唯散宁,紫竹,WE127F,43250634,WE127F vs 43250634,cross_manufacturer,1,1,1,地若孕素 || pH4.5 || 唯散宁 vs 紫竹 || WE127F vs 43250634,地若孕素 || pH4.5 || 唯散宁 vs 紫竹 || WE127F vs 43250634 || slot_1,地若孕素 || pH4.5 || 唯散宁 vs 紫竹 || WE127F vs 43250634 || 1,1,consistent,same,,地诺孕素片2mg,唯散宁,WE127F,地诺孕素片2mg,紫竹,43250634,唯散宁 vs 紫竹,same,same,59883,8431,1,6,5,83.33,1,1,1,8,8,100.0,56.7,2,0,98.91,1,0,0,6,generic,1,29.0,0,1,1,6,0,7,0,72.5,100.0,81.73
地若孕素/pH4.5/side/01-pH4.5T-地诺孕素片2mg-唯散宁-WE127F-Side-15min-处理后原片-1vs02-pH4.5T-地诺孕素片2mg-紫竹-43250634-Side-15min-处理后原片-1-2.docx,01-pH4.5T-地诺孕素片2mg-唯散宁-WE127F-Side-15min-处理后原片-1vs02-pH4.5T-地诺孕素片2mg-紫竹-43250634-Side-15min-处理后原片-1-2.docx,.docx,ok,,34457,地若孕素,地若孕素,pH4.5,pH4.5,side,slot_2,,variant_fallback,slot_2,01-pH4.5T-地诺孕素片2mg-唯散宁-WE127F-Side-15min-处理后原片-1vs02-pH4.5T-地诺孕素片2mg-紫竹-43250634-Side-15min-处理后原片-1,唯散宁,紫竹,WE127F,43250634,WE127F vs 43250634,cross_manufacturer,1,1,1,地若孕素 || pH4.5 || 唯散宁 vs 紫竹 || WE127F vs 43250634,地若孕素 || pH4.5 || 唯散宁 vs 紫竹 || WE127F vs 43250634 || slot_2,地若孕素 || pH4.5 || 唯散宁 vs 紫竹 || WE127F vs 43250634 || 1,1,consistent,same,,地诺孕素片2mg,唯散宁,WE127F,地诺孕素片2mg,紫竹,43250634,唯散宁 vs 紫竹,same,same,58725,8254,1,6,5,83.33,1,1,1,8,8,100.0,52.72,0,0,100.0,1,0,0,10,structured,0,40.0,0,1,1,7,3,7,1,96.25,100.0,87.1
地若孕素/pH4.5/side/01-pH4.5T-地诺孕素片2mg-唯散宁-WE127F-Side-15min-处理后原片-1vs02-pH4.5T-地诺孕素片2mg-紫竹-43250634-Side-15min-处理后原片-1-3.docx,01-pH4.5T-地诺孕素片2mg-唯散宁-WE127F-Side-15min-处理后原片-1vs02-pH4.5T-地诺孕素片2mg-紫竹-43250634-Side-15min-处理后原片-1-3.docx,.docx,ok,,32931,地若孕素,地若孕素,pH4.5,pH4.5,side,slot_3,,variant_fallback,slot_3,01-pH4.5T-地诺孕素片2mg-唯散宁-WE127F-Side-15min-处理后原片-1vs02-pH4.5T-地诺孕素片2mg-紫竹-43250634-Side-15min-处理后原片-1,唯散宁,紫竹,WE127F,43250634,WE127F vs 43250634,cross_manufacturer,1,1,1,地若孕素 || pH4.5 || 唯散宁 vs 紫竹 || WE127F vs 43250634,地若孕素 || pH4.5 || 唯散宁 vs 紫竹 || WE127F vs 43250634 || slot_3,地若孕素 || pH4.5 || 唯散宁 vs 紫竹 || WE127F vs 43250634 || 1,1,consistent,same,,地诺孕素片2mg,唯散宁,WE127F,地诺孕素片2mg,紫竹,43250634,唯散宁 vs 紫竹,same,same,56644,7895,1,6,5,83.33,1,1,1,8,8,100.0,52.55,1,0,99.45,1,0,0,6,generic,1,29.0,0,1,1,6,4,7,1,92.5,100.0,84.81
地若孕素/pH4.5/side/01-pH4.5T-地诺孕素片2mg-唯散宁-WE127F-Side-15min-处理后原片-1vs02-pH4.5T-地诺孕素片2mg-紫竹-43250634-Side-15min-处理后原片-2-1.docx,01-pH4.5T-地诺孕素片2mg-唯散宁-WE127F-Side-15min-处理后原片-1vs02-pH4.5T-地诺孕素片2mg-紫竹-43250634-Side-15min-处理后原片-2-1.docx,.docx,ok,,33797,地若孕素,地若孕素,pH4.5,pH4.5,side,slot_1,,variant_fallback,slot_1,01-pH4.5T-地诺孕素片2mg-唯散宁-WE127F-Side-15min-处理后原片-1vs02-pH4.5T-地诺孕素片2mg-紫竹-43250634-Side-15min-处理后原片-2,唯散宁,紫竹,WE127F,43250634,WE127F vs 43250634,cross_manufacturer,2,1,2,地若孕素 || pH4.5 || 唯散宁 vs 紫竹 || WE127F vs 43250634,地若孕素 || pH4.5 || 唯散宁 vs 紫竹 || WE127F vs 43250634 || slot_1,地若孕素 || pH4.5 || 唯散宁 vs 紫竹 || WE127F vs 43250634 || 2,1,consistent,same,,地诺孕素片2mg,唯散宁,WE127F,地诺孕素片2mg,紫竹,43250634,唯散宁 vs 紫竹,same,same,56043,7835,1,6,5,83.33,1,1,1,8,8,100.0,50.39,1,0,99.45,1,0,0,5,generic,1,29.0,0,1,1,8,1,7,1,86.67,100.0,83.93
地若孕素/pH4.5/side/01-pH4.5T-地诺孕素片2mg-唯散宁-WE127F-Side-15min-处理后原片-1vs02-pH4.5T-地诺孕素片2mg-紫竹-43250634-Side-15min-处理后原片-2-2.docx,01-pH4.5T-地诺孕素片2mg-唯散宁-WE127F-Side-15min-处理后原片-1vs02-pH4.5T-地诺孕素片2mg-紫竹-43250634-Side-15min-处理后原片-2-2.docx,.docx,ok,,32886,地若孕素,地若孕素,pH4.5,pH4.5,side,slot_2,,variant_fallback,slot_2,01-pH4.5T-地诺孕素片2mg-唯散宁-WE127F-Side-15min-处理后原片-1vs02-pH4.5T-地诺孕素片2mg-紫竹-43250634-Side-15min-处理后原片-2,唯散宁,紫竹,WE127F,43250634,WE127F vs 43250634,cross_manufacturer,2,1,2,地若孕素 || pH4.5 || 唯散宁 vs 紫竹 || WE127F vs 43250634,地若孕素 || pH4.5 || 唯散宁 vs 紫竹 || WE127F vs 43250634 || slot_2,地若孕素 || pH4.5 || 唯散宁 vs 紫竹 || WE127F vs 43250634 || 2,1,consistent,same,,地诺孕素片2mg,唯散宁,WE127F,地诺孕素片2mg,紫竹,43250634,唯散宁 vs 紫竹,same,same,56263,7880,1,6,5,83.33,1,1,1,8,8,100.0,50.91,0,0,100.0,1,0,0,12,structured,0,40.0,0,1,1,7,3,7,1,96.25,100.0,87.1
地若孕素/pH4.5/side/01-pH4.5T-地诺孕素片2mg-唯散宁-WE127F-Side-15min-处理后原片-1vs02-pH4.5T-地诺孕素片2mg-紫竹-43250634-Side-15min-处理后原片-2-3.docx,01-pH4.5T-地诺孕素片2mg-唯散宁-WE127F-Side-15min-处理后原片-1vs02-pH4.5T-地诺孕素片2mg-紫竹-43250634-Side-15min-处理后原片-2-3.docx,.docx,ok,,33491,地若孕素,地若孕素,pH4.5,pH4.5,side,slot_3,,variant_fallback,slot_3,01-pH4.5T-地诺孕素片2mg-唯散宁-WE127F-Side-15min-处理后原片-1vs02-pH4.5T-地诺孕素片2mg-紫竹-43250634-Side-15min-处理后原片-2,唯散宁,紫竹,WE127F,43250634,WE127F vs 43250634,cross_manufacturer,2,1,2,地若孕素 || pH4.5 || 唯散宁 vs 紫竹 || WE127F vs 43250634,地若孕素 || pH4.5 || 唯散宁 vs 紫竹 || WE127F vs 43250634 || slot_3,地若孕素 || pH4.5 || 唯散宁 vs 紫竹 || WE127F vs 43250634 || 2,1,consistent,same,,地诺孕素片2mg,唯散宁,WE127F,地诺孕素片2mg,紫竹,43250634,唯散宁 vs 紫竹,same,same,56797,7991,1,6,5,83.33,1,1,1,8,8,100.0,53.77,0,0,100.0,1,0,0,6,generic,1,29.0,0,1,1,6,2,7,1,85.83,100.0,83.89
地若孕素/pH4.5/side/01-pH4.5T-地诺孕素片2mg-唯散宁-WE127F-Side-15min-处理后原片-1vs02-pH4.5T-地诺孕素片2mg-紫竹-43250634-Side-15min-处理后原片-3-1.docx,01-pH4.5T-地诺孕素片2mg-唯散宁-WE127F-Side-15min-处理后原片-1vs02-pH4.5T-地诺孕素片2mg-紫竹-43250634-Side-15min-处理后原片-3-1.docx,.docx,ok,,32888,地若孕素,地若孕素,pH4.5,pH4.5,side,slot_1,,variant_fallback,slot_1,01-pH4.5T-地诺孕素片2mg-唯散宁-WE127F-Side-15min-处理后原片-1vs02-pH4.5T-地诺孕素片2mg-紫竹-43250634-Side-15min-处理后原片-3,唯散宁,紫竹,WE127F,43250634,WE127F vs 43250634,cross_manufacturer,3,1,3,地若孕素 || pH4.5 || 唯散宁 vs 紫竹 || WE127F vs 43250634,地若孕素 || pH4.5 || 唯散宁 vs 紫竹 || WE127F vs 43250634 || slot_1,地若孕素 || pH4.5 || 唯散宁 vs 紫竹 || WE127F vs 43250634 || 3,1,consistent,same,,地诺孕素片2mg,唯散宁,WE127F,地诺孕素片2mg,紫竹,43250634,唯散宁 vs 紫竹,same,same,55735,7803,1,6,5,83.33,1,1,1,8,8,100.0,51.62,0,0,100.0,1,0,0,6,structured,0,40.0,0,1,1,7,2,7,1,89.58,100.0,86.1
地若孕素/pH4.5/side/01-pH4.5T-地诺孕素片2mg-唯散宁-WE127F-Side-15min-处理后原片-1vs02-pH4.5T-地诺孕素片2mg-紫竹-43250634-Side-15min-处理后原片-3-2.docx,01-pH4.5T-地诺孕素片2mg-唯散宁-WE127F-Side-15min-处理后原片-1vs02-pH4.5T-地诺孕素片2mg-紫竹-43250634-Side-15min-处理后原片-3-2.docx,.docx,ok,,33292,地若孕素,地若孕素,pH4.5,pH4.5,side,slot_2,,variant_fallback,slot_2,01-pH4.5T-地诺孕素片2mg-唯散宁-WE127F-Side-15min-处理后原片-1vs02-pH4.5T-地诺孕素片2mg-紫竹-43250634-Side-15min-处理后原片-3,唯散宁,紫竹,WE127F,43250634,WE127F vs 43250634,cross_manufacturer,3,1,3,地若孕素 || pH4.5 || 唯散宁 vs 紫竹 || WE127F vs 43250634,地若孕素 || pH4.5 || 唯散宁 vs 紫竹 || WE127F vs 43250634 || slot_2,地若孕素 || pH4.5 || 唯散宁 vs 紫竹 || WE127F vs 43250634 || 3,1,consistent,same,,地诺孕素片2mg,唯散宁,WE127F,地诺孕素片2mg,紫竹,43250634,唯散宁 vs 紫竹,same,same,56903,7982,1,6,5,83.33,1,1,1,8,8,100.0,54.16,0,0,100.0,1,0,0,6,generic,1,29.0,0,1,1,6,1,7,1,79.17,100.0,82.89
地若孕素/pH4.5/side/01-pH4.5T-地诺孕素片2mg-唯散宁-WE127F-Side-15min-处理后原片-1vs02-pH4.5T-地诺孕素片2mg-紫竹-43250634-Side-15min-处理后原片-3-3.docx,01-pH4.5T-地诺孕素片2mg-唯散宁-WE127F-Side-15min-处理后原片-1vs02-pH4.5T-地诺孕素片2mg-紫竹-43250634-Side-15min-处理后原片-3-3.docx,.docx,ok,,34211,地若孕素,地若孕素,pH4.5,pH4.5,side,slot_3,,variant_fallback,slot_3,01-pH4.5T-地诺孕素片2mg-唯散宁-WE127F-Side-15min-处理后原片-1vs02-pH4.5T-地诺孕素片2mg-紫竹-43250634-Side-15min-处理后原片-3,唯散宁,紫竹,WE127F,43250634,WE127F vs 43250634,cross_manufacturer,3,1,3,地若孕素 || pH4.5 || 唯散宁 vs 紫竹 || WE127F vs 43250634,地若孕素 || pH4.5 || 唯散宁 vs 紫竹 || WE127F vs 43250634 || slot_3,地若孕素 || pH4.5 || 唯散宁 vs 紫竹 || WE127F vs 43250634 || 3,1,consistent,same,,地诺孕素片2mg,唯散宁,WE127F,地诺孕素片2mg,紫竹,43250634,唯散宁 vs 紫竹,same,same,57081,7977,1,6,5,83.33,1,1,1,8,8,100.0,51.12,1,0,99.45,1,0,0,7,generic,1,29.0,0,1,1,6,2,7,1,85.83,100.0,83.81
地若孕素/pH4.5/side/01-pH4.5T-地诺孕素片2mg-唯散宁-WE127F-Side-15min-处理后原片-1vs03-pH4.5T-地诺孕素片2mg-博律-DH2505-Side-15min-处理后原片-1-1.docx,01-pH4.5T-地诺孕素片2mg-唯散宁-WE127F-Side-15min-处理后原片-1vs03-pH4.5T-地诺孕素片2mg-博律-DH2505-Side-15min-处理后原片-1-1.docx,.docx,ok,,33515,地若孕素,地若孕素,pH4.5,pH4.5,side,slot_1,,variant_fallback,slot_1,01-pH4.5T-地诺孕素片2mg-唯散宁-WE127F-Side-15min-处理后原片-1vs03-pH4.5T-地诺孕素片2mg-博律-DH2505-Side-15min-处理后原片-1,唯散宁,博律,WE127F,DH2505,WE127F vs DH2505,cross_manufacturer,1,1,1,地若孕素 || pH4.5 || 唯散宁 vs 博律 || WE127F vs DH2505,地若孕素 || pH4.5 || 唯散宁 vs 博律 || WE127F vs DH2505 || slot_1,地若孕素 || pH4.5 || 唯散宁 vs 博律 || WE127F vs DH2505 || 1,1,consistent,same,,地诺孕素片2mg,唯散宁,WE127F,地诺孕素片2mg,博律,DH2505,唯散宁 vs 博律,same,same,55957,7848,1,6,5,83.33,1,1,1,8,8,100.0,49.58,0,0,100.0,1,0,0,10,structured,0,40.0,0,1,1,6,1,7,1,79.17,100.0,84.54
地若孕素/pH4.5/side/01-pH4.5T-地诺孕素片2mg-唯散宁-WE127F-Side-15min-处理后原片-1vs03-pH4.5T-地诺孕素片2mg-博律-DH2505-Side-15min-处理后原片-1-2.docx,01-pH4.5T-地诺孕素片2mg-唯散宁-WE127F-Side-15min-处理后原片-1vs03-pH4.5T-地诺孕素片2mg-博律-DH2505-Side-15min-处理后原片-1-2.docx,.docx,ok,,32761,地若孕素,地若孕素,pH4.5,pH4.5,side,slot_2,,variant_fallback,slot_2,01-pH4.5T-地诺孕素片2mg-唯散宁-WE127F-Side-15min-处理后原片-1vs03-pH4.5T-地诺孕素片2mg-博律-DH2505-Side-15min-处理后原片-1,唯散宁,博律,WE127F,DH2505,WE127F vs DH2505,cross_manufacturer,1,1,1,地若孕素 || pH4.5 || 唯散宁 vs 博律 || WE127F vs DH2505,地若孕素 || pH4.5 || 唯散宁 vs 博律 || WE127F vs DH2505 || slot_2,地若孕素 || pH4.5 || 唯散宁 vs 博律 || WE127F vs DH2505 || 1,1,consistent,same,,地诺孕素片2mg,唯散宁,WE127F,地诺孕素片2mg,博律,DH2505,唯散宁 vs 博律,same,same,54801,7637,1,6,5,83.33,1,1,1,8,8,100.0,49.67,0,0,100.0,1,0,0,11,structured,0,40.0,0,1,1,7,2,7,1,89.58,100.0,86.1
地若孕素/pH4.5/side/01-pH4.5T-地诺孕素片2mg-唯散宁-WE127F-Side-15min-处理后原片-1vs03-pH4.5T-地诺孕素片2mg-博律-DH2505-Side-15min-处理后原片-1-3.docx,01-pH4.5T-地诺孕素片2mg-唯散宁-WE127F-Side-15min-处理后原片-1vs03-pH4.5T-地诺孕素片2mg-博律-DH2505-Side-15min-处理后原片-1-3.docx,.docx,ok,,32532,地若孕素,地若孕素,pH4.5,pH4.5,side,slot_3,,variant_fallback,slot_3,01-pH4.5T-地诺孕素片2mg-唯散宁-WE127F-Side-15min-处理后原片-1vs03-pH4.5T-地诺孕素片2mg-博律-DH2505-Side-15min-处理后原片-1,唯散宁,博律,WE127F,DH2505,WE127F vs DH2505,cross_manufacturer,1,1,1,地若孕素 || pH4.5 || 唯散宁 vs 博律 || WE127F vs DH2505,地若孕素 || pH4.5 || 唯散宁 vs 博律 || WE127F vs DH2505 || slot_3,地若孕素 || pH4.5 || 唯散宁 vs 博律 || WE127F vs DH2505 || 1,1,consistent,same,,地诺孕素片2mg,唯散宁,WE127F,地诺孕素片2mg,博律,DH2505,唯散宁 vs 博律,same,same,55100,7729,1,6,5,83.33,1,1,1,8,8,100.0,52.02,0,0,100.0,1,0,0,6,generic,1,29.0,0,1,1,7,2,7,1,89.58,100.0,84.45
地若孕素/pH4.5/side/01-pH4.5T-地诺孕素片2mg-唯散宁-WE127F-Side-15min-处理后原片-1vs03-pH4.5T-地诺孕素片2mg-博律-DH2505-Side-15min-处理后原片-2-1.docx,01-pH4.5T-地诺孕素片2mg-唯散宁-WE127F-Side-15min-处理后原片-1vs03-pH4.5T-地诺孕素片2mg-博律-DH2505-Side-15min-处理后原片-2-1.docx,.docx,ok,,32426,地若孕素,地若孕素,pH4.5,pH4.5,side,slot_1,,variant_fallback,slot_1,01-pH4.5T-地诺孕素片2mg-唯散宁-WE127F-Side-15min-处理后原片-1vs03-pH4.5T-地诺孕素片2mg-博律-DH2505-Side-15min-处理后原片-2,唯散宁,博律,WE127F,DH2505,WE127F vs DH2505,cross_manufacturer,2,1,2,地若孕素 || pH4.5 || 唯散宁 vs 博律 || WE127F vs DH2505,地若孕素 || pH4.5 || 唯散宁 vs 博律 || WE127F vs DH2505 || slot_1,地若孕素 || pH4.5 || 唯散宁 vs 博律 || WE127F vs DH2505 || 2,1,consistent,same,,地诺孕素片2mg,唯散宁,WE127F,地诺孕素片2mg,博律,DH2505,唯散宁 vs 博律,same,same,54635,7641,1,6,5,83.33,1,1,1,8,8,100.0,50.62,0,0,100.0,1,0,0,6,generic,1,29.0,0,1,1,7,2,7,1,89.58,100.0,84.45
地若孕素/pH4.5/side/01-pH4.5T-地诺孕素片2mg-唯散宁-WE127F-Side-15min-处理后原片-1vs03-pH4.5T-地诺孕素片2mg-博律-DH2505-Side-15min-处理后原片-2-2.docx,01-pH4.5T-地诺孕素片2mg-唯散宁-WE127F-Side-15min-处理后原片-1vs03-pH4.5T-地诺孕素片2mg-博律-DH2505-Side-15min-处理后原片-2-2.docx,.docx,ok,,32983,地若孕素,地若孕素,pH4.5,pH4.5,side,slot_2,,variant_fallback,slot_2,01-pH4.5T-地诺孕素片2mg-唯散宁-WE127F-Side-15min-处理后原片-1vs03-pH4.5T-地诺孕素片2mg-博律-DH2505-Side-15min-处理后原片-2,唯散宁,博律,WE127F,DH2505,WE127F vs DH2505,cross_manufacturer,2,1,2,地若孕素 || pH4.5 || 唯散宁 vs 博律 || WE127F vs DH2505,地若孕素 || pH4.5 || 唯散宁 vs 博律 || WE127F vs DH2505 || slot_2,地若孕素 || pH4.5 || 唯散宁 vs 博律 || WE127F vs DH2505 || 2,1,consistent,same,,地诺孕素片2mg,唯散宁,WE127F,地诺孕素片2mg,博律,DH2505,唯散宁 vs 博律,same,same,56354,7839,1,6,5,83.33,1,1,1,7,8,100.0,52.5,1,0,99.38,1,0,0,6,generic,1,29.0,0,1,1,6,2,7,1,85.83,100.0,83.8
地若孕素/pH4.5/side/01-pH4.5T-地诺孕素片2mg-唯散宁-WE127F-Side-15min-处理后原片-1vs03-pH4.5T-地诺孕素片2mg-博律-DH2505-Side-15min-处理后原片-2-3.docx,01-pH4.5T-地诺孕素片2mg-唯散宁-WE127F-Side-15min-处理后原片-1vs03-pH4.5T-地诺孕素片2mg-博律-DH2505-Side-15min-处理后原片-2-3.docx,.docx,ok,,34172,地若孕素,地若孕素,pH4.5,pH4.5,side,slot_3,,variant_fallback,slot_3,01-pH4.5T-地诺孕素片2mg-唯散宁-WE127F-Side-15min-处理后原片-1vs03-pH4.5T-地诺孕素片2mg-博律-DH2505-Side-15min-处理后原片-2,唯散宁,博律,WE127F,DH2505,WE127F vs DH2505,cross_manufacturer,2,1,2,地若孕素 || pH4.5 || 唯散宁 vs 博律 || WE127F vs DH2505,地若孕素 || pH4.5 || 唯散宁 vs 博律 || WE127F vs DH2505 || slot_3,地若孕素 || pH4.5 || 唯散宁 vs 博律 || WE127F vs DH2505 || 2,1,consistent,same,,地诺孕素片2mg,唯散宁,WE127F,地诺孕素片2mg,博律,DH2505,唯散宁 vs 博律,same,same,56028,7871,1,6,5,83.33,1,1,1,8,8,100.0,49.62,0,0,100.0,1,0,0,7,generic,1,29.0,0,1,1,7,1,7,1,82.92,100.0,83.45
地若孕素/pH4.5/side/01-pH4.5T-地诺孕素片2mg-唯散宁-WE127F-Side-15min-处理后原片-1vs03-pH4.5T-地诺孕素片2mg-博律-DH2505-Side-15min-处理后原片-3-1.docx,01-pH4.5T-地诺孕素片2mg-唯散宁-WE127F-Side-15min-处理后原片-1vs03-pH4.5T-地诺孕素片2mg-博律-DH2505-Side-15min-处理后原片-3-1.docx,.docx,ok,,33762,地若孕素,地若孕素,pH4.5,pH4.5,side,slot_1,,variant_fallback,slot_1,01-pH4.5T-地诺孕素片2mg-唯散宁-WE127F-Side-15min-处理后原片-1vs03-pH4.5T-地诺孕素片2mg-博律-DH2505-Side-15min-处理后原片-3,唯散宁,博律,WE127F,DH2505,WE127F vs DH2505,cross_manufacturer,3,1,3,地若孕素 || pH4.5 || 唯散宁 vs 博律 || WE127F vs DH2505,地若孕素 || pH4.5 || 唯散宁 vs 博律 || WE127F vs DH2505 || slot_1,地若孕素 || pH4.5 || 唯散宁 vs 博律 || WE127F vs DH2505 || 3,1,consistent,same,,地诺孕素片2mg,唯散宁,WE127F,地诺孕素片2mg,博律,DH2505,唯散宁 vs 博律,same,same,57957,8114,1,6,5,83.33,1,1,1,8,8,100.0,53.34,0,0,100.0,1,0,0,6,generic,1,29.0,0,1,1,6,2,7,1,85.83,100.0,83.89
地若孕素/pH4.5/side/01-pH4.5T-地诺孕素片2mg-唯散宁-WE127F-Side-15min-处理后原片-1vs03-pH4.5T-地诺孕素片2mg-博律-DH2505-Side-15min-处理后原片-3-2.docx,01-pH4.5T-地诺孕素片2mg-唯散宁-WE127F-Side-15min-处理后原片-1vs03-pH4.5T-地诺孕素片2mg-博律-DH2505-Side-15min-处理后原片-3-2.docx,.docx,ok,,38739,地若孕素,地若孕素,pH4.5,pH4.5,side,slot_2,,variant_fallback,slot_2,01-pH4.5T-地诺孕素片2mg-唯散宁-WE127F-Side-15min-处理后原片-1vs03-pH4.5T-地诺孕素片2mg-博律-DH2505-Side-15min-处理后原片-3,唯散宁,博律,WE127F,DH2505,WE127F vs DH2505,cross_manufacturer,3,1,3,地若孕素 || pH4.5 || 唯散宁 vs 博律 || WE127F vs DH2505,地若孕素 || pH4.5 || 唯散宁 vs 博律 || WE127F vs DH2505 || slot_2,地若孕素 || pH4.5 || 唯散宁 vs 博律 || WE127F vs DH2505 || 3,1,consistent,same,,地诺孕素片2mg,唯散宁,WE127F,地诺孕素片2mg,博律,DH2505,唯散宁 vs 博律,same,same,72084,10160,1,6,5,83.33,1,1,1,9,8,100.0,56.31,0,0,100.0,1,0,0,13,generic,1,29.0,0,1,1,7,0,7,0,76.25,100.0,82.45
地若孕素/pH4.5/side/01-pH4.5T-地诺孕素片2mg-唯散宁-WE127F-Side-15min-处理后原片-1vs03-pH4.5T-地诺孕素片2mg-博律-DH2505-Side-15min-处理后原片-3-3.docx,01-pH4.5T-地诺孕素片2mg-唯散宁-WE127F-Side-15min-处理后原片-1vs03-pH4.5T-地诺孕素片2mg-博律-DH2505-Side-15min-处理后原片-3-3.docx,.docx,ok,,33298,地若孕素,地若孕素,pH4.5,pH4.5,side,slot_3,,variant_fallback,slot_3,01-pH4.5T-地诺孕素片2mg-唯散宁-WE127F-Side-15min-处理后原片-1vs03-pH4.5T-地诺孕素片2mg-博律-DH2505-Side-15min-处理后原片-3,唯散宁,博律,WE127F,DH2505,WE127F vs DH2505,cross_manufacturer,3,1,3,地若孕素 || pH4.5 || 唯散宁 vs 博律 || WE127F vs DH2505,地若孕素 || pH4.5 || 唯散宁 vs 博律 || WE127F vs DH2505 || slot_3,地若孕素 || pH4.5 || 唯散宁 vs 博律 || WE127F vs DH2505 || 3,1,consistent,same,,地诺孕素片2mg,唯散宁,WE127F,地诺孕素片2mg,博律,DH2505,唯散宁 vs 博律,same,same,56433,7957,1,6,5,83.33,1,1,1,8,8,100.0,54.88,1,0,99.45,1,0,0,6,generic,1,29.0,0,1,1,6,2,7,1,85.83,100.0,83.81
地若孕素/pH4.5/side/01-pH4.5T-地诺孕素片2mg-唯散宁-WE127F-Side-15min-处理后原片-1vs04-pH4.5T-地诺孕素片2mg-蒂诺安-DEA241203-Side-15min-处理后原片-1-1.docx,01-pH4.5T-地诺孕素片2mg-唯散宁-WE127F-Side-15min-处理后原片-1vs04-pH4.5T-地诺孕素片2mg-蒂诺安-DEA241203-Side-15min-处理后原片-1-1.docx,.docx,ok,,32816,地若孕素,地若孕素,pH4.5,pH4.5,side,slot_1,,variant_fallback,slot_1,01-pH4.5T-地诺孕素片2mg-唯散宁-WE127F-Side-15min-处理后原片-1vs04-pH4.5T-地诺孕素片2mg-蒂诺安-DEA241203-Side-15min-处理后原片-1,唯散宁,蒂诺安,WE127F,DEA241203,WE127F vs DEA241203,cross_manufacturer,1,1,1,地若孕素 || pH4.5 || 唯散宁 vs 蒂诺安 || WE127F vs DEA241203,地若孕素 || pH4.5 || 唯散宁 vs 蒂诺安 || WE127F vs DEA241203 || slot_1,地若孕素 || pH4.5 || 唯散宁 vs 蒂诺安 || WE127F vs DEA241203 || 1,1,consistent,same,,地诺孕素片2mg,唯散宁,WE127F,地诺孕素片2mg,蒂诺安,DEA241203,唯散宁 vs 蒂诺安,same,same,53747,7612,1,6,5,83.33,1,1,1,8,8,100.0,50.16,0,0,100.0,1,0,0,7,generic,1,29.0,0,1,1,8,1,7,1,86.67,100.0,84.02
地若孕素/pH4.5/side/01-pH4.5T-地诺孕素片2mg-唯散宁-WE127F-Side-15min-处理后原片-1vs04-pH4.5T-地诺孕素片2mg-蒂诺安-DEA241203-Side-15min-处理后原片-1-2.docx,01-pH4.5T-地诺孕素片2mg-唯散宁-WE127F-Side-15min-处理后原片-1vs04-pH4.5T-地诺孕素片2mg-蒂诺安-DEA241203-Side-15min-处理后原片-1-2.docx,.docx,ok,,37407,地若孕素,地若孕素,pH4.5,pH4.5,side,slot_2,,variant_fallback,slot_2,01-pH4.5T-地诺孕素片2mg-唯散宁-WE127F-Side-15min-处理后原片-1vs04-pH4.5T-地诺孕素片2mg-蒂诺安-DEA241203-Side-15min-处理后原片-1,唯散宁,蒂诺安,WE127F,DEA241203,WE127F vs DEA241203,cross_manufacturer,1,1,1,地若孕素 || pH4.5 || 唯散宁 vs 蒂诺安 || WE127F vs DEA241203,地若孕素 || pH4.5 || 唯散宁 vs 蒂诺安 || WE127F vs DEA241203 || slot_2,地若孕素 || pH4.5 || 唯散宁 vs 蒂诺安 || WE127F vs DEA241203 || 1,1,consistent,same,,地诺孕素片2mg,唯散宁,WE127F,地诺孕素片2mg,蒂诺安,DEA241203,唯散宁 vs 蒂诺安,same,same,72213,10156,1,6,5,83.33,1,1,1,10,8,100.0,53.71,0,0,100.0,1,0,0,5,structured,0,40.0,0,1,1,6,3,8,1,92.5,100.0,86.54
地若孕素/pH4.5/side/01-pH4.5T-地诺孕素片2mg-唯散宁-WE127F-Side-15min-处理后原片-1vs04-pH4.5T-地诺孕素片2mg-蒂诺安-DEA241203-Side-15min-处理后原片-1-3.docx,01-pH4.5T-地诺孕素片2mg-唯散宁-WE127F-Side-15min-处理后原片-1vs04-pH4.5T-地诺孕素片2mg-蒂诺安-DEA241203-Side-15min-处理后原片-1-3.docx,.docx,ok,,37330,地若孕素,地若孕素,pH4.5,pH4.5,side,slot_3,,variant_fallback,slot_3,01-pH4.5T-地诺孕素片2mg-唯散宁-WE127F-Side-15min-处理后原片-1vs04-pH4.5T-地诺孕素片2mg-蒂诺安-DEA241203-Side-15min-处理后原片-1,唯散宁,蒂诺安,WE127F,DEA241203,WE127F vs DEA241203,cross_manufacturer,1,1,1,地若孕素 || pH4.5 || 唯散宁 vs 蒂诺安 || WE127F vs DEA241203,地若孕素 || pH4.5 || 唯散宁 vs 蒂诺安 || WE127F vs DEA241203 || slot_3,地若孕素 || pH4.5 || 唯散宁 vs 蒂诺安 || WE127F vs DEA241203 || 1,1,inconsistent,same,,地诺孕素片2mg,唯散宁,WE127F,地诺孕素片2mg,蒂诺安,DEA241203,唯散宁 vs 蒂诺安,same,same,67202,9413,1,6,5,83.33,1,1,1,8,8,100.0,52.02,1,0,99.45,1,0,0,10,generic,1,29.0,0,1,1,6,3,7,1,92.5,100.0,84.81
地若孕素/pH4.5/side/01-pH4.5T-地诺孕素片2mg-唯散宁-WE127F-Side-15min-处理后原片-1vs04-pH4.5T-地诺孕素片2mg-蒂诺安-DEA241203-Side-15min-处理后原片-2-1.docx,01-pH4.5T-地诺孕素片2mg-唯散宁-WE127F-Side-15min-处理后原片-1vs04-pH4.5T-地诺孕素片2mg-蒂诺安-DEA241203-Side-15min-处理后原片-2-1.docx,.docx,ok,,38140,地若孕素,地若孕素,pH4.5,pH4.5,side,slot_1,,variant_fallback,slot_1,01-pH4.5T-地诺孕素片2mg-唯散宁-WE127F-Side-15min-处理后原片-1vs04-pH4.5T-地诺孕素片2mg-蒂诺安-DEA241203-Side-15min-处理后原片-2,唯散宁,蒂诺安,WE127F,DEA241203,WE127F vs DEA241203,cross_manufacturer,2,1,2,地若孕素 || pH4.5 || 唯散宁 vs 蒂诺安 || WE127F vs DEA241203,地若孕素 || pH4.5 || 唯散宁 vs 蒂诺安 || WE127F vs DEA241203 || slot_1,地若孕素 || pH4.5 || 唯散宁 vs 蒂诺安 || WE127F vs DEA241203 || 2,1,consistent,same,,地诺孕素片2mg,唯散宁,WE127F,地诺孕素片2mg,蒂诺安,DEA241203,唯散宁 vs 蒂诺安,same,same,71897,10261,1,6,5,83.33,1,1,1,8,8,100.0,54.55,0,0,100.0,1,0,0,8,generic,1,29.0,0,1,1,7,2,7,1,89.58,100.0,84.45
地若孕素/pH4.5/side/01-pH4.5T-地诺孕素片2mg-唯散宁-WE127F-Side-15min-处理后原片-1vs04-pH4.5T-地诺孕素片2mg-蒂诺安-DEA241203-Side-15min-处理后原片-2-2.docx,01-pH4.5T-地诺孕素片2mg-唯散宁-WE127F-Side-15min-处理后原片-1vs04-pH4.5T-地诺孕素片2mg-蒂诺安-DEA241203-Side-15min-处理后原片-2-2.docx,.docx,ok,,35344,地若孕素,地若孕素,pH4.5,pH4.5,side,slot_2,,variant_fallback,slot_2,01-pH4.5T-地诺孕素片2mg-唯散宁-WE127F-Side-15min-处理后原片-1vs04-pH4.5T-地诺孕素片2mg-蒂诺安-DEA241203-Side-15min-处理后原片-2,唯散宁,蒂诺安,WE127F,DEA241203,WE127F vs DEA241203,cross_manufacturer,2,1,2,地若孕素 || pH4.5 || 唯散宁 vs 蒂诺安 || WE127F vs DEA241203,地若孕素 || pH4.5 || 唯散宁 vs 蒂诺安 || WE127F vs DEA241203 || slot_2,地若孕素 || pH4.5 || 唯散宁 vs 蒂诺安 || WE127F vs DEA241203 || 2,1,consistent,same,,地诺孕素片2mg,唯散宁,WE127F,地诺孕素片2mg,蒂诺安,DEA241203,唯散宁 vs 蒂诺安,same,same,63351,8879,1,6,5,83.33,1,1,1,10,8,100.0,53.75,0,0,100.0,1,0,0,6,generic,1,29.0,0,1,1,6,2,7,1,85.83,100.0,83.89
地若孕素/pH4.5/side/01-pH4.5T-地诺孕素片2mg-唯散宁-WE127F-Side-15min-处理后原片-1vs04-pH4.5T-地诺孕素片2mg-蒂诺安-DEA241203-Side-15min-处理后原片-2-3.docx,01-pH4.5T-地诺孕素片2mg-唯散宁-WE127F-Side-15min-处理后原片-1vs04-pH4.5T-地诺孕素片2mg-蒂诺安-DEA241203-Side-15min-处理后原片-2-3.docx,.docx,ok,,34737,地若孕素,地若孕素,pH4.5,pH4.5,side,slot_3,,variant_fallback,slot_3,01-pH4.5T-地诺孕素片2mg-唯散宁-WE127F-Side-15min-处理后原片-1vs04-pH4.5T-地诺孕素片2mg-蒂诺安-DEA241203-Side-15min-处理后原片-2,唯散宁,蒂诺安,WE127F,DEA241203,WE127F vs DEA241203,cross_manufacturer,2,1,2,地若孕素 || pH4.5 || 唯散宁 vs 蒂诺安 || WE127F vs DEA241203,地若孕素 || pH4.5 || 唯散宁 vs 蒂诺安 || WE127F vs DEA241203 || slot_3,地若孕素 || pH4.5 || 唯散宁 vs 蒂诺安 || WE127F vs DEA241203 || 2,1,inconsistent,same,,地诺孕素片2mg,唯散宁,WE127F,地诺孕素片2mg,蒂诺安,DEA241203,唯散宁 vs 蒂诺安,same,same,59607,8391,1,6,5,83.33,1,1,1,8,8,100.0,58.38,1,0,99.45,1,0,0,6,generic,1,29.0,0,1,1,7,2,8,1,89.58,100.0,84.37
地若孕素/pH4.5/side/01-pH4.5T-地诺孕素片2mg-唯散宁-WE127F-Side-15min-处理后原片-1vs04-pH4.5T-地诺孕素片2mg-蒂诺安-DEA241203-Side-15min-处理后原片-3-1.docx,01-pH4.5T-地诺孕素片2mg-唯散宁-WE127F-Side-15min-处理后原片-1vs04-pH4.5T-地诺孕素片2mg-蒂诺安-DEA241203-Side-15min-处理后原片-3-1.docx,.docx,ok,,35655,地若孕素,地若孕素,pH4.5,pH4.5,side,slot_1,,variant_fallback,slot_1,01-pH4.5T-地诺孕素片2mg-唯散宁-WE127F-Side-15min-处理后原片-1vs04-pH4.5T-地诺孕素片2mg-蒂诺安-DEA241203-Side-15min-处理后原片-3,唯散宁,蒂诺安,WE127F,DEA241203,WE127F vs DEA241203,cross_manufacturer,3,1,3,地若孕素 || pH4.5 || 唯散宁 vs 蒂诺安 || WE127F vs DEA241203,地若孕素 || pH4.5 || 唯散宁 vs 蒂诺安 || WE127F vs DEA241203 || slot_1,地若孕素 || pH4.5 || 唯散宁 vs 蒂诺安 || WE127F vs DEA241203 || 3,1,consistent,same,,地诺孕素片2mg,唯散宁,WE127F,地诺孕素片2mg,蒂诺安,DEA241203,唯散宁 vs 蒂诺安,same,same,63897,9016,1,6,5,83.33,1,1,1,10,8,100.0,51.34,0,0,100.0,1,0,0,8,generic,1,29.0,0,1,1,6,2,7,1,85.83,100.0,83.89
地若孕素/pH4.5/side/01-pH4.5T-地诺孕素片2mg-唯散宁-WE127F-Side-15min-处理后原片-1vs04-pH4.5T-地诺孕素片2mg-蒂诺安-DEA241203-Side-15min-处理后原片-3-2.docx,01-pH4.5T-地诺孕素片2mg-唯散宁-WE127F-Side-15min-处理后原片-1vs04-pH4.5T-地诺孕素片2mg-蒂诺安-DEA241203-Side-15min-处理后原片-3-2.docx,.docx,ok,,34881,地若孕素,地若孕素,pH4.5,pH4.5,side,slot_2,,variant_fallback,slot_2,01-pH4.5T-地诺孕素片2mg-唯散宁-WE127F-Side-15min-处理后原片-1vs04-pH4.5T-地诺孕素片2mg-蒂诺安-DEA241203-Side-15min-处理后原片-3,唯散宁,蒂诺安,WE127F,DEA241203,WE127F vs DEA241203,cross_manufacturer,3,1,3,地若孕素 || pH4.5 || 唯散宁 vs 蒂诺安 || WE127F vs DEA241203,地若孕素 || pH4.5 || 唯散宁 vs 蒂诺安 || WE127F vs DEA241203 || slot_2,地若孕素 || pH4.5 || 唯散宁 vs 蒂诺安 || WE127F vs DEA241203 || 3,1,consistent,same,,地诺孕素片2mg,唯散宁,WE127F,地诺孕素片2mg,蒂诺安,DEA241203,唯散宁 vs 蒂诺安,same,same,63417,8904,1,6,5,83.33,1,1,1,9,8,100.0,54.81,0,0,100.0,1,0,0,7,generic,1,29.0,0,1,1,6,2,7,1,85.83,100.0,83.89
地若孕素/pH4.5/side/01-pH4.5T-地诺孕素片2mg-唯散宁-WE127F-Side-15min-处理后原片-1vs04-pH4.5T-地诺孕素片2mg-蒂诺安-DEA241203-Side-15min-处理后原片-3-3.docx,01-pH4.5T-地诺孕素片2mg-唯散宁-WE127F-Side-15min-处理后原片-1vs04-pH4.5T-地诺孕素片2mg-蒂诺安-DEA241203-Side-15min-处理后原片-3-3.docx,.docx,ok,,33843,地若孕素,地若孕素,pH4.5,pH4.5,side,slot_3,,variant_fallback,slot_3,01-pH4.5T-地诺孕素片2mg-唯散宁-WE127F-Side-15min-处理后原片-1vs04-pH4.5T-地诺孕素片2mg-蒂诺安-DEA241203-Side-15min-处理后原片-3,唯散宁,蒂诺安,WE127F,DEA241203,WE127F vs DEA241203,cross_manufacturer,3,1,3,地若孕素 || pH4.5 || 唯散宁 vs 蒂诺安 || WE127F vs DEA241203,地若孕素 || pH4.5 || 唯散宁 vs 蒂诺安 || WE127F vs DEA241203 || slot_3,地若孕素 || pH4.5 || 唯散宁 vs 蒂诺安 || WE127F vs DEA241203 || 3,1,inconsistent,same,potential_false_negative,地诺孕素片2mg,唯散宁,WE127F,地诺孕素片2mg,蒂诺安,DEA241203,唯散宁 vs 蒂诺安,different,different,58866,8328,1,6,5,83.33,1,1,1,9,8,100.0,52.17,0,0,100.0,1,0,0,6,generic,1,29.0,0,1,1,7,1,7,1,82.92,100.0,83.45
地若孕素/pH4.5/side/01-pH4.5T-地诺孕素片2mg-唯散宁-WE127F-Side-15min-处理后原片-1vs05-pH4.5T-地诺孕素片2mg-小仙片-101250301-Side-15min-处理后原片-1-1.docx,01-pH4.5T-地诺孕素片2mg-唯散宁-WE127F-Side-15min-处理后原片-1vs05-pH4.5T-地诺孕素片2mg-小仙片-101250301-Side-15min-处理后原片-1-1.docx,.docx,ok,,33844,地若孕素,地若孕素,pH4.5,pH4.5,side,slot_1,,variant_fallback,slot_1,01-pH4.5T-地诺孕素片2mg-唯散宁-WE127F-Side-15min-处理后原片-1vs05-pH4.5T-地诺孕素片2mg-小仙片-101250301-Side-15min-处理后原片-1,唯散宁,小仙片,WE127F,101250301,WE127F vs 101250301,cross_manufacturer,1,1,1,地若孕素 || pH4.5 || 唯散宁 vs 小仙片 || WE127F vs 101250301,地若孕素 || pH4.5 || 唯散宁 vs 小仙片 || WE127F vs 101250301 || slot_1,地若孕素 || pH4.5 || 唯散宁 vs 小仙片 || WE127F vs 101250301 || 1,1,consistent,same,,地诺孕素片2mg,唯散宁,WE127F,地诺孕素片2mg,小仙片,101250301,唯散宁 vs 小仙片,same,same,54941,7718,1,6,5,83.33,1,1,1,8,8,100.0,54.02,1,0,99.45,1,0,0,7,generic,1,29.0,0,1,1,6,1,7,1,79.17,100.0,82.81
地若孕素/pH4.5/side/01-pH4.5T-地诺孕素片2mg-唯散宁-WE127F-Side-15min-处理后原片-1vs05-pH4.5T-地诺孕素片2mg-小仙片-101250301-Side-15min-处理后原片-1-2.docx,01-pH4.5T-地诺孕素片2mg-唯散宁-WE127F-Side-15min-处理后原片-1vs05-pH4.5T-地诺孕素片2mg-小仙片-101250301-Side-15min-处理后原片-1-2.docx,.docx,ok,,33102,地若孕素,地若孕素,pH4.5,pH4.5,side,slot_2,,variant_fallback,slot_2,01-pH4.5T-地诺孕素片2mg-唯散宁-WE127F-Side-15min-处理后原片-1vs05-pH4.5T-地诺孕素片2mg-小仙片-101250301-Side-15min-处理后原片-1,唯散宁,小仙片,WE127F,101250301,WE127F vs 101250301,cross_manufacturer,1,1,1,地若孕素 || pH4.5 || 唯散宁 vs 小仙片 || WE127F vs 101250301,地若孕素 || pH4.5 || 唯散宁 vs 小仙片 || WE127F vs 101250301 || slot_2,地若孕素 || pH4.5 || 唯散宁 vs 小仙片 || WE127F vs 101250301 || 1,1,consistent,same,,地诺孕素片2mg,唯散宁,WE127F,地诺孕素片2mg,小仙片,101250301,唯散宁 vs 小仙片,same,same,57101,7978,1,6,5,83.33,1,1,1,8,8,100.0,53.33,0,0,100.0,1,0,0,6,generic,1,29.0,0,1,1,7,3,7,1,96.25,100.0,85.45
地若孕素/pH4.5/side/01-pH4.5T-地诺孕素片2mg-唯散宁-WE127F-Side-15min-处理后原片-1vs05-pH4.5T-地诺孕素片2mg-小仙片-101250301-Side-15min-处理后原片-1-3.docx,01-pH4.5T-地诺孕素片2mg-唯散宁-WE127F-Side-15min-处理后原片-1vs05-pH4.5T-地诺孕素片2mg-小仙片-101250301-Side-15min-处理后原片-1-3.docx,.docx,ok,,32059,地若孕素,地若孕素,pH4.5,pH4.5,side,slot_3,,variant_fallback,slot_3,01-pH4.5T-地诺孕素片2mg-唯散宁-WE127F-Side-15min-处理后原片-1vs05-pH4.5T-地诺孕素片2mg-小仙片-101250301-Side-15min-处理后原片-1,唯散宁,小仙片,WE127F,101250301,WE127F vs 101250301,cross_manufacturer,1,1,1,地若孕素 || pH4.5 || 唯散宁 vs 小仙片 || WE127F vs 101250301,地若孕素 || pH4.5 || 唯散宁 vs 小仙片 || WE127F vs 101250301 || slot_3,地若孕素 || pH4.5 || 唯散宁 vs 小仙片 || WE127F vs 101250301 || 1,1,consistent,same,,地诺孕素片2mg,唯散宁,WE127F,地诺孕素片2mg,小仙片,101250301,唯散宁 vs 小仙片,same,same,53316,7541,1,6,5,83.33,1,1,1,8,8,100.0,49.44,1,0,99.45,1,0,0,6,generic,1,29.0,0,1,1,8,0,7,0,80.0,100.0,82.93
地若孕素/pH4.5/side/01-pH4.5T-地诺孕素片2mg-唯散宁-WE127F-Side-15min-处理后原片-1vs05-pH4.5T-地诺孕素片2mg-小仙片-101250301-Side-15min-处理后原片-2-1.docx,01-pH4.5T-地诺孕素片2mg-唯散宁-WE127F-Side-15min-处理后原片-1vs05-pH4.5T-地诺孕素片2mg-小仙片-101250301-Side-15min-处理后原片-2-1.docx,.docx,ok,,35256,地若孕素,地若孕素,pH4.5,pH4.5,side,slot_1,,variant_fallback,slot_1,01-pH4.5T-地诺孕素片2mg-唯散宁-WE127F-Side-15min-处理后原片-1vs05-pH4.5T-地诺孕素片2mg-小仙片-101250301-Side-15min-处理后原片-2,唯散宁,小仙片,WE127F,101250301,WE127F vs 101250301,cross_manufacturer,2,1,2,地若孕素 || pH4.5 || 唯散宁 vs 小仙片 || WE127F vs 101250301,地若孕素 || pH4.5 || 唯散宁 vs 小仙片 || WE127F vs 101250301 || slot_1,地若孕素 || pH4.5 || 唯散宁 vs 小仙片 || WE127F vs 101250301 || 2,1,consistent,same,,地诺孕素片2mg,唯散宁,WE127F,地诺孕素片2mg,小仙片,101250301,唯散宁 vs 小仙片,same,same,62669,8844,1,6,5,83.33,1,1,1,8,8,100.0,51.31,1,0,99.45,1,0,0,7,generic,1,29.0,0,1,1,7,3,8,1,96.25,100.0,85.37
地若孕素/pH4.5/side/01-pH4.5T-地诺孕素片2mg-唯散宁-WE127F-Side-15min-处理后原片-1vs05-pH4.5T-地诺孕素片2mg-小仙片-101250301-Side-15min-处理后原片-2-2.docx,01-pH4.5T-地诺孕素片2mg-唯散宁-WE127F-Side-15min-处理后原片-1vs05-pH4.5T-地诺孕素片2mg-小仙片-101250301-Side-15min-处理后原片-2-2.docx,.docx,ok,,33153,地若孕素,地若孕素,pH4.5,pH4.5,side,slot_2,,variant_fallback,slot_2,01-pH4.5T-地诺孕素片2mg-唯散宁-WE127F-Side-15min-处理后原片-1vs05-pH4.5T-地诺孕素片2mg-小仙片-101250301-Side-15min-处理后原片-2,唯散宁,小仙片,WE127F,101250301,WE127F vs 101250301,cross_manufacturer,2,1,2,地若孕素 || pH4.5 || 唯散宁 vs 小仙片 || WE127F vs 101250301,地若孕素 || pH4.5 || 唯散宁 vs 小仙片 || WE127F vs 101250301 || slot_2,地若孕素 || pH4.5 || 唯散宁 vs 小仙片 || WE127F vs 101250301 || 2,1,consistent,same,,地诺孕素片2mg,唯散宁,WE127F,地诺孕素片2mg,小仙片,101250301,唯散宁 vs 小仙片,same,same,56358,7872,1,6,5,83.33,1,1,1,8,8,100.0,53.38,1,0,99.45,1,0,0,6,generic,1,29.0,0,1,1,6,4,7,1,92.5,100.0,84.81
地若孕素/pH4.5/side/01-pH4.5T-地诺孕素片2mg-唯散宁-WE127F-Side-15min-处理后原片-1vs05-pH4.5T-地诺孕素片2mg-小仙片-101250301-Side-15min-处理后原片-2-3.docx,01-pH4.5T-地诺孕素片2mg-唯散宁-WE127F-Side-15min-处理后原片-1vs05-pH4.5T-地诺孕素片2mg-小仙片-101250301-Side-15min-处理后原片-2-3.docx,.docx,ok,,32856,地若孕素,地若孕素,pH4.5,pH4.5,side,slot_3,,variant_fallback,slot_3,01-pH4.5T-地诺孕素片2mg-唯散宁-WE127F-Side-15min-处理后原片-1vs05-pH4.5T-地诺孕素片2mg-小仙片-101250301-Side-15min-处理后原片-2,唯散宁,小仙片,WE127F,101250301,WE127F vs 101250301,cross_manufacturer,2,1,2,地若孕素 || pH4.5 || 唯散宁 vs 小仙片 || WE127F vs 101250301,地若孕素 || pH4.5 || 唯散宁 vs 小仙片 || WE127F vs 101250301 || slot_3,地若孕素 || pH4.5 || 唯散宁 vs 小仙片 || WE127F vs 101250301 || 2,1,consistent,same,,地诺孕素片2mg,唯散宁,WE127F,地诺孕素片2mg,小仙片,101250301,唯散宁 vs 小仙片,same,same,55597,7764,1,6,5,83.33,1,1,1,8,8,100.0,54.34,1,0,99.45,1,0,0,6,generic,1,29.0,0,1,1,6,4,7,1,92.5,100.0,84.81
地若孕素/pH4.5/side/01-pH4.5T-地诺孕素片2mg-唯散宁-WE127F-Side-15min-处理后原片-1vs05-pH4.5T-地诺孕素片2mg-小仙片-101250301-Side-15min-处理后原片-3-1.docx,01-pH4.5T-地诺孕素片2mg-唯散宁-WE127F-Side-15min-处理后原片-1vs05-pH4.5T-地诺孕素片2mg-小仙片-101250301-Side-15min-处理后原片-3-1.docx,.docx,ok,,34062,地若孕素,地若孕素,pH4.5,pH4.5,side,slot_1,,variant_fallback,slot_1,01-pH4.5T-地诺孕素片2mg-唯散宁-WE127F-Side-15min-处理后原片-1vs05-pH4.5T-地诺孕素片2mg-小仙片-101250301-Side-15min-处理后原片-3,唯散宁,小仙片,WE127F,101250301,WE127F vs 101250301,cross_manufacturer,3,1,3,地若孕素 || pH4.5 || 唯散宁 vs 小仙片 || WE127F vs 101250301,地若孕素 || pH4.5 || 唯散宁 vs 小仙片 || WE127F vs 101250301 || slot_1,地若孕素 || pH4.5 || 唯散宁 vs 小仙片 || WE127F vs 101250301 || 3,1,consistent,same,,地诺孕素片2mg,唯散宁,WE127F,地诺孕素片2mg,小仙片,101250301,唯散宁 vs 小仙片,same,same,57458,8053,1,6,5,83.33,1,1,1,8,8,100.0,48.97,1,0,99.45,1,0,0,7,generic,1,29.0,0,1,1,6,2,7,1,85.83,100.0,83.81
地若孕素/pH4.5/side/01-pH4.5T-地诺孕素片2mg-唯散宁-WE127F-Side-15min-处理后原片-1vs05-pH4.5T-地诺孕素片2mg-小仙片-101250301-Side-15min-处理后原片-3-2.docx,01-pH4.5T-地诺孕素片2mg-唯散宁-WE127F-Side-15min-处理后原片-1vs05-pH4.5T-地诺孕素片2mg-小仙片-101250301-Side-15min-处理后原片-3-2.docx,.docx,ok,,33478,地若孕素,地若孕素,pH4.5,pH4.5,side,slot_2,,variant_fallback,slot_2,01-pH4.5T-地诺孕素片2mg-唯散宁-WE127F-Side-15min-处理后原片-1vs05-pH4.5T-地诺孕素片2mg-小仙片-101250301-Side-15min-处理后原片-3,唯散宁,小仙片,WE127F,101250301,WE127F vs 101250301,cross_manufacturer,3,1,3,地若孕素 || pH4.5 || 唯散宁 vs 小仙片 || WE127F vs 101250301,地若孕素 || pH4.5 || 唯散宁 vs 小仙片 || WE127F vs 101250301 || slot_2,地若孕素 || pH4.5 || 唯散宁 vs 小仙片 || WE127F vs 101250301 || 3,1,consistent,same,,地诺孕素片2mg,唯散宁,WE127F,地诺孕素片2mg,小仙片,101250301,唯散宁 vs 小仙片,same,same,57045,8050,1,6,5,83.33,1,1,1,8,8,100.0,56.17,1,0,99.45,1,0,0,6,generic,1,29.0,0,1,1,6,1,7,1,79.17,100.0,82.81
地若孕素/pH4.5/side/01-pH4.5T-地诺孕素片2mg-唯散宁-WE127F-Side-15min-处理后原片-1vs05-pH4.5T-地诺孕素片2mg-小仙片-101250301-Side-15min-处理后原片-3-3.docx,01-pH4.5T-地诺孕素片2mg-唯散宁-WE127F-Side-15min-处理后原片-1vs05-pH4.5T-地诺孕素片2mg-小仙片-101250301-Side-15min-处理后原片-3-3.docx,.docx,ok,,35225,地若孕素,地若孕素,pH4.5,pH4.5,side,slot_3,,variant_fallback,slot_3,01-pH4.5T-地诺孕素片2mg-唯散宁-WE127F-Side-15min-处理后原片-1vs05-pH4.5T-地诺孕素片2mg-小仙片-101250301-Side-15min-处理后原片-3,唯散宁,小仙片,WE127F,101250301,WE127F vs 101250301,cross_manufacturer,3,1,3,地若孕素 || pH4.5 || 唯散宁 vs 小仙片 || WE127F vs 101250301,地若孕素 || pH4.5 || 唯散宁 vs 小仙片 || WE127F vs 101250301 || slot_3,地若孕素 || pH4.5 || 唯散宁 vs 小仙片 || WE127F vs 101250301 || 3,1,consistent,same,,地诺孕素片2mg,唯散宁,WE127F,地诺孕素片2mg,小仙片,101250301,唯散宁 vs 小仙片,same,same,59066,8334,1,6,5,83.33,1,1,1,8,8,100.0,53.14,1,0,99.45,1,0,0,5,generic,1,29.0,0,1,1,6,1,7,1,79.17,100.0,82.81
地若孕素/pH4.5/test/01-pH4.5T-地诺孕素片2mg-唯散宁-WE127F-Side-15min-处理后原片-1vs01-pH4.5T-地诺孕素片2mg-唯散宁-WE127F-Side-15min-处理后原片-1-1.docx,01-pH4.5T-地诺孕素片2mg-唯散宁-WE127F-Side-15min-处理后原片-1vs01-pH4.5T-地诺孕素片2mg-唯散宁-WE127F-Side-15min-处理后原片-1-1.docx,.docx,ok,,31814,地若孕素,地若孕素,pH4.5,pH4.5,,slot_1,,variant_fallback,slot_1,01-pH4.5T-地诺孕素片2mg-唯散宁-WE127F-Side-15min-处理后原片-1vs01-pH4.5T-地诺孕素片2mg-唯散宁-WE127F-Side-15min-处理后原片-1,唯散宁,唯散宁,WE127F,WE127F,WE127F vs WE127F,same_manufacturer,1,1,1,地若孕素 || pH4.5 || 唯散宁 vs 唯散宁 || WE127F vs WE127F,地若孕素 || pH4.5 || 唯散宁 vs 唯散宁 || WE127F vs WE127F || slot_1,地若孕素 || pH4.5 || 唯散宁 vs 唯散宁 || WE127F vs WE127F || 1,1,consistent,same,,地诺孕素片2mg,唯散宁,WE127F,地诺孕素片2mg,唯散宁,WE127F,唯散宁 vs 唯散宁,same,same,53753,7541,1,6,5,83.33,1,1,1,8,8,100.0,48.66,0,0,100.0,1,0,0,6,generic,1,29.0,0,1,1,6,1,7,1,79.17,100.0,82.89
替米沙坦/pH1.2/side/221105-01-pH1.2T-替米沙坦片80mg-美卡素-D68415-60min-20X-Side-1vs221105-01-pH1.2T-替米沙坦片80mg-美卡素-D68415-60min-20X-Side-1-1.docx,221105-01-pH1.2T-替米沙坦片80mg-美卡素-D68415-60min-20X-Side-1vs221105-01-pH1.2T-替米沙坦片80mg-美卡素-D68415-60min-20X-Side-1-1.docx,.docx,ok,,33400,替米沙坦,替米沙坦,pH1.2,pH1.2,side,slot_1,,variant_fallback,slot_1,221105-01-pH1.2T-替米沙坦片80mg-美卡素-D68415-60min-20X-Side-1vs221105-01-pH1.2T-替米沙坦片80mg-美卡素-D68415-60min-20X-Side-1,美卡素,美卡素,D68415,D68415,D68415 vs D68415,same_manufacturer,1,1,1,替米沙坦 || pH1.2 || 美卡素 vs 美卡素 || D68415 vs D68415,替米沙坦 || pH1.2 || 美卡素 vs 美卡素 || D68415 vs D68415 || slot_1,替米沙坦 || pH1.2 || 美卡素 vs 美卡素 || D68415 vs D68415 || 1,1,insufficient,same,,替米沙坦片80mg,美卡素,D68415,替米沙坦片80mg,美卡素,D68415,美卡素 vs 美卡素,same,same,55556,7763,1,6,5,83.33,1,1,1,8,8,100.0,52.77,0,0,100.0,1,0,0,16,generic,1,29.0,0,1,1,7,2,7,1,89.58,100.0,84.45
替米沙坦/pH1.2/side/221105-01-pH1.2T-替米沙坦片80mg-美卡素-D68415-60min-20X-Side-1vs221105-01-pH1.2T-替米沙坦片80mg-美卡素-D68415-60min-20X-Side-1-2.docx,221105-01-pH1.2T-替米沙坦片80mg-美卡素-D68415-60min-20X-Side-1vs221105-01-pH1.2T-替米沙坦片80mg-美卡素-D68415-60min-20X-Side-1-2.docx,.docx,ok,,31881,替米沙坦,替米沙坦,pH1.2,pH1.2,side,slot_2,,variant_fallback,slot_2,221105-01-pH1.2T-替米沙坦片80mg-美卡素-D68415-60min-20X-Side-1vs221105-01-pH1.2T-替米沙坦片80mg-美卡素-D68415-60min-20X-Side-1,美卡素,美卡素,D68415,D68415,D68415 vs D68415,same_manufacturer,1,1,1,替米沙坦 || pH1.2 || 美卡素 vs 美卡素 || D68415 vs D68415,替米沙坦 || pH1.2 || 美卡素 vs 美卡素 || D68415 vs D68415 || slot_2,替米沙坦 || pH1.2 || 美卡素 vs 美卡素 || D68415 vs D68415 || 1,1,insufficient,same,,替米沙坦片80mg,美卡素,D68415,替米沙坦片80mg,美卡素,D68415,美卡素 vs 美卡素,same,same,51795,7345,1,6,5,83.33,1,1,1,8,8,100.0,51.22,1,0,99.45,1,0,0,7,structured,0,40.0,0,1,1,6,2,7,1,85.83,100.0,85.46
替米沙坦/pH1.2/side/221105-01-pH1.2T-替米沙坦片80mg-美卡素-D68415-60min-20X-Side-1vs221105-01-pH1.2T-替米沙坦片80mg-美卡素-D68415-60min-20X-Side-1-3.docx,221105-01-pH1.2T-替米沙坦片80mg-美卡素-D68415-60min-20X-Side-1vs221105-01-pH1.2T-替米沙坦片80mg-美卡素-D68415-60min-20X-Side-1-3.docx,.docx,ok,,32052,替米沙坦,替米沙坦,pH1.2,pH1.2,side,slot_3,,variant_fallback,slot_3,221105-01-pH1.2T-替米沙坦片80mg-美卡素-D68415-60min-20X-Side-1vs221105-01-pH1.2T-替米沙坦片80mg-美卡素-D68415-60min-20X-Side-1,美卡素,美卡素,D68415,D68415,D68415 vs D68415,same_manufacturer,1,1,1,替米沙坦 || pH1.2 || 美卡素 vs 美卡素 || D68415 vs D68415,替米沙坦 || pH1.2 || 美卡素 vs 美卡素 || D68415 vs D68415 || slot_3,替米沙坦 || pH1.2 || 美卡素 vs 美卡素 || D68415 vs D68415 || 1,1,consistent,same,,替米沙坦片80mg,美卡素,D68415,替米沙坦片80mg,美卡素,D68415,美卡素 vs 美卡素,same,same,52149,7349,1,6,5,83.33,1,1,1,8,8,100.0,50.88,0,0,100.0,1,0,0,15,generic,1,29.0,0,1,1,6,2,7,1,85.83,100.0,83.89
替米沙坦/pH1.2/side/221105-01-pH1.2T-替米沙坦片80mg-美卡素-D68415-60min-20X-Side-1vs221105-01-pH1.2T-替米沙坦片80mg-美卡素-D68415-60min-20X-Side-2-1.docx,221105-01-pH1.2T-替米沙坦片80mg-美卡素-D68415-60min-20X-Side-1vs221105-01-pH1.2T-替米沙坦片80mg-美卡素-D68415-60min-20X-Side-2-1.docx,.docx,ok,,33861,替米沙坦,替米沙坦,pH1.2,pH1.2,side,slot_1,,variant_fallback,slot_1,221105-01-pH1.2T-替米沙坦片80mg-美卡素-D68415-60min-20X-Side-1vs221105-01-pH1.2T-替米沙坦片80mg-美卡素-D68415-60min-20X-Side-2,美卡素,美卡素,D68415,D68415,D68415 vs D68415,same_manufacturer,2,1,2,替米沙坦 || pH1.2 || 美卡素 vs 美卡素 || D68415 vs D68415,替米沙坦 || pH1.2 || 美卡素 vs 美卡素 || D68415 vs D68415 || slot_1,替米沙坦 || pH1.2 || 美卡素 vs 美卡素 || D68415 vs D68415 || 2,1,insufficient,same,,替米沙坦片80mg,美卡素,D68415,替米沙坦片80mg,美卡素,D68415,美卡素 vs 美卡素,same,same,57507,8061,1,6,5,83.33,1,1,1,8,8,100.0,54.84,1,0,99.45,1,0,0,10,structured,0,40.0,0,1,1,6,1,7,1,79.17,100.0,84.46
替米沙坦/pH1.2/side/221105-01-pH1.2T-替米沙坦片80mg-美卡素-D68415-60min-20X-Side-1vs221105-01-pH1.2T-替米沙坦片80mg-美卡素-D68415-60min-20X-Side-2-2.docx,221105-01-pH1.2T-替米沙坦片80mg-美卡素-D68415-60min-20X-Side-1vs221105-01-pH1.2T-替米沙坦片80mg-美卡素-D68415-60min-20X-Side-2-2.docx,.docx,ok,,32853,替米沙坦,替米沙坦,pH1.2,pH1.2,side,slot_2,,variant_fallback,slot_2,221105-01-pH1.2T-替米沙坦片80mg-美卡素-D68415-60min-20X-Side-1vs221105-01-pH1.2T-替米沙坦片80mg-美卡素-D68415-60min-20X-Side-2,美卡素,美卡素,D68415,D68415,D68415 vs D68415,same_manufacturer,2,1,2,替米沙坦 || pH1.2 || 美卡素 vs 美卡素 || D68415 vs D68415,替米沙坦 || pH1.2 || 美卡素 vs 美卡素 || D68415 vs D68415 || slot_2,替米沙坦 || pH1.2 || 美卡素 vs 美卡素 || D68415 vs D68415 || 2,1,insufficient,same,,替米沙坦片80mg,美卡素,D68415,替米沙坦片80mg,美卡素,D68415,美卡素 vs 美卡素,different,different,55638,7852,1,6,5,83.33,1,1,1,8,8,100.0,54.67,3,0,98.36,1,0,0,9,generic,1,29.0,0,1,1,6,2,7,1,85.83,100.0,83.64
替米沙坦/pH1.2/side/221105-01-pH1.2T-替米沙坦片80mg-美卡素-D68415-60min-20X-Side-1vs221105-01-pH1.2T-替米沙坦片80mg-美卡素-D68415-60min-20X-Side-2-3.docx,221105-01-pH1.2T-替米沙坦片80mg-美卡素-D68415-60min-20X-Side-1vs221105-01-pH1.2T-替米沙坦片80mg-美卡素-D68415-60min-20X-Side-2-3.docx,.docx,ok,,33494,替米沙坦,替米沙坦,pH1.2,pH1.2,side,slot_3,,variant_fallback,slot_3,221105-01-pH1.2T-替米沙坦片80mg-美卡素-D68415-60min-20X-Side-1vs221105-01-pH1.2T-替米沙坦片80mg-美卡素-D68415-60min-20X-Side-2,美卡素,美卡素,D68415,D68415,D68415 vs D68415,same_manufacturer,2,1,2,替米沙坦 || pH1.2 || 美卡素 vs 美卡素 || D68415 vs D68415,替米沙坦 || pH1.2 || 美卡素 vs 美卡素 || D68415 vs D68415 || slot_3,替米沙坦 || pH1.2 || 美卡素 vs 美卡素 || D68415 vs D68415 || 2,1,consistent,same,,替米沙坦片80mg,美卡素,D68415,替米沙坦片80mg,美卡素,D68415,美卡素 vs 美卡素,different,different,56083,7928,1,6,5,83.33,1,1,1,8,8,100.0,54,1,0,99.45,1,0,0,6,generic,1,29.0,0,1,1,6,0,8,0,72.5,100.0,81.81
替米沙坦/pH1.2/side/221105-01-pH1.2T-替米沙坦片80mg-美卡素-D68415-60min-20X-Side-1vs221105-01-pH1.2T-替米沙坦片80mg-美卡素-D68415-60min-20X-Side-3-1.docx,221105-01-pH1.2T-替米沙坦片80mg-美卡素-D68415-60min-20X-Side-1vs221105-01-pH1.2T-替米沙坦片80mg-美卡素-D68415-60min-20X-Side-3-1.docx,.docx,ok,,34138,替米沙坦,替米沙坦,pH1.2,pH1.2,side,slot_1,,variant_fallback,slot_1,221105-01-pH1.2T-替米沙坦片80mg-美卡素-D68415-60min-20X-Side-1vs221105-01-pH1.2T-替米沙坦片80mg-美卡素-D68415-60min-20X-Side-3,美卡素,美卡素,D68415,D68415,D68415 vs D68415,same_manufacturer,3,1,3,替米沙坦 || pH1.2 || 美卡素 vs 美卡素 || D68415 vs D68415,替米沙坦 || pH1.2 || 美卡素 vs 美卡素 || D68415 vs D68415 || slot_1,替米沙坦 || pH1.2 || 美卡素 vs 美卡素 || D68415 vs D68415 || 3,1,insufficient,same,,替米沙坦片80mg,美卡素,D68415,替米沙坦片80mg,美卡素,D68415,美卡素 vs 美卡素,same,same,59181,8470,1,6,5,83.33,1,1,1,8,8,100.0,53.5,2,0,98.91,1,0,0,6,generic,1,29.0,0,1,1,6,1,7,1,79.17,100.0,82.73
替米沙坦/pH1.2/side/221105-01-pH1.2T-替米沙坦片80mg-美卡素-D68415-60min-20X-Side-1vs221105-01-pH1.2T-替米沙坦片80mg-美卡素-D68415-60min-20X-Side-3-2.docx,221105-01-pH1.2T-替米沙坦片80mg-美卡素-D68415-60min-20X-Side-1vs221105-01-pH1.2T-替米沙坦片80mg-美卡素-D68415-60min-20X-Side-3-2.docx,.docx,ok,,33400,替米沙坦,替米沙坦,pH1.2,pH1.2,side,slot_2,,variant_fallback,slot_2,221105-01-pH1.2T-替米沙坦片80mg-美卡素-D68415-60min-20X-Side-1vs221105-01-pH1.2T-替米沙坦片80mg-美卡素-D68415-60min-20X-Side-3,美卡素,美卡素,D68415,D68415,D68415 vs D68415,same_manufacturer,3,1,3,替米沙坦 || pH1.2 || 美卡素 vs 美卡素 || D68415 vs D68415,替米沙坦 || pH1.2 || 美卡素 vs 美卡素 || D68415 vs D68415 || slot_2,替米沙坦 || pH1.2 || 美卡素 vs 美卡素 || D68415 vs D68415 || 3,1,insufficient,same,,替米沙坦片80mg,美卡素,D68415,替米沙坦片80mg,美卡素,D68415,美卡素 vs 美卡素,same,same,55522,7903,1,6,5,83.33,1,1,1,8,8,100.0,52.47,2,0,98.91,1,0,0,7,structured,0,40.0,0,1,1,7,1,7,1,82.92,100.0,84.94
替米沙坦/pH1.2/side/221105-01-pH1.2T-替米沙坦片80mg-美卡素-D68415-60min-20X-Side-1vs221105-01-pH1.2T-替米沙坦片80mg-美卡素-D68415-60min-20X-Side-3-3.docx,221105-01-pH1.2T-替米沙坦片80mg-美卡素-D68415-60min-20X-Side-1vs221105-01-pH1.2T-替米沙坦片80mg-美卡素-D68415-60min-20X-Side-3-3.docx,.docx,ok,,31900,替米沙坦,替米沙坦,pH1.2,pH1.2,side,slot_3,,variant_fallback,slot_3,221105-01-pH1.2T-替米沙坦片80mg-美卡素-D68415-60min-20X-Side-1vs221105-01-pH1.2T-替米沙坦片80mg-美卡素-D68415-60min-20X-Side-3,美卡素,美卡素,D68415,D68415,D68415 vs D68415,same_manufacturer,3,1,3,替米沙坦 || pH1.2 || 美卡素 vs 美卡素 || D68415 vs D68415,替米沙坦 || pH1.2 || 美卡素 vs 美卡素 || D68415 vs D68415 || slot_3,替米沙坦 || pH1.2 || 美卡素 vs 美卡素 || D68415 vs D68415 || 3,1,consistent,same,,替米沙坦片80mg,美卡素,D68415,替米沙坦片80mg,美卡素,D68415,美卡素 vs 美卡素,same,same,51165,7226,1,6,5,83.33,1,1,1,8,8,100.0,50.41,1,0,99.45,1,0,0,7,generic,1,29.0,0,1,1,7,3,7,1,96.25,100.0,85.37
替米沙坦/pH1.2/side/221105-01-pH1.2T-替米沙坦片80mg-美卡素-D68415-60min-20X-Side-1vs221106-02-pH1.2T-替米沙坦片80mg-舒尼亚-32206057-60min-20X-Side-1-1.docx,221105-01-pH1.2T-替米沙坦片80mg-美卡素-D68415-60min-20X-Side-1vs221106-02-pH1.2T-替米沙坦片80mg-舒尼亚-32206057-60min-20X-Side-1-1.docx,.docx,ok,,34678,替米沙坦,替米沙坦,pH1.2,pH1.2,side,slot_1,,variant_fallback,slot_1,221105-01-pH1.2T-替米沙坦片80mg-美卡素-D68415-60min-20X-Side-1vs221106-02-pH1.2T-替米沙坦片80mg-舒尼亚-32206057-60min-20X-Side-1,美卡素,舒尼亚,D68415,32206057,D68415 vs 32206057,cross_manufacturer,1,1,1,替米沙坦 || pH1.2 || 美卡素 vs 舒尼亚 || D68415 vs 32206057,替米沙坦 || pH1.2 || 美卡素 vs 舒尼亚 || D68415 vs 32206057 || slot_1,替米沙坦 || pH1.2 || 美卡素 vs 舒尼亚 || D68415 vs 32206057 || 1,1,insufficient,,,替米沙坦片80mg,美卡素,D68415,替米沙坦片80mg,舒尼亚,32206057,美卡素 vs 舒尼亚,different,different,57678,8212,1,6,5,83.33,1,1,1,8,8,100.0,52.73,0,0,100.0,1,0,0,6,generic,1,29.0,0,1,1,6,2,6,1,85.83,100.0,83.89
替米沙坦/pH1.2/side/221105-01-pH1.2T-替米沙坦片80mg-美卡素-D68415-60min-20X-Side-1vs221106-02-pH1.2T-替米沙坦片80mg-舒尼亚-32206057-60min-20X-Side-1-2.docx,221105-01-pH1.2T-替米沙坦片80mg-美卡素-D68415-60min-20X-Side-1vs221106-02-pH1.2T-替米沙坦片80mg-舒尼亚-32206057-60min-20X-Side-1-2.docx,.docx,ok,,34216,替米沙坦,替米沙坦,pH1.2,pH1.2,side,slot_2,,variant_fallback,slot_2,221105-01-pH1.2T-替米沙坦片80mg-美卡素-D68415-60min-20X-Side-1vs221106-02-pH1.2T-替米沙坦片80mg-舒尼亚-32206057-60min-20X-Side-1,美卡素,舒尼亚,D68415,32206057,D68415 vs 32206057,cross_manufacturer,1,1,1,替米沙坦 || pH1.2 || 美卡素 vs 舒尼亚 || D68415 vs 32206057,替米沙坦 || pH1.2 || 美卡素 vs 舒尼亚 || D68415 vs 32206057 || slot_2,替米沙坦 || pH1.2 || 美卡素 vs 舒尼亚 || D68415 vs 32206057 || 1,1,insufficient,,,替米沙坦片80mg,美卡素,D68415,替米沙坦片80mg,舒尼亚,32206057,美卡素 vs 舒尼亚,same,same,59400,8376,1,6,5,83.33,1,1,1,8,8,100.0,55.88,1,0,99.45,1,0,0,16,generic,1,29.0,0,1,1,6,4,7,1,92.5,100.0,84.81
替米沙坦/pH1.2/side/221105-01-pH1.2T-替米沙坦片80mg-美卡素-D68415-60min-20X-Side-1vs221106-02-pH1.2T-替米沙坦片80mg-舒尼亚-32206057-60min-20X-Side-1-3.docx,221105-01-pH1.2T-替米沙坦片80mg-美卡素-D68415-60min-20X-Side-1vs221106-02-pH1.2T-替米沙坦片80mg-舒尼亚-32206057-60min-20X-Side-1-3.docx,.docx,ok,,33396,替米沙坦,替米沙坦,pH1.2,pH1.2,side,slot_3,,variant_fallback,slot_3,221105-01-pH1.2T-替米沙坦片80mg-美卡素-D68415-60min-20X-Side-1vs221106-02-pH1.2T-替米沙坦片80mg-舒尼亚-32206057-60min-20X-Side-1,美卡素,舒尼亚,D68415,32206057,D68415 vs 32206057,cross_manufacturer,1,1,1,替米沙坦 || pH1.2 || 美卡素 vs 舒尼亚 || D68415 vs 32206057,替米沙坦 || pH1.2 || 美卡素 vs 舒尼亚 || D68415 vs 32206057 || slot_3,替米沙坦 || pH1.2 || 美卡素 vs 舒尼亚 || D68415 vs 32206057 || 1,1,insufficient,same,,替米沙坦片80mg,美卡素,D68415,替米沙坦片80mg,舒尼亚,32206057,美卡素 vs 舒尼亚,different,different,56297,8074,1,6,5,83.33,1,1,1,8,8,100.0,53.05,2,0,98.91,1,0,0,6,generic,1,29.0,0,1,1,6,2,7,1,85.83,100.0,83.73
替米沙坦/pH1.2/side/221105-01-pH1.2T-替米沙坦片80mg-美卡素-D68415-60min-20X-Side-1vs221106-02-pH1.2T-替米沙坦片80mg-舒尼亚-32206057-60min-20X-Side-2-1.docx,221105-01-pH1.2T-替米沙坦片80mg-美卡素-D68415-60min-20X-Side-1vs221106-02-pH1.2T-替米沙坦片80mg-舒尼亚-32206057-60min-20X-Side-2-1.docx,.docx,ok,,31816,替米沙坦,替米沙坦,pH1.2,pH1.2,side,slot_1,,variant_fallback,slot_1,221105-01-pH1.2T-替米沙坦片80mg-美卡素-D68415-60min-20X-Side-1vs221106-02-pH1.2T-替米沙坦片80mg-舒尼亚-32206057-60min-20X-Side-2,美卡素,舒尼亚,D68415,32206057,D68415 vs 32206057,cross_manufacturer,2,1,2,替米沙坦 || pH1.2 || 美卡素 vs 舒尼亚 || D68415 vs 32206057,替米沙坦 || pH1.2 || 美卡素 vs 舒尼亚 || D68415 vs 32206057 || slot_1,替米沙坦 || pH1.2 || 美卡素 vs 舒尼亚 || D68415 vs 32206057 || 2,1,insufficient,,,替米沙坦片80mg,美卡素,D68415,替米沙坦片80mg,舒尼亚,32206057,美卡素 vs 舒尼亚,same,same,52291,7390,1,6,5,83.33,1,1,1,8,8,100.0,50.48,2,0,98.91,1,0,0,11,generic,1,29.0,0,1,1,6,1,7,1,79.17,100.0,82.73
替米沙坦/pH1.2/side/221105-01-pH1.2T-替米沙坦片80mg-美卡素-D68415-60min-20X-Side-1vs221106-02-pH1.2T-替米沙坦片80mg-舒尼亚-32206057-60min-20X-Side-2-2.docx,221105-01-pH1.2T-替米沙坦片80mg-美卡素-D68415-60min-20X-Side-1vs221106-02-pH1.2T-替米沙坦片80mg-舒尼亚-32206057-60min-20X-Side-2-2.docx,.docx,ok,,32905,替米沙坦,替米沙坦,pH1.2,pH1.2,side,slot_2,,variant_fallback,slot_2,221105-01-pH1.2T-替米沙坦片80mg-美卡素-D68415-60min-20X-Side-1vs221106-02-pH1.2T-替米沙坦片80mg-舒尼亚-32206057-60min-20X-Side-2,美卡素,舒尼亚,D68415,32206057,D68415 vs 32206057,cross_manufacturer,2,1,2,替米沙坦 || pH1.2 || 美卡素 vs 舒尼亚 || D68415 vs 32206057,替米沙坦 || pH1.2 || 美卡素 vs 舒尼亚 || D68415 vs 32206057 || slot_2,替米沙坦 || pH1.2 || 美卡素 vs 舒尼亚 || D68415 vs 32206057 || 2,1,insufficient,,,替米沙坦片80mg,美卡素,D68415,替米沙坦片80mg,舒尼亚,32206057,美卡素 vs 舒尼亚,same,same,55959,7933,1,6,2,33.33,0,1,1,8,8,100.0,53.77,0,0,100.0,1,0,0,12,generic,1,29.0,0,1,1,6,1,7,1,79.17,100.0,72.89
替米沙坦/pH1.2/side/221105-01-pH1.2T-替米沙坦片80mg-美卡素-D68415-60min-20X-Side-1vs221106-02-pH1.2T-替米沙坦片80mg-舒尼亚-32206057-60min-20X-Side-2-3.docx,221105-01-pH1.2T-替米沙坦片80mg-美卡素-D68415-60min-20X-Side-1vs221106-02-pH1.2T-替米沙坦片80mg-舒尼亚-32206057-60min-20X-Side-2-3.docx,.docx,ok,,32281,替米沙坦,替米沙坦,pH1.2,pH1.2,side,slot_3,,variant_fallback,slot_3,221105-01-pH1.2T-替米沙坦片80mg-美卡素-D68415-60min-20X-Side-1vs221106-02-pH1.2T-替米沙坦片80mg-舒尼亚-32206057-60min-20X-Side-2,美卡素,舒尼亚,D68415,32206057,D68415 vs 32206057,cross_manufacturer,2,1,2,替米沙坦 || pH1.2 || 美卡素 vs 舒尼亚 || D68415 vs 32206057,替米沙坦 || pH1.2 || 美卡素 vs 舒尼亚 || D68415 vs 32206057 || slot_3,替米沙坦 || pH1.2 || 美卡素 vs 舒尼亚 || D68415 vs 32206057 || 2,1,insufficient,same,,替米沙坦片80mg,美卡素,D68415,替米沙坦片80mg,舒尼亚,32206057,美卡素 vs 舒尼亚,same,same,53463,7580,1,6,5,83.33,1,1,1,8,8,100.0,52.41,2,0,98.91,1,0,0,6,generic,1,29.0,0,1,1,6,2,7,1,85.83,100.0,83.73
替米沙坦/pH1.2/side/221105-01-pH1.2T-替米沙坦片80mg-美卡素-D68415-60min-20X-Side-1vs221106-02-pH1.2T-替米沙坦片80mg-舒尼亚-32206057-60min-20X-Side-3-1.docx,221105-01-pH1.2T-替米沙坦片80mg-美卡素-D68415-60min-20X-Side-1vs221106-02-pH1.2T-替米沙坦片80mg-舒尼亚-32206057-60min-20X-Side-3-1.docx,.docx,ok,,33305,替米沙坦,替米沙坦,pH1.2,pH1.2,side,slot_1,,variant_fallback,slot_1,221105-01-pH1.2T-替米沙坦片80mg-美卡素-D68415-60min-20X-Side-1vs221106-02-pH1.2T-替米沙坦片80mg-舒尼亚-32206057-60min-20X-Side-3,美卡素,舒尼亚,D68415,32206057,D68415 vs 32206057,cross_manufacturer,3,1,3,替米沙坦 || pH1.2 || 美卡素 vs 舒尼亚 || D68415 vs 32206057,替米沙坦 || pH1.2 || 美卡素 vs 舒尼亚 || D68415 vs 32206057 || slot_1,替米沙坦 || pH1.2 || 美卡素 vs 舒尼亚 || D68415 vs 32206057 || 3,1,insufficient,,,替米沙坦片80mg,美卡素,D68415,替米沙坦片80mg,舒尼亚,32206057,美卡素 vs 舒尼亚,different,different,56130,7973,1,6,5,83.33,1,1,1,8,8,100.0,51.7,0,0,100.0,1,0,0,6,generic,1,29.0,0,1,1,6,1,7,1,79.17,100.0,82.89
替米沙坦/pH1.2/side/221105-01-pH1.2T-替米沙坦片80mg-美卡素-D68415-60min-20X-Side-1vs221106-02-pH1.2T-替米沙坦片80mg-舒尼亚-32206057-60min-20X-Side-3-2.docx,221105-01-pH1.2T-替米沙坦片80mg-美卡素-D68415-60min-20X-Side-1vs221106-02-pH1.2T-替米沙坦片80mg-舒尼亚-32206057-60min-20X-Side-3-2.docx,.docx,ok,,34994,替米沙坦,替米沙坦,pH1.2,pH1.2,side,slot_2,,variant_fallback,slot_2,221105-01-pH1.2T-替米沙坦片80mg-美卡素-D68415-60min-20X-Side-1vs221106-02-pH1.2T-替米沙坦片80mg-舒尼亚-32206057-60min-20X-Side-3,美卡素,舒尼亚,D68415,32206057,D68415 vs 32206057,cross_manufacturer,3,1,3,替米沙坦 || pH1.2 || 美卡素 vs 舒尼亚 || D68415 vs 32206057,替米沙坦 || pH1.2 || 美卡素 vs 舒尼亚 || D68415 vs 32206057 || slot_2,替米沙坦 || pH1.2 || 美卡素 vs 舒尼亚 || D68415 vs 32206057 || 3,1,insufficient,,,替米沙坦片80mg,美卡素,D68415,替米沙坦片80mg,舒尼亚,32206057,美卡素 vs 舒尼亚,different,different,59628,8437,1,6,5,83.33,1,1,1,8,8,100.0,59.81,0,0,100.0,1,0,0,6,generic,1,29.0,0,1,1,6,1,6,1,79.17,100.0,82.89
替米沙坦/pH1.2/side/221105-01-pH1.2T-替米沙坦片80mg-美卡素-D68415-60min-20X-Side-1vs221106-02-pH1.2T-替米沙坦片80mg-舒尼亚-32206057-60min-20X-Side-3-3.docx,221105-01-pH1.2T-替米沙坦片80mg-美卡素-D68415-60min-20X-Side-1vs221106-02-pH1.2T-替米沙坦片80mg-舒尼亚-32206057-60min-20X-Side-3-3.docx,.docx,ok,,33828,替米沙坦,替米沙坦,pH1.2,pH1.2,side,slot_3,,variant_fallback,slot_3,221105-01-pH1.2T-替米沙坦片80mg-美卡素-D68415-60min-20X-Side-1vs221106-02-pH1.2T-替米沙坦片80mg-舒尼亚-32206057-60min-20X-Side-3,美卡素,舒尼亚,D68415,32206057,D68415 vs 32206057,cross_manufacturer,3,1,3,替米沙坦 || pH1.2 || 美卡素 vs 舒尼亚 || D68415 vs 32206057,替米沙坦 || pH1.2 || 美卡素 vs 舒尼亚 || D68415 vs 32206057 || slot_3,替米沙坦 || pH1.2 || 美卡素 vs 舒尼亚 || D68415 vs 32206057 || 3,1,insufficient,same,,替米沙坦片80mg,美卡素,D68415,替米沙坦片80mg,舒尼亚,32206057,美卡素 vs 舒尼亚,different,different,57588,8178,1,6,5,83.33,1,1,1,8,8,100.0,53.44,0,0,100.0,1,0,0,6,generic,1,29.0,0,1,1,6,2,8,1,85.83,100.0,83.89
替米沙坦/pH1.2/side/221105-01-pH1.2T-替米沙坦片80mg-美卡素-D68415-60min-20X-Side-1vs221107-03-pH1.2T-替米沙坦片80mg-安内强-220711301-60min-20X-Side-1-1.docx,221105-01-pH1.2T-替米沙坦片80mg-美卡素-D68415-60min-20X-Side-1vs221107-03-pH1.2T-替米沙坦片80mg-安内强-220711301-60min-20X-Side-1-1.docx,.docx,ok,,34537,替米沙坦,替米沙坦,pH1.2,pH1.2,side,slot_1,,variant_fallback,slot_1,221105-01-pH1.2T-替米沙坦片80mg-美卡素-D68415-60min-20X-Side-1vs221107-03-pH1.2T-替米沙坦片80mg-安内强-220711301-60min-20X-Side-1,美卡素,安内强,D68415,220711301,D68415 vs 220711301,cross_manufacturer,1,1,1,替米沙坦 || pH1.2 || 美卡素 vs 安内强 || D68415 vs 220711301,替米沙坦 || pH1.2 || 美卡素 vs 安内强 || D68415 vs 220711301 || slot_1,替米沙坦 || pH1.2 || 美卡素 vs 安内强 || D68415 vs 220711301 || 1,0,insufficient,same,,替米沙坦片80mg,美卡素,D68415,替米沙坦片80mg,安内强,220711301,美卡素 vs 安内强,different,different,57887,8132,1,6,5,83.33,1,1,1,8,8,100.0,54.73,3,0,98.36,1,0,0,6,generic,1,29.0,0,1,1,6,3,7,1,92.5,100.0,84.64
替米沙坦/pH1.2/side/221105-01-pH1.2T-替米沙坦片80mg-美卡素-D68415-60min-20X-Side-1vs221107-03-pH1.2T-替米沙坦片80mg-安内强-220711301-60min-20X-Side-1-2.docx,221105-01-pH1.2T-替米沙坦片80mg-美卡素-D68415-60min-20X-Side-1vs221107-03-pH1.2T-替米沙坦片80mg-安内强-220711301-60min-20X-Side-1-2.docx,.docx,ok,,34256,替米沙坦,替米沙坦,pH1.2,pH1.2,side,slot_2,,variant_fallback,slot_2,221105-01-pH1.2T-替米沙坦片80mg-美卡素-D68415-60min-20X-Side-1vs221107-03-pH1.2T-替米沙坦片80mg-安内强-220711301-60min-20X-Side-1,美卡素,安内强,D68415,220711301,D68415 vs 220711301,cross_manufacturer,1,1,1,替米沙坦 || pH1.2 || 美卡素 vs 安内强 || D68415 vs 220711301,替米沙坦 || pH1.2 || 美卡素 vs 安内强 || D68415 vs 220711301 || slot_2,替米沙坦 || pH1.2 || 美卡素 vs 安内强 || D68415 vs 220711301 || 1,0,insufficient,,,替米沙坦片80mg,美卡素,D68415,替米沙坦片80mg,安内强,220711301,美卡素 vs 安内强,different,different,57475,8089,1,6,5,83.33,1,1,1,8,8,100.0,53.81,2,0,98.91,1,0,0,7,structured,0,40.0,0,1,1,7,1,6,1,82.92,100.0,84.94
替米沙坦/pH1.2/side/221105-01-pH1.2T-替米沙坦片80mg-美卡素-D68415-60min-20X-Side-1vs221107-03-pH1.2T-替米沙坦片80mg-安内强-220711301-60min-20X-Side-1-3.docx,221105-01-pH1.2T-替米沙坦片80mg-美卡素-D68415-60min-20X-Side-1vs221107-03-pH1.2T-替米沙坦片80mg-安内强-220711301-60min-20X-Side-1-3.docx,.docx,ok,,32594,替米沙坦,替米沙坦,pH1.2,pH1.2,side,slot_3,,variant_fallback,slot_3,221105-01-pH1.2T-替米沙坦片80mg-美卡素-D68415-60min-20X-Side-1vs221107-03-pH1.2T-替米沙坦片80mg-安内强-220711301-60min-20X-Side-1,美卡素,安内强,D68415,220711301,D68415 vs 220711301,cross_manufacturer,1,1,1,替米沙坦 || pH1.2 || 美卡素 vs 安内强 || D68415 vs 220711301,替米沙坦 || pH1.2 || 美卡素 vs 安内强 || D68415 vs 220711301 || slot_3,替米沙坦 || pH1.2 || 美卡素 vs 安内强 || D68415 vs 220711301 || 1,0,insufficient,different,,替米沙坦片80mg,美卡素,D68415,替米沙坦片80mg,安内强,220711301,美卡素 vs 安内强,different,different,53250,7568,1,6,5,83.33,1,1,1,8,8,100.0,51.34,3,0,98.36,1,0,0,5,generic,1,29.0,0,1,1,6,2,7,1,85.83,100.0,83.64
替米沙坦/pH1.2/side/221105-01-pH1.2T-替米沙坦片80mg-美卡素-D68415-60min-20X-Side-1vs221107-03-pH1.2T-替米沙坦片80mg-安内强-220711301-60min-20X-Side-2-1.docx,221105-01-pH1.2T-替米沙坦片80mg-美卡素-D68415-60min-20X-Side-1vs221107-03-pH1.2T-替米沙坦片80mg-安内强-220711301-60min-20X-Side-2-1.docx,.docx,ok,,32420,替米沙坦,替米沙坦,pH1.2,pH1.2,side,slot_1,,variant_fallback,slot_1,221105-01-pH1.2T-替米沙坦片80mg-美卡素-D68415-60min-20X-Side-1vs221107-03-pH1.2T-替米沙坦片80mg-安内强-220711301-60min-20X-Side-2,美卡素,安内强,D68415,220711301,D68415 vs 220711301,cross_manufacturer,2,1,2,替米沙坦 || pH1.2 || 美卡素 vs 安内强 || D68415 vs 220711301,替米沙坦 || pH1.2 || 美卡素 vs 安内强 || D68415 vs 220711301 || slot_1,替米沙坦 || pH1.2 || 美卡素 vs 安内强 || D68415 vs 220711301 || 2,0,insufficient,same,,替米沙坦片80mg,美卡素,D68415,替米沙坦片80mg,安内强,220711301,美卡素 vs 安内强,same,same,54813,7669,1,6,5,83.33,1,1,1,8,8,100.0,51.88,0,0,100.0,1,0,0,6,generic,1,29.0,0,1,1,6,3,7,1,92.5,100.0,84.89
替米沙坦/pH1.2/side/221105-01-pH1.2T-替米沙坦片80mg-美卡素-D68415-60min-20X-Side-1vs221107-03-pH1.2T-替米沙坦片80mg-安内强-220711301-60min-20X-Side-2-2.docx,221105-01-pH1.2T-替米沙坦片80mg-美卡素-D68415-60min-20X-Side-1vs221107-03-pH1.2T-替米沙坦片80mg-安内强-220711301-60min-20X-Side-2-2.docx,.docx,ok,,33689,替米沙坦,替米沙坦,pH1.2,pH1.2,side,slot_2,,variant_fallback,slot_2,221105-01-pH1.2T-替米沙坦片80mg-美卡素-D68415-60min-20X-Side-1vs221107-03-pH1.2T-替米沙坦片80mg-安内强-220711301-60min-20X-Side-2,美卡素,安内强,D68415,220711301,D68415 vs 220711301,cross_manufacturer,2,1,2,替米沙坦 || pH1.2 || 美卡素 vs 安内强 || D68415 vs 220711301,替米沙坦 || pH1.2 || 美卡素 vs 安内强 || D68415 vs 220711301 || slot_2,替米沙坦 || pH1.2 || 美卡素 vs 安内强 || D68415 vs 220711301 || 2,0,insufficient,,,替米沙坦片80mg,美卡素,D68415,替米沙坦片80mg,安内强,220711301,美卡素 vs 安内强,different,different,56185,7977,1,6,5,83.33,1,1,1,8,8,100.0,52.77,0,0,100.0,1,0,0,6,generic,1,29.0,0,1,1,6,1,8,1,79.17,100.0,82.89
替米沙坦/pH1.2/side/221105-01-pH1.2T-替米沙坦片80mg-美卡素-D68415-60min-20X-Side-1vs221107-03-pH1.2T-替米沙坦片80mg-安内强-220711301-60min-20X-Side-2-3.docx,221105-01-pH1.2T-替米沙坦片80mg-美卡素-D68415-60min-20X-Side-1vs221107-03-pH1.2T-替米沙坦片80mg-安内强-220711301-60min-20X-Side-2-3.docx,.docx,ok,,32965,替米沙坦,替米沙坦,pH1.2,pH1.2,side,slot_3,,variant_fallback,slot_3,221105-01-pH1.2T-替米沙坦片80mg-美卡素-D68415-60min-20X-Side-1vs221107-03-pH1.2T-替米沙坦片80mg-安内强-220711301-60min-20X-Side-2,美卡素,安内强,D68415,220711301,D68415 vs 220711301,cross_manufacturer,2,1,2,替米沙坦 || pH1.2 || 美卡素 vs 安内强 || D68415 vs 220711301,替米沙坦 || pH1.2 || 美卡素 vs 安内强 || D68415 vs 220711301 || slot_3,替米沙坦 || pH1.2 || 美卡素 vs 安内强 || D68415 vs 220711301 || 2,0,insufficient,different,,替米沙坦片80mg,美卡素,D68415,替米沙坦片80mg,安内强,220711301,美卡素 vs 安内强,same,same,54959,7713,1,6,5,83.33,1,1,1,8,8,100.0,50.61,2,0,98.91,1,0,0,5,structured,0,40.0,0,1,1,6,2,7,1,85.83,100.0,85.38
替米沙坦/pH1.2/side/221105-01-pH1.2T-替米沙坦片80mg-美卡素-D68415-60min-20X-Side-1vs221108-04-pH1.2T-替米沙坦片80mg-欧美宁-0602204007-60min-20X-Side-1-1.docx,221105-01-pH1.2T-替米沙坦片80mg-美卡素-D68415-60min-20X-Side-1vs221108-04-pH1.2T-替米沙坦片80mg-欧美宁-0602204007-60min-20X-Side-1-1.docx,.docx,ok,,34033,替米沙坦,替米沙坦,pH1.2,pH1.2,side,slot_1,,variant_fallback,slot_1,221105-01-pH1.2T-替米沙坦片80mg-美卡素-D68415-60min-20X-Side-1vs221108-04-pH1.2T-替米沙坦片80mg-欧美宁-0602204007-60min-20X-Side-1,美卡素,欧美宁,D68415,0602204007,D68415 vs 0602204007,cross_manufacturer,1,1,1,替米沙坦 || pH1.2 || 美卡素 vs 欧美宁 || D68415 vs 0602204007,替米沙坦 || pH1.2 || 美卡素 vs 欧美宁 || D68415 vs 0602204007 || slot_1,替米沙坦 || pH1.2 || 美卡素 vs 欧美宁 || D68415 vs 0602204007 || 1,0,insufficient,,,替米沙坦片80mg,美卡素,D68415,替米沙坦片80mg,欧美宁,0602204007,美卡素 vs 欧美宁,different,different,58378,8219,1,6,5,83.33,1,1,1,8,8,100.0,56.94,0,0,100.0,1,0,0,5,generic,1,29.0,0,1,1,6,2,7,1,85.83,100.0,83.89
替米沙坦/pH1.2/side/221105-01-pH1.2T-替米沙坦片80mg-美卡素-D68415-60min-20X-Side-1vs221108-04-pH1.2T-替米沙坦片80mg-欧美宁-0602204007-60min-20X-Side-1-2.docx,221105-01-pH1.2T-替米沙坦片80mg-美卡素-D68415-60min-20X-Side-1vs221108-04-pH1.2T-替米沙坦片80mg-欧美宁-0602204007-60min-20X-Side-1-2.docx,.docx,ok,,33258,替米沙坦,替米沙坦,pH1.2,pH1.2,side,slot_2,,variant_fallback,slot_2,221105-01-pH1.2T-替米沙坦片80mg-美卡素-D68415-60min-20X-Side-1vs221108-04-pH1.2T-替米沙坦片80mg-欧美宁-0602204007-60min-20X-Side-1,美卡素,欧美宁,D68415,0602204007,D68415 vs 0602204007,cross_manufacturer,1,1,1,替米沙坦 || pH1.2 || 美卡素 vs 欧美宁 || D68415 vs 0602204007,替米沙坦 || pH1.2 || 美卡素 vs 欧美宁 || D68415 vs 0602204007 || slot_2,替米沙坦 || pH1.2 || 美卡素 vs 欧美宁 || D68415 vs 0602204007 || 1,0,insufficient,same,,替米沙坦片80mg,美卡素,D68415,替米沙坦片80mg,欧美宁,0602204007,美卡素 vs 欧美宁,different,different,56039,7881,1,6,5,83.33,1,1,1,8,8,100.0,53.5,1,0,99.45,1,0,0,6,generic,1,29.0,0,1,1,7,3,7,1,96.25,100.0,85.37
替米沙坦/pH1.2/side/221105-01-pH1.2T-替米沙坦片80mg-美卡素-D68415-60min-20X-Side-1vs221108-04-pH1.2T-替米沙坦片80mg-欧美宁-0602204007-60min-20X-Side-1-3.docx,221105-01-pH1.2T-替米沙坦片80mg-美卡素-D68415-60min-20X-Side-1vs221108-04-pH1.2T-替米沙坦片80mg-欧美宁-0602204007-60min-20X-Side-1-3.docx,.docx,ok,,32049,替米沙坦,替米沙坦,pH1.2,pH1.2,side,slot_3,,variant_fallback,slot_3,221105-01-pH1.2T-替米沙坦片80mg-美卡素-D68415-60min-20X-Side-1vs221108-04-pH1.2T-替米沙坦片80mg-欧美宁-0602204007-60min-20X-Side-1,美卡素,欧美宁,D68415,0602204007,D68415 vs 0602204007,cross_manufacturer,1,1,1,替米沙坦 || pH1.2 || 美卡素 vs 欧美宁 || D68415 vs 0602204007,替米沙坦 || pH1.2 || 美卡素 vs 欧美宁 || D68415 vs 0602204007 || slot_3,替米沙坦 || pH1.2 || 美卡素 vs 欧美宁 || D68415 vs 0602204007 || 1,0,inconsistent,,,替米沙坦片80mg,美卡素,D68415,替米沙坦片80mg,欧美宁,0602204007,美卡素 vs 欧美宁,different,different,52628,7447,1,6,5,83.33,1,1,1,8,8,100.0,52.67,0,0,100.0,1,0,0,6,generic,1,29.0,0,1,1,6,1,7,1,79.17,100.0,82.89
替米沙坦/pH1.2/side/221105-01-pH1.2T-替米沙坦片80mg-美卡素-D68415-60min-20X-Side-1vs221108-04-pH1.2T-替米沙坦片80mg-欧美宁-0602204007-60min-20X-Side-2-1.docx,221105-01-pH1.2T-替米沙坦片80mg-美卡素-D68415-60min-20X-Side-1vs221108-04-pH1.2T-替米沙坦片80mg-欧美宁-0602204007-60min-20X-Side-2-1.docx,.docx,ok,,32404,替米沙坦,替米沙坦,pH1.2,pH1.2,side,slot_1,,variant_fallback,slot_1,221105-01-pH1.2T-替米沙坦片80mg-美卡素-D68415-60min-20X-Side-1vs221108-04-pH1.2T-替米沙坦片80mg-欧美宁-0602204007-60min-20X-Side-2,美卡素,欧美宁,D68415,0602204007,D68415 vs 0602204007,cross_manufacturer,2,1,2,替米沙坦 || pH1.2 || 美卡素 vs 欧美宁 || D68415 vs 0602204007,替米沙坦 || pH1.2 || 美卡素 vs 欧美宁 || D68415 vs 0602204007 || slot_1,替米沙坦 || pH1.2 || 美卡素 vs 欧美宁 || D68415 vs 0602204007 || 2,0,insufficient,,,替米沙坦片80mg,美卡素,D68415,替米沙坦片80mg,欧美宁,0602204007,美卡素 vs 欧美宁,different,different,53951,7618,1,6,5,83.33,1,1,1,8,8,100.0,51.48,0,0,100.0,1,0,0,7,generic,1,29.0,0,1,1,7,3,7,1,96.25,100.0,85.45
替米沙坦/pH1.2/side/221105-01-pH1.2T-替米沙坦片80mg-美卡素-D68415-60min-20X-Side-1vs221108-04-pH1.2T-替米沙坦片80mg-欧美宁-0602204007-60min-20X-Side-2-2.docx,221105-01-pH1.2T-替米沙坦片80mg-美卡素-D68415-60min-20X-Side-1vs221108-04-pH1.2T-替米沙坦片80mg-欧美宁-0602204007-60min-20X-Side-2-2.docx,.docx,ok,,32550,替米沙坦,替米沙坦,pH1.2,pH1.2,side,slot_2,,variant_fallback,slot_2,221105-01-pH1.2T-替米沙坦片80mg-美卡素-D68415-60min-20X-Side-1vs221108-04-pH1.2T-替米沙坦片80mg-欧美宁-0602204007-60min-20X-Side-2,美卡素,欧美宁,D68415,0602204007,D68415 vs 0602204007,cross_manufacturer,2,1,2,替米沙坦 || pH1.2 || 美卡素 vs 欧美宁 || D68415 vs 0602204007,替米沙坦 || pH1.2 || 美卡素 vs 欧美宁 || D68415 vs 0602204007 || slot_2,替米沙坦 || pH1.2 || 美卡素 vs 欧美宁 || D68415 vs 0602204007 || 2,0,insufficient,same,,替米沙坦片80mg,美卡素,D68415,替米沙坦片80mg,欧美宁,0602204007,美卡素 vs 欧美宁,same,same,53968,7625,1,6,5,83.33,1,1,1,8,8,100.0,52.89,1,0,99.45,1,0,0,6,generic,1,29.0,0,1,1,7,1,7,1,82.92,100.0,83.37
替米沙坦/pH1.2/side/221105-01-pH1.2T-替米沙坦片80mg-美卡素-D68415-60min-20X-Side-1vs221108-04-pH1.2T-替米沙坦片80mg-欧美宁-0602204007-60min-20X-Side-2-3.docx,221105-01-pH1.2T-替米沙坦片80mg-美卡素-D68415-60min-20X-Side-1vs221108-04-pH1.2T-替米沙坦片80mg-欧美宁-0602204007-60min-20X-Side-2-3.docx,.docx,ok,,32700,替米沙坦,替米沙坦,pH1.2,pH1.2,side,slot_3,,variant_fallback,slot_3,221105-01-pH1.2T-替米沙坦片80mg-美卡素-D68415-60min-20X-Side-1vs221108-04-pH1.2T-替米沙坦片80mg-欧美宁-0602204007-60min-20X-Side-2,美卡素,欧美宁,D68415,0602204007,D68415 vs 0602204007,cross_manufacturer,2,1,2,替米沙坦 || pH1.2 || 美卡素 vs 欧美宁 || D68415 vs 0602204007,替米沙坦 || pH1.2 || 美卡素 vs 欧美宁 || D68415 vs 0602204007 || slot_3,替米沙坦 || pH1.2 || 美卡素 vs 欧美宁 || D68415 vs 0602204007 || 2,0,inconsistent,,,替米沙坦片80mg,美卡素,D68415,替米沙坦片80mg,欧美宁,0602204007,美卡素 vs 欧美宁,same,same,55835,7881,1,6,5,83.33,1,1,1,8,8,100.0,52.56,2,0,98.91,1,0,0,5,generic,1,29.0,0,1,1,6,0,7,0,72.5,100.0,81.73
替米沙坦/pH1.2/side/221105-01-pH1.2T-替米沙坦片80mg-美卡素-D68415-60min-20X-Side-1vs221109-05-pH1.2T-替米沙坦片80mg-毓乐宁-50722002A-60min-20X-Side-1-1.docx,221105-01-pH1.2T-替米沙坦片80mg-美卡素-D68415-60min-20X-Side-1vs221109-05-pH1.2T-替米沙坦片80mg-毓乐宁-50722002A-60min-20X-Side-1-1.docx,.docx,ok,,33067,替米沙坦,替米沙坦,pH1.2,pH1.2,side,slot_1,,variant_fallback,slot_1,221105-01-pH1.2T-替米沙坦片80mg-美卡素-D68415-60min-20X-Side-1vs221109-05-pH1.2T-替米沙坦片80mg-毓乐宁-50722002A-60min-20X-Side-1,美卡素,毓乐宁,D68415,50722002A,D68415 vs 50722002A,cross_manufacturer,1,1,1,替米沙坦 || pH1.2 || 美卡素 vs 毓乐宁 || D68415 vs 50722002A,替米沙坦 || pH1.2 || 美卡素 vs 毓乐宁 || D68415 vs 50722002A || slot_1,替米沙坦 || pH1.2 || 美卡素 vs 毓乐宁 || D68415 vs 50722002A || 1,0,insufficient,same,,替米沙坦片80mg,美卡素,D68415,替米沙坦片80mg,毓乐宁,50722002A,美卡素 vs 毓乐宁,different,different,56264,7916,1,6,5,83.33,1,1,1,8,8,100.0,53.44,0,0,100.0,1,0,0,6,generic,1,29.0,0,1,1,6,0,7,0,72.5,100.0,81.89
替米沙坦/pH1.2/side/221105-01-pH1.2T-替米沙坦片80mg-美卡素-D68415-60min-20X-Side-1vs221109-05-pH1.2T-替米沙坦片80mg-毓乐宁-50722002A-60min-20X-Side-1-2.docx,221105-01-pH1.2T-替米沙坦片80mg-美卡素-D68415-60min-20X-Side-1vs221109-05-pH1.2T-替米沙坦片80mg-毓乐宁-50722002A-60min-20X-Side-1-2.docx,.docx,ok,,33661,替米沙坦,替米沙坦,pH1.2,pH1.2,side,slot_2,,variant_fallback,slot_2,221105-01-pH1.2T-替米沙坦片80mg-美卡素-D68415-60min-20X-Side-1vs221109-05-pH1.2T-替米沙坦片80mg-毓乐宁-50722002A-60min-20X-Side-1,美卡素,毓乐宁,D68415,50722002A,D68415 vs 50722002A,cross_manufacturer,1,1,1,替米沙坦 || pH1.2 || 美卡素 vs 毓乐宁 || D68415 vs 50722002A,替米沙坦 || pH1.2 || 美卡素 vs 毓乐宁 || D68415 vs 50722002A || slot_2,替米沙坦 || pH1.2 || 美卡素 vs 毓乐宁 || D68415 vs 50722002A || 1,0,insufficient,same,,替米沙坦片80mg,美卡素,D68415,替米沙坦片80mg,毓乐宁,50722002A,美卡素 vs 毓乐宁,different,different,56982,8078,1,6,5,83.33,1,1,1,8,8,100.0,52.08,1,0,99.45,1,0,0,7,generic,1,29.0,0,1,1,6,2,7,1,85.83,100.0,83.81
替米沙坦/pH1.2/side/221105-01-pH1.2T-替米沙坦片80mg-美卡素-D68415-60min-20X-Side-1vs221109-05-pH1.2T-替米沙坦片80mg-毓乐宁-50722002A-60min-20X-Side-1-3.docx,221105-01-pH1.2T-替米沙坦片80mg-美卡素-D68415-60min-20X-Side-1vs221109-05-pH1.2T-替米沙坦片80mg-毓乐宁-50722002A-60min-20X-Side-1-3.docx,.docx,ok,,34123,替米沙坦,替米沙坦,pH1.2,pH1.2,side,slot_3,,variant_fallback,slot_3,221105-01-pH1.2T-替米沙坦片80mg-美卡素-D68415-60min-20X-Side-1vs221109-05-pH1.2T-替米沙坦片80mg-毓乐宁-50722002A-60min-20X-Side-1,美卡素,毓乐宁,D68415,50722002A,D68415 vs 50722002A,cross_manufacturer,1,1,1,替米沙坦 || pH1.2 || 美卡素 vs 毓乐宁 || D68415 vs 50722002A,替米沙坦 || pH1.2 || 美卡素 vs 毓乐宁 || D68415 vs 50722002A || slot_3,替米沙坦 || pH1.2 || 美卡素 vs 毓乐宁 || D68415 vs 50722002A || 1,0,consistent,same,,替米沙坦片80mg,美卡素,D68415,替米沙坦片80mg,毓乐宁,50722002A,美卡素 vs 毓乐宁,same,same,56830,8020,1,6,5,83.33,1,1,1,8,8,100.0,51.88,1,0,99.45,1,0,0,7,generic,1,29.0,0,1,1,6,0,7,0,72.5,100.0,81.81
替米沙坦/pH1.2/side/221105-01-pH1.2T-替米沙坦片80mg-美卡素-D68415-60min-20X-Side-1vs221109-05-pH1.2T-替米沙坦片80mg-毓乐宁-50722002A-60min-20X-Side-2-1.docx,221105-01-pH1.2T-替米沙坦片80mg-美卡素-D68415-60min-20X-Side-1vs221109-05-pH1.2T-替米沙坦片80mg-毓乐宁-50722002A-60min-20X-Side-2-1.docx,.docx,ok,,32806,替米沙坦,替米沙坦,pH1.2,pH1.2,side,slot_1,,variant_fallback,slot_1,221105-01-pH1.2T-替米沙坦片80mg-美卡素-D68415-60min-20X-Side-1vs221109-05-pH1.2T-替米沙坦片80mg-毓乐宁-50722002A-60min-20X-Side-2,美卡素,毓乐宁,D68415,50722002A,D68415 vs 50722002A,cross_manufacturer,2,1,2,替米沙坦 || pH1.2 || 美卡素 vs 毓乐宁 || D68415 vs 50722002A,替米沙坦 || pH1.2 || 美卡素 vs 毓乐宁 || D68415 vs 50722002A || slot_1,替米沙坦 || pH1.2 || 美卡素 vs 毓乐宁 || D68415 vs 50722002A || 2,0,insufficient,same,,替米沙坦片80mg,美卡素,D68415,替米沙坦片80mg,毓乐宁,50722002A,美卡素 vs 毓乐宁,same,same,55197,7810,1,6,5,83.33,1,1,1,8,8,100.0,51.64,2,0,98.91,1,0,0,7,generic,1,29.0,0,1,1,6,2,7,1,85.83,100.0,83.73
替米沙坦/pH1.2/side/221105-01-pH1.2T-替米沙坦片80mg-美卡素-D68415-60min-20X-Side-1vs221109-05-pH1.2T-替米沙坦片80mg-毓乐宁-50722002A-60min-20X-Side-2-2.docx,221105-01-pH1.2T-替米沙坦片80mg-美卡素-D68415-60min-20X-Side-1vs221109-05-pH1.2T-替米沙坦片80mg-毓乐宁-50722002A-60min-20X-Side-2-2.docx,.docx,ok,,33006,替米沙坦,替米沙坦,pH1.2,pH1.2,side,slot_2,,variant_fallback,slot_2,221105-01-pH1.2T-替米沙坦片80mg-美卡素-D68415-60min-20X-Side-1vs221109-05-pH1.2T-替米沙坦片80mg-毓乐宁-50722002A-60min-20X-Side-2,美卡素,毓乐宁,D68415,50722002A,D68415 vs 50722002A,cross_manufacturer,2,1,2,替米沙坦 || pH1.2 || 美卡素 vs 毓乐宁 || D68415 vs 50722002A,替米沙坦 || pH1.2 || 美卡素 vs 毓乐宁 || D68415 vs 50722002A || slot_2,替米沙坦 || pH1.2 || 美卡素 vs 毓乐宁 || D68415 vs 50722002A || 2,0,insufficient,same,,替米沙坦片80mg,美卡素,D68415,替米沙坦片80mg,毓乐宁,50722002A,美卡素 vs 毓乐宁,same,same,55712,7954,1,6,5,83.33,1,1,1,8,8,100.0,52.22,0,0,100.0,1,0,0,5,generic,1,29.0,0,1,1,6,1,7,1,79.17,100.0,82.89
替米沙坦/pH1.2/side/221105-01-pH1.2T-替米沙坦片80mg-美卡素-D68415-60min-20X-Side-1vs221109-05-pH1.2T-替米沙坦片80mg-毓乐宁-50722002A-60min-20X-Side-2-3.docx,221105-01-pH1.2T-替米沙坦片80mg-美卡素-D68415-60min-20X-Side-1vs221109-05-pH1.2T-替米沙坦片80mg-毓乐宁-50722002A-60min-20X-Side-2-3.docx,.docx,ok,,32239,替米沙坦,替米沙坦,pH1.2,pH1.2,side,slot_3,,variant_fallback,slot_3,221105-01-pH1.2T-替米沙坦片80mg-美卡素-D68415-60min-20X-Side-1vs221109-05-pH1.2T-替米沙坦片80mg-毓乐宁-50722002A-60min-20X-Side-2,美卡素,毓乐宁,D68415,50722002A,D68415 vs 50722002A,cross_manufacturer,2,1,2,替米沙坦 || pH1.2 || 美卡素 vs 毓乐宁 || D68415 vs 50722002A,替米沙坦 || pH1.2 || 美卡素 vs 毓乐宁 || D68415 vs 50722002A || slot_3,替米沙坦 || pH1.2 || 美卡素 vs 毓乐宁 || D68415 vs 50722002A || 2,0,consistent,same,,替米沙坦片80mg,美卡素,D68415,替米沙坦片80mg,毓乐宁,50722002A,美卡素 vs 毓乐宁,same,same,54123,7663,1,6,5,83.33,1,1,1,8,8,100.0,50.5,4,0,97.81,1,0,0,12,structured,0,40.0,0,1,1,6,2,6,1,85.83,100.0,85.21
替米沙坦/pH1.2/top/221105-01-pH1.2T-替米沙坦片80mg-美卡素-D68415-60min-20X-Top-1vs221105-01-pH1.2T-替米沙坦片80mg-美卡素-D68415-60min-20X-Top-1-1.docx,221105-01-pH1.2T-替米沙坦片80mg-美卡素-D68415-60min-20X-Top-1vs221105-01-pH1.2T-替米沙坦片80mg-美卡素-D68415-60min-20X-Top-1-1.docx,.docx,ok,,31792,替米沙坦,替米沙坦,pH1.2,pH1.2,top,slot_1,,variant_fallback,slot_1,221105-01-pH1.2T-替米沙坦片80mg-美卡素-D68415-60min-20X-Top-1vs221105-01-pH1.2T-替米沙坦片80mg-美卡素-D68415-60min-20X-Top-1,美卡素,美卡素,D68415,D68415,D68415 vs D68415,same_manufacturer,1,1,1,替米沙坦 || pH1.2 || 美卡素 vs 美卡素 || D68415 vs D68415,替米沙坦 || pH1.2 || 美卡素 vs 美卡素 || D68415 vs D68415 || slot_1,替米沙坦 || pH1.2 || 美卡素 vs 美卡素 || D68415 vs D68415 || 1,1,insufficient,same,,替米沙坦片80mg,美卡素,D68415,替米沙坦片80mg,美卡素,D68415,美卡素 vs 美卡素,same,same,52256,7262,1,6,5,83.33,1,1,1,8,8,100.0,48,0,0,100.0,1,0,0,6,generic,1,29.0,0,1,1,7,2,7,1,89.58,100.0,84.45
替米沙坦/pH1.2/top/221105-01-pH1.2T-替米沙坦片80mg-美卡素-D68415-60min-20X-Top-1vs221105-01-pH1.2T-替米沙坦片80mg-美卡素-D68415-60min-20X-Top-1-2.docx,221105-01-pH1.2T-替米沙坦片80mg-美卡素-D68415-60min-20X-Top-1vs221105-01-pH1.2T-替米沙坦片80mg-美卡素-D68415-60min-20X-Top-1-2.docx,.docx,ok,,33229,替米沙坦,替米沙坦,pH1.2,pH1.2,top,slot_2,,variant_fallback,slot_2,221105-01-pH1.2T-替米沙坦片80mg-美卡素-D68415-60min-20X-Top-1vs221105-01-pH1.2T-替米沙坦片80mg-美卡素-D68415-60min-20X-Top-1,美卡素,美卡素,D68415,D68415,D68415 vs D68415,same_manufacturer,1,1,1,替米沙坦 || pH1.2 || 美卡素 vs 美卡素 || D68415 vs D68415,替米沙坦 || pH1.2 || 美卡素 vs 美卡素 || D68415 vs D68415 || slot_2,替米沙坦 || pH1.2 || 美卡素 vs 美卡素 || D68415 vs D68415 || 1,1,insufficient,same,,替米沙坦片80mg,美卡素,D68415,替米沙坦片80mg,美卡素,D68415,美卡素 vs 美卡素,same,same,57175,8026,1,6,5,83.33,1,1,1,8,8,100.0,49,1,0,99.45,1,0,0,6,generic,1,29.0,0,1,1,6,2,7,1,85.83,100.0,83.81
替米沙坦/pH1.2/top/221105-01-pH1.2T-替米沙坦片80mg-美卡素-D68415-60min-20X-Top-1vs221105-01-pH1.2T-替米沙坦片80mg-美卡素-D68415-60min-20X-Top-1-3.docx,221105-01-pH1.2T-替米沙坦片80mg-美卡素-D68415-60min-20X-Top-1vs221105-01-pH1.2T-替米沙坦片80mg-美卡素-D68415-60min-20X-Top-1-3.docx,.docx,ok,,31712,替米沙坦,替米沙坦,pH1.2,pH1.2,top,slot_3,,variant_fallback,slot_3,221105-01-pH1.2T-替米沙坦片80mg-美卡素-D68415-60min-20X-Top-1vs221105-01-pH1.2T-替米沙坦片80mg-美卡素-D68415-60min-20X-Top-1,美卡素,美卡素,D68415,D68415,D68415 vs D68415,same_manufacturer,1,1,1,替米沙坦 || pH1.2 || 美卡素 vs 美卡素 || D68415 vs D68415,替米沙坦 || pH1.2 || 美卡素 vs 美卡素 || D68415 vs D68415 || slot_3,替米沙坦 || pH1.2 || 美卡素 vs 美卡素 || D68415 vs D68415 || 1,1,consistent,same,,替米沙坦片80mg,美卡素,D68415,替米沙坦片80mg,美卡素,D68415,美卡素 vs 美卡素,same,same,51127,7179,1,6,5,83.33,1,1,1,8,8,100.0,48.58,0,0,100.0,1,0,0,5,generic,1,29.0,0,1,1,6,2,7,1,85.83,100.0,83.89
替米沙坦/pH1.2/top/221105-01-pH1.2T-替米沙坦片80mg-美卡素-D68415-60min-20X-Top-1vs221105-01-pH1.2T-替米沙坦片80mg-美卡素-D68415-60min-20X-Top-2-1.docx,221105-01-pH1.2T-替米沙坦片80mg-美卡素-D68415-60min-20X-Top-1vs221105-01-pH1.2T-替米沙坦片80mg-美卡素-D68415-60min-20X-Top-2-1.docx,.docx,ok,,33633,替米沙坦,替米沙坦,pH1.2,pH1.2,top,slot_1,,variant_fallback,slot_1,221105-01-pH1.2T-替米沙坦片80mg-美卡素-D68415-60min-20X-Top-1vs221105-01-pH1.2T-替米沙坦片80mg-美卡素-D68415-60min-20X-Top-2,美卡素,美卡素,D68415,D68415,D68415 vs D68415,same_manufacturer,2,1,2,替米沙坦 || pH1.2 || 美卡素 vs 美卡素 || D68415 vs D68415,替米沙坦 || pH1.2 || 美卡素 vs 美卡素 || D68415 vs D68415 || slot_1,替米沙坦 || pH1.2 || 美卡素 vs 美卡素 || D68415 vs D68415 || 2,1,insufficient,same,,替米沙坦片80mg,美卡素,D68415,替米沙坦片80mg,美卡素,D68415,美卡素 vs 美卡素,same,same,56256,7969,1,6,5,83.33,1,1,1,8,8,100.0,52.28,0,0,100.0,1,0,0,5,generic,1,29.0,0,1,1,6,1,7,1,79.17,100.0,82.89
替米沙坦/pH1.2/top/221105-01-pH1.2T-替米沙坦片80mg-美卡素-D68415-60min-20X-Top-1vs221105-01-pH1.2T-替米沙坦片80mg-美卡素-D68415-60min-20X-Top-2-2.docx,221105-01-pH1.2T-替米沙坦片80mg-美卡素-D68415-60min-20X-Top-1vs221105-01-pH1.2T-替米沙坦片80mg-美卡素-D68415-60min-20X-Top-2-2.docx,.docx,ok,,31980,替米沙坦,替米沙坦,pH1.2,pH1.2,top,slot_2,,variant_fallback,slot_2,221105-01-pH1.2T-替米沙坦片80mg-美卡素-D68415-60min-20X-Top-1vs221105-01-pH1.2T-替米沙坦片80mg-美卡素-D68415-60min-20X-Top-2,美卡素,美卡素,D68415,D68415,D68415 vs D68415,same_manufacturer,2,1,2,替米沙坦 || pH1.2 || 美卡素 vs 美卡素 || D68415 vs D68415,替米沙坦 || pH1.2 || 美卡素 vs 美卡素 || D68415 vs D68415 || slot_2,替米沙坦 || pH1.2 || 美卡素 vs 美卡素 || D68415 vs D68415 || 2,1,insufficient,same,,替米沙坦片80mg,美卡素,D68415,替米沙坦片80mg,美卡素,D68415,美卡素 vs 美卡素,same,same,51643,7198,1,6,5,83.33,1,1,1,8,8,100.0,48.31,0,0,100.0,1,0,0,6,generic,1,29.0,0,1,1,7,1,7,1,82.92,100.0,83.45
替米沙坦/pH1.2/top/221105-01-pH1.2T-替米沙坦片80mg-美卡素-D68415-60min-20X-Top-1vs221105-01-pH1.2T-替米沙坦片80mg-美卡素-D68415-60min-20X-Top-2-3.docx,221105-01-pH1.2T-替米沙坦片80mg-美卡素-D68415-60min-20X-Top-1vs221105-01-pH1.2T-替米沙坦片80mg-美卡素-D68415-60min-20X-Top-2-3.docx,.docx,ok,,32913,替米沙坦,替米沙坦,pH1.2,pH1.2,top,slot_3,,variant_fallback,slot_3,221105-01-pH1.2T-替米沙坦片80mg-美卡素-D68415-60min-20X-Top-1vs221105-01-pH1.2T-替米沙坦片80mg-美卡素-D68415-60min-20X-Top-2,美卡素,美卡素,D68415,D68415,D68415 vs D68415,same_manufacturer,2,1,2,替米沙坦 || pH1.2 || 美卡素 vs 美卡素 || D68415 vs D68415,替米沙坦 || pH1.2 || 美卡素 vs 美卡素 || D68415 vs D68415 || slot_3,替米沙坦 || pH1.2 || 美卡素 vs 美卡素 || D68415 vs D68415 || 2,1,consistent,same,,替米沙坦片80mg,美卡素,D68415,替米沙坦片80mg,美卡素,D68415,美卡素 vs 美卡素,same,same,56055,7922,1,6,5,83.33,1,1,1,8,8,100.0,53.69,0,0,100.0,1,0,0,7,generic,1,29.0,0,1,1,7,2,6,1,89.58,100.0,84.45
替米沙坦/pH1.2/top/221105-01-pH1.2T-替米沙坦片80mg-美卡素-D68415-60min-20X-Top-1vs221105-01-pH1.2T-替米沙坦片80mg-美卡素-D68415-60min-20X-Top-3-1.docx,221105-01-pH1.2T-替米沙坦片80mg-美卡素-D68415-60min-20X-Top-1vs221105-01-pH1.2T-替米沙坦片80mg-美卡素-D68415-60min-20X-Top-3-1.docx,.docx,ok,,33019,替米沙坦,替米沙坦,pH1.2,pH1.2,top,slot_1,,variant_fallback,slot_1,221105-01-pH1.2T-替米沙坦片80mg-美卡素-D68415-60min-20X-Top-1vs221105-01-pH1.2T-替米沙坦片80mg-美卡素-D68415-60min-20X-Top-3,美卡素,美卡素,D68415,D68415,D68415 vs D68415,same_manufacturer,3,1,3,替米沙坦 || pH1.2 || 美卡素 vs 美卡素 || D68415 vs D68415,替米沙坦 || pH1.2 || 美卡素 vs 美卡素 || D68415 vs D68415 || slot_1,替米沙坦 || pH1.2 || 美卡素 vs 美卡素 || D68415 vs D68415 || 3,1,insufficient,same,,替米沙坦片80mg,美卡素,D68415,替米沙坦片80mg,美卡素,D68415,美卡素 vs 美卡素,same,same,55800,7951,1,6,5,83.33,1,1,1,8,8,100.0,49.97,1,0,99.45,1,0,0,6,generic,1,29.0,0,1,1,6,3,7,1,92.5,100.0,84.81
替米沙坦/pH1.2/top/221105-01-pH1.2T-替米沙坦片80mg-美卡素-D68415-60min-20X-Top-1vs221105-01-pH1.2T-替米沙坦片80mg-美卡素-D68415-60min-20X-Top-3-2.docx,221105-01-pH1.2T-替米沙坦片80mg-美卡素-D68415-60min-20X-Top-1vs221105-01-pH1.2T-替米沙坦片80mg-美卡素-D68415-60min-20X-Top-3-2.docx,.docx,ok,,32433,替米沙坦,替米沙坦,pH1.2,pH1.2,top,slot_2,,variant_fallback,slot_2,221105-01-pH1.2T-替米沙坦片80mg-美卡素-D68415-60min-20X-Top-1vs221105-01-pH1.2T-替米沙坦片80mg-美卡素-D68415-60min-20X-Top-3,美卡素,美卡素,D68415,D68415,D68415 vs D68415,same_manufacturer,3,1,3,替米沙坦 || pH1.2 || 美卡素 vs 美卡素 || D68415 vs D68415,替米沙坦 || pH1.2 || 美卡素 vs 美卡素 || D68415 vs D68415 || slot_2,替米沙坦 || pH1.2 || 美卡素 vs 美卡素 || D68415 vs D68415 || 3,1,insufficient,same,,替米沙坦片80mg,美卡素,D68415,替米沙坦片80mg,美卡素,D68415,美卡素 vs 美卡素,same,same,54752,7746,1,6,5,83.33,1,1,1,8,8,100.0,52.83,1,0,99.45,1,0,0,7,generic,1,29.0,0,1,1,6,1,7,1,79.17,100.0,82.81
替米沙坦/pH1.2/top/221105-01-pH1.2T-替米沙坦片80mg-美卡素-D68415-60min-20X-Top-1vs221105-01-pH1.2T-替米沙坦片80mg-美卡素-D68415-60min-20X-Top-3-3.docx,221105-01-pH1.2T-替米沙坦片80mg-美卡素-D68415-60min-20X-Top-1vs221105-01-pH1.2T-替米沙坦片80mg-美卡素-D68415-60min-20X-Top-3-3.docx,.docx,ok,,33435,替米沙坦,替米沙坦,pH1.2,pH1.2,top,slot_3,,variant_fallback,slot_3,221105-01-pH1.2T-替米沙坦片80mg-美卡素-D68415-60min-20X-Top-1vs221105-01-pH1.2T-替米沙坦片80mg-美卡素-D68415-60min-20X-Top-3,美卡素,美卡素,D68415,D68415,D68415 vs D68415,same_manufacturer,3,1,3,替米沙坦 || pH1.2 || 美卡素 vs 美卡素 || D68415 vs D68415,替米沙坦 || pH1.2 || 美卡素 vs 美卡素 || D68415 vs D68415 || slot_3,替米沙坦 || pH1.2 || 美卡素 vs 美卡素 || D68415 vs D68415 || 3,1,consistent,same,,替米沙坦片80mg,美卡素,D68415,替米沙坦片80mg,美卡素,D68415,美卡素 vs 美卡素,same,same,55371,7780,1,6,5,83.33,1,1,1,8,8,100.0,50.89,2,0,98.91,1,0,0,5,generic,1,29.0,0,1,1,6,1,7,1,79.17,100.0,82.73
替米沙坦/pH1.2/top/221105-01-pH1.2T-替米沙坦片80mg-美卡素-D68415-60min-20X-Top-1vs221106-02-pH1.2T-替米沙坦片80mg-舒尼亚-32206057-60min-20X-Top-1-1.docx,221105-01-pH1.2T-替米沙坦片80mg-美卡素-D68415-60min-20X-Top-1vs221106-02-pH1.2T-替米沙坦片80mg-舒尼亚-32206057-60min-20X-Top-1-1.docx,.docx,ok,,33881,替米沙坦,替米沙坦,pH1.2,pH1.2,top,slot_1,,variant_fallback,slot_1,221105-01-pH1.2T-替米沙坦片80mg-美卡素-D68415-60min-20X-Top-1vs221106-02-pH1.2T-替米沙坦片80mg-舒尼亚-32206057-60min-20X-Top-1,美卡素,舒尼亚,D68415,32206057,D68415 vs 32206057,cross_manufacturer,1,1,1,替米沙坦 || pH1.2 || 美卡素 vs 舒尼亚 || D68415 vs 32206057,替米沙坦 || pH1.2 || 美卡素 vs 舒尼亚 || D68415 vs 32206057 || slot_1,替米沙坦 || pH1.2 || 美卡素 vs 舒尼亚 || D68415 vs 32206057 || 1,1,insufficient,,,替米沙坦片80mg,美卡素,D68415,替米沙坦片80mg,舒尼亚,32206057,美卡素 vs 舒尼亚,same,same,57826,8098,1,6,5,83.33,1,1,1,8,8,100.0,54.47,2,0,98.91,1,0,0,5,generic,1,29.0,0,1,1,7,1,7,1,82.92,100.0,83.29
替米沙坦/pH1.2/top/221105-01-pH1.2T-替米沙坦片80mg-美卡素-D68415-60min-20X-Top-1vs221106-02-pH1.2T-替米沙坦片80mg-舒尼亚-32206057-60min-20X-Top-1-2.docx,221105-01-pH1.2T-替米沙坦片80mg-美卡素-D68415-60min-20X-Top-1vs221106-02-pH1.2T-替米沙坦片80mg-舒尼亚-32206057-60min-20X-Top-1-2.docx,.docx,ok,,31861,替米沙坦,替米沙坦,pH1.2,pH1.2,top,slot_2,,variant_fallback,slot_2,221105-01-pH1.2T-替米沙坦片80mg-美卡素-D68415-60min-20X-Top-1vs221106-02-pH1.2T-替米沙坦片80mg-舒尼亚-32206057-60min-20X-Top-1,美卡素,舒尼亚,D68415,32206057,D68415 vs 32206057,cross_manufacturer,1,1,1,替米沙坦 || pH1.2 || 美卡素 vs 舒尼亚 || D68415 vs 32206057,替米沙坦 || pH1.2 || 美卡素 vs 舒尼亚 || D68415 vs 32206057 || slot_2,替米沙坦 || pH1.2 || 美卡素 vs 舒尼亚 || D68415 vs 32206057 || 1,1,insufficient,,,替米沙坦片80mg,美卡素,D68415,替米沙坦片80mg,舒尼亚,32206057,美卡素 vs 舒尼亚,same,same,52357,7424,1,6,5,83.33,1,1,1,8,8,100.0,49.08,0,0,100.0,1,0,0,7,generic,1,29.0,0,1,1,6,3,7,1,92.5,100.0,84.89
替米沙坦/pH1.2/top/221105-01-pH1.2T-替米沙坦片80mg-美卡素-D68415-60min-20X-Top-1vs221106-02-pH1.2T-替米沙坦片80mg-舒尼亚-32206057-60min-20X-Top-1-3.docx,221105-01-pH1.2T-替米沙坦片80mg-美卡素-D68415-60min-20X-Top-1vs221106-02-pH1.2T-替米沙坦片80mg-舒尼亚-32206057-60min-20X-Top-1-3.docx,.docx,ok,,33018,替米沙坦,替米沙坦,pH1.2,pH1.2,top,slot_3,,variant_fallback,slot_3,221105-01-pH1.2T-替米沙坦片80mg-美卡素-D68415-60min-20X-Top-1vs221106-02-pH1.2T-替米沙坦片80mg-舒尼亚-32206057-60min-20X-Top-1,美卡素,舒尼亚,D68415,32206057,D68415 vs 32206057,cross_manufacturer,1,1,1,替米沙坦 || pH1.2 || 美卡素 vs 舒尼亚 || D68415 vs 32206057,替米沙坦 || pH1.2 || 美卡素 vs 舒尼亚 || D68415 vs 32206057 || slot_3,替米沙坦 || pH1.2 || 美卡素 vs 舒尼亚 || D68415 vs 32206057 || 1,1,insufficient,same,,替米沙坦片80mg,美卡素,D68415,替米沙坦片80mg,舒尼亚,32206057,美卡素 vs 舒尼亚,same,same,56722,7991,1,6,5,83.33,1,1,1,8,8,100.0,51.03,2,0,98.91,1,0,0,5,generic,1,29.0,0,1,1,6,2,7,1,85.83,100.0,83.73
替米沙坦/pH1.2/top/221105-01-pH1.2T-替米沙坦片80mg-美卡素-D68415-60min-20X-Top-1vs221106-02-pH1.2T-替米沙坦片80mg-舒尼亚-32206057-60min-20X-Top-2-1.docx,221105-01-pH1.2T-替米沙坦片80mg-美卡素-D68415-60min-20X-Top-1vs221106-02-pH1.2T-替米沙坦片80mg-舒尼亚-32206057-60min-20X-Top-2-1.docx,.docx,ok,,33849,替米沙坦,替米沙坦,pH1.2,pH1.2,top,slot_1,,variant_fallback,slot_1,221105-01-pH1.2T-替米沙坦片80mg-美卡素-D68415-60min-20X-Top-1vs221106-02-pH1.2T-替米沙坦片80mg-舒尼亚-32206057-60min-20X-Top-2,美卡素,舒尼亚,D68415,32206057,D68415 vs 32206057,cross_manufacturer,2,1,2,替米沙坦 || pH1.2 || 美卡素 vs 舒尼亚 || D68415 vs 32206057,替米沙坦 || pH1.2 || 美卡素 vs 舒尼亚 || D68415 vs 32206057 || slot_1,替米沙坦 || pH1.2 || 美卡素 vs 舒尼亚 || D68415 vs 32206057 || 2,1,insufficient,,,替米沙坦片80mg,美卡素,D68415,替米沙坦片80mg,舒尼亚,32206057,美卡素 vs 舒尼亚,same,same,56567,7941,1,6,5,83.33,1,1,1,8,8,100.0,53.22,1,0,99.45,1,0,0,10,generic,1,29.0,0,1,1,6,3,8,1,92.5,100.0,84.81
替米沙坦/pH1.2/top/221105-01-pH1.2T-替米沙坦片80mg-美卡素-D68415-60min-20X-Top-1vs221106-02-pH1.2T-替米沙坦片80mg-舒尼亚-32206057-60min-20X-Top-2-2.docx,221105-01-pH1.2T-替米沙坦片80mg-美卡素-D68415-60min-20X-Top-1vs221106-02-pH1.2T-替米沙坦片80mg-舒尼亚-32206057-60min-20X-Top-2-2.docx,.docx,ok,,32825,替米沙坦,替米沙坦,pH1.2,pH1.2,top,slot_2,,variant_fallback,slot_2,221105-01-pH1.2T-替米沙坦片80mg-美卡素-D68415-60min-20X-Top-1vs221106-02-pH1.2T-替米沙坦片80mg-舒尼亚-32206057-60min-20X-Top-2,美卡素,舒尼亚,D68415,32206057,D68415 vs 32206057,cross_manufacturer,2,1,2,替米沙坦 || pH1.2 || 美卡素 vs 舒尼亚 || D68415 vs 32206057,替米沙坦 || pH1.2 || 美卡素 vs 舒尼亚 || D68415 vs 32206057 || slot_2,替米沙坦 || pH1.2 || 美卡素 vs 舒尼亚 || D68415 vs 32206057 || 2,1,insufficient,,,替米沙坦片80mg,美卡素,D68415,替米沙坦片80mg,舒尼亚,32206057,美卡素 vs 舒尼亚,same,same,56009,7900,1,6,5,83.33,1,1,1,8,8,100.0,49.17,0,0,100.0,1,0,0,5,generic,1,29.0,0,1,1,6,3,7,1,92.5,100.0,84.89
替米沙坦/pH1.2/top/221105-01-pH1.2T-替米沙坦片80mg-美卡素-D68415-60min-20X-Top-1vs221106-02-pH1.2T-替米沙坦片80mg-舒尼亚-32206057-60min-20X-Top-2-3.docx,221105-01-pH1.2T-替米沙坦片80mg-美卡素-D68415-60min-20X-Top-1vs221106-02-pH1.2T-替米沙坦片80mg-舒尼亚-32206057-60min-20X-Top-2-3.docx,.docx,ok,,32499,替米沙坦,替米沙坦,pH1.2,pH1.2,top,slot_3,,variant_fallback,slot_3,221105-01-pH1.2T-替米沙坦片80mg-美卡素-D68415-60min-20X-Top-1vs221106-02-pH1.2T-替米沙坦片80mg-舒尼亚-32206057-60min-20X-Top-2,美卡素,舒尼亚,D68415,32206057,D68415 vs 32206057,cross_manufacturer,2,1,2,替米沙坦 || pH1.2 || 美卡素 vs 舒尼亚 || D68415 vs 32206057,替米沙坦 || pH1.2 || 美卡素 vs 舒尼亚 || D68415 vs 32206057 || slot_3,替米沙坦 || pH1.2 || 美卡素 vs 舒尼亚 || D68415 vs 32206057 || 2,1,insufficient,same,,替米沙坦片80mg,美卡素,D68415,替米沙坦片80mg,舒尼亚,32206057,美卡素 vs 舒尼亚,same,same,55247,7765,1,6,5,83.33,1,1,1,8,8,100.0,51.95,0,0,100.0,1,0,0,6,generic,1,29.0,0,1,1,6,1,7,1,79.17,100.0,82.89
替米沙坦/pH1.2/top/221105-01-pH1.2T-替米沙坦片80mg-美卡素-D68415-60min-20X-Top-1vs221106-02-pH1.2T-替米沙坦片80mg-舒尼亚-32206057-60min-20X-Top-3-1.docx,221105-01-pH1.2T-替米沙坦片80mg-美卡素-D68415-60min-20X-Top-1vs221106-02-pH1.2T-替米沙坦片80mg-舒尼亚-32206057-60min-20X-Top-3-1.docx,.docx,ok,,33155,替米沙坦,替米沙坦,pH1.2,pH1.2,top,slot_1,,variant_fallback,slot_1,221105-01-pH1.2T-替米沙坦片80mg-美卡素-D68415-60min-20X-Top-1vs221106-02-pH1.2T-替米沙坦片80mg-舒尼亚-32206057-60min-20X-Top-3,美卡素,舒尼亚,D68415,32206057,D68415 vs 32206057,cross_manufacturer,3,1,3,替米沙坦 || pH1.2 || 美卡素 vs 舒尼亚 || D68415 vs 32206057,替米沙坦 || pH1.2 || 美卡素 vs 舒尼亚 || D68415 vs 32206057 || slot_1,替米沙坦 || pH1.2 || 美卡素 vs 舒尼亚 || D68415 vs 32206057 || 3,1,insufficient,,,替米沙坦片80mg,美卡素,D68415,替米沙坦片80mg,舒尼亚,32206057,美卡素 vs 舒尼亚,same,same,57066,8110,1,6,5,83.33,1,1,1,8,8,100.0,53.62,0,0,100.0,1,0,0,6,generic,1,29.0,0,1,1,6,3,8,1,92.5,100.0,84.89
替米沙坦/pH1.2/top/221105-01-pH1.2T-替米沙坦片80mg-美卡素-D68415-60min-20X-Top-1vs221106-02-pH1.2T-替米沙坦片80mg-舒尼亚-32206057-60min-20X-Top-3-2.docx,221105-01-pH1.2T-替米沙坦片80mg-美卡素-D68415-60min-20X-Top-1vs221106-02-pH1.2T-替米沙坦片80mg-舒尼亚-32206057-60min-20X-Top-3-2.docx,.docx,ok,,31926,替米沙坦,替米沙坦,pH1.2,pH1.2,top,slot_2,,variant_fallback,slot_2,221105-01-pH1.2T-替米沙坦片80mg-美卡素-D68415-60min-20X-Top-1vs221106-02-pH1.2T-替米沙坦片80mg-舒尼亚-32206057-60min-20X-Top-3,美卡素,舒尼亚,D68415,32206057,D68415 vs 32206057,cross_manufacturer,3,1,3,替米沙坦 || pH1.2 || 美卡素 vs 舒尼亚 || D68415 vs 32206057,替米沙坦 || pH1.2 || 美卡素 vs 舒尼亚 || D68415 vs 32206057 || slot_2,替米沙坦 || pH1.2 || 美卡素 vs 舒尼亚 || D68415 vs 32206057 || 3,1,insufficient,,,替米沙坦片80mg,美卡素,D68415,替米沙坦片80mg,舒尼亚,32206057,美卡素 vs 舒尼亚,same,same,50547,7087,1,6,5,83.33,1,1,1,8,8,100.0,47.92,2,0,98.91,1,0,0,8,generic,1,29.0,0,1,1,7,1,7,1,82.92,100.0,83.29
替米沙坦/pH1.2/top/221105-01-pH1.2T-替米沙坦片80mg-美卡素-D68415-60min-20X-Top-1vs221106-02-pH1.2T-替米沙坦片80mg-舒尼亚-32206057-60min-20X-Top-3-3.docx,221105-01-pH1.2T-替米沙坦片80mg-美卡素-D68415-60min-20X-Top-1vs221106-02-pH1.2T-替米沙坦片80mg-舒尼亚-32206057-60min-20X-Top-3-3.docx,.docx,ok,,33262,替米沙坦,替米沙坦,pH1.2,pH1.2,top,slot_3,,variant_fallback,slot_3,221105-01-pH1.2T-替米沙坦片80mg-美卡素-D68415-60min-20X-Top-1vs221106-02-pH1.2T-替米沙坦片80mg-舒尼亚-32206057-60min-20X-Top-3,美卡素,舒尼亚,D68415,32206057,D68415 vs 32206057,cross_manufacturer,3,1,3,替米沙坦 || pH1.2 || 美卡素 vs 舒尼亚 || D68415 vs 32206057,替米沙坦 || pH1.2 || 美卡素 vs 舒尼亚 || D68415 vs 32206057 || slot_3,替米沙坦 || pH1.2 || 美卡素 vs 舒尼亚 || D68415 vs 32206057 || 3,1,insufficient,same,,替米沙坦片80mg,美卡素,D68415,替米沙坦片80mg,舒尼亚,32206057,美卡素 vs 舒尼亚,same,same,56493,7898,1,6,5,83.33,1,1,1,8,8,100.0,51.77,1,0,99.45,1,0,0,11,generic,1,29.0,0,1,1,6,1,7,1,79.17,100.0,82.81
替米沙坦/pH1.2/top/221105-01-pH1.2T-替米沙坦片80mg-美卡素-D68415-60min-20X-Top-1vs221107-03-pH1.2T-替米沙坦片80mg-安内强-220711301-60min-20X-Top-1-1.docx,221105-01-pH1.2T-替米沙坦片80mg-美卡素-D68415-60min-20X-Top-1vs221107-03-pH1.2T-替米沙坦片80mg-安内强-220711301-60min-20X-Top-1-1.docx,.docx,ok,,32990,替米沙坦,替米沙坦,pH1.2,pH1.2,top,slot_1,,variant_fallback,slot_1,221105-01-pH1.2T-替米沙坦片80mg-美卡素-D68415-60min-20X-Top-1vs221107-03-pH1.2T-替米沙坦片80mg-安内强-220711301-60min-20X-Top-1,美卡素,安内强,D68415,220711301,D68415 vs 220711301,cross_manufacturer,1,1,1,替米沙坦 || pH1.2 || 美卡素 vs 安内强 || D68415 vs 220711301,替米沙坦 || pH1.2 || 美卡素 vs 安内强 || D68415 vs 220711301 || slot_1,替米沙坦 || pH1.2 || 美卡素 vs 安内强 || D68415 vs 220711301 || 1,0,insufficient,same,,替米沙坦片80mg,美卡素,D68415,替米沙坦片80mg,安内强,220711301,美卡素 vs 安内强,same,same,55200,7671,1,6,5,83.33,1,1,1,8,8,100.0,51.47,0,0,100.0,1,0,0,5,generic,1,29.0,0,1,1,6,3,7,1,92.5,100.0,84.89
替米沙坦/pH1.2/top/221105-01-pH1.2T-替米沙坦片80mg-美卡素-D68415-60min-20X-Top-1vs221107-03-pH1.2T-替米沙坦片80mg-安内强-220711301-60min-20X-Top-1-2.docx,221105-01-pH1.2T-替米沙坦片80mg-美卡素-D68415-60min-20X-Top-1vs221107-03-pH1.2T-替米沙坦片80mg-安内强-220711301-60min-20X-Top-1-2.docx,.docx,ok,,32023,替米沙坦,替米沙坦,pH1.2,pH1.2,top,slot_2,,variant_fallback,slot_2,221105-01-pH1.2T-替米沙坦片80mg-美卡素-D68415-60min-20X-Top-1vs221107-03-pH1.2T-替米沙坦片80mg-安内强-220711301-60min-20X-Top-1,美卡素,安内强,D68415,220711301,D68415 vs 220711301,cross_manufacturer,1,1,1,替米沙坦 || pH1.2 || 美卡素 vs 安内强 || D68415 vs 220711301,替米沙坦 || pH1.2 || 美卡素 vs 安内强 || D68415 vs 220711301 || slot_2,替米沙坦 || pH1.2 || 美卡素 vs 安内强 || D68415 vs 220711301 || 1,0,insufficient,,,替米沙坦片80mg,美卡素,D68415,替米沙坦片80mg,安内强,220711301,美卡素 vs 安内强,same,same,52938,7398,1,6,5,83.33,1,1,1,8,8,100.0,51.75,1,0,99.45,1,0,0,6,structured,0,40.0,0,1,1,6,3,6,1,92.5,100.0,86.46
替米沙坦/pH1.2/top/221105-01-pH1.2T-替米沙坦片80mg-美卡素-D68415-60min-20X-Top-1vs221107-03-pH1.2T-替米沙坦片80mg-安内强-220711301-60min-20X-Top-1-3.docx,221105-01-pH1.2T-替米沙坦片80mg-美卡素-D68415-60min-20X-Top-1vs221107-03-pH1.2T-替米沙坦片80mg-安内强-220711301-60min-20X-Top-1-3.docx,.docx,ok,,33051,替米沙坦,替米沙坦,pH1.2,pH1.2,top,slot_3,,variant_fallback,slot_3,221105-01-pH1.2T-替米沙坦片80mg-美卡素-D68415-60min-20X-Top-1vs221107-03-pH1.2T-替米沙坦片80mg-安内强-220711301-60min-20X-Top-1,美卡素,安内强,D68415,220711301,D68415 vs 220711301,cross_manufacturer,1,1,1,替米沙坦 || pH1.2 || 美卡素 vs 安内强 || D68415 vs 220711301,替米沙坦 || pH1.2 || 美卡素 vs 安内强 || D68415 vs 220711301 || slot_3,替米沙坦 || pH1.2 || 美卡素 vs 安内强 || D68415 vs 220711301 || 1,0,insufficient,different,,替米沙坦片80mg,美卡素,D68415,替米沙坦片80mg,安内强,220711301,美卡素 vs 安内强,different,different,56302,7997,1,6,5,83.33,1,1,1,8,8,100.0,52.56,0,0,100.0,1,0,0,6,generic,1,29.0,0,1,1,6,2,7,1,85.83,100.0,83.89
替米沙坦/pH1.2/top/221105-01-pH1.2T-替米沙坦片80mg-美卡素-D68415-60min-20X-Top-1vs221107-03-pH1.2T-替米沙坦片80mg-安内强-220711301-60min-20X-Top-2-1.docx,221105-01-pH1.2T-替米沙坦片80mg-美卡素-D68415-60min-20X-Top-1vs221107-03-pH1.2T-替米沙坦片80mg-安内强-220711301-60min-20X-Top-2-1.docx,.docx,ok,,33096,替米沙坦,替米沙坦,pH1.2,pH1.2,top,slot_1,,variant_fallback,slot_1,221105-01-pH1.2T-替米沙坦片80mg-美卡素-D68415-60min-20X-Top-1vs221107-03-pH1.2T-替米沙坦片80mg-安内强-220711301-60min-20X-Top-2,美卡素,安内强,D68415,220711301,D68415 vs 220711301,cross_manufacturer,2,1,2,替米沙坦 || pH1.2 || 美卡素 vs 安内强 || D68415 vs 220711301,替米沙坦 || pH1.2 || 美卡素 vs 安内强 || D68415 vs 220711301 || slot_1,替米沙坦 || pH1.2 || 美卡素 vs 安内强 || D68415 vs 220711301 || 2,0,insufficient,same,,替米沙坦片80mg,美卡素,D68415,替米沙坦片80mg,安内强,220711301,美卡素 vs 安内强,same,same,56517,7982,1,6,5,83.33,1,1,1,7,8,100.0,49.79,1,0,99.38,1,0,0,7,generic,1,29.0,0,1,1,6,2,8,1,85.83,100.0,83.8
替米沙坦/pH1.2/top/221105-01-pH1.2T-替米沙坦片80mg-美卡素-D68415-60min-20X-Top-1vs221107-03-pH1.2T-替米沙坦片80mg-安内强-220711301-60min-20X-Top-2-2.docx,221105-01-pH1.2T-替米沙坦片80mg-美卡素-D68415-60min-20X-Top-1vs221107-03-pH1.2T-替米沙坦片80mg-安内强-220711301-60min-20X-Top-2-2.docx,.docx,ok,,32211,替米沙坦,替米沙坦,pH1.2,pH1.2,top,slot_2,,variant_fallback,slot_2,221105-01-pH1.2T-替米沙坦片80mg-美卡素-D68415-60min-20X-Top-1vs221107-03-pH1.2T-替米沙坦片80mg-安内强-220711301-60min-20X-Top-2,美卡素,安内强,D68415,220711301,D68415 vs 220711301,cross_manufacturer,2,1,2,替米沙坦 || pH1.2 || 美卡素 vs 安内强 || D68415 vs 220711301,替米沙坦 || pH1.2 || 美卡素 vs 安内强 || D68415 vs 220711301 || slot_2,替米沙坦 || pH1.2 || 美卡素 vs 安内强 || D68415 vs 220711301 || 2,0,insufficient,,,替米沙坦片80mg,美卡素,D68415,替米沙坦片80mg,安内强,220711301,美卡素 vs 安内强,same,same,54011,7598,1,6,5,83.33,1,1,1,8,8,100.0,51.44,1,0,99.45,1,0,0,11,structured,0,40.0,0,1,1,6,1,7,1,79.17,100.0,84.46
替米沙坦/pH1.2/top/221105-01-pH1.2T-替米沙坦片80mg-美卡素-D68415-60min-20X-Top-1vs221107-03-pH1.2T-替米沙坦片80mg-安内强-220711301-60min-20X-Top-2-3.docx,221105-01-pH1.2T-替米沙坦片80mg-美卡素-D68415-60min-20X-Top-1vs221107-03-pH1.2T-替米沙坦片80mg-安内强-220711301-60min-20X-Top-2-3.docx,.docx,ok,,31829,替米沙坦,替米沙坦,pH1.2,pH1.2,top,slot_3,,variant_fallback,slot_3,221105-01-pH1.2T-替米沙坦片80mg-美卡素-D68415-60min-20X-Top-1vs221107-03-pH1.2T-替米沙坦片80mg-安内强-220711301-60min-20X-Top-2,美卡素,安内强,D68415,220711301,D68415 vs 220711301,cross_manufacturer,2,1,2,替米沙坦 || pH1.2 || 美卡素 vs 安内强 || D68415 vs 220711301,替米沙坦 || pH1.2 || 美卡素 vs 安内强 || D68415 vs 220711301 || slot_3,替米沙坦 || pH1.2 || 美卡素 vs 安内强 || D68415 vs 220711301 || 2,0,insufficient,different,,替米沙坦片80mg,美卡素,D68415,替米沙坦片80mg,安内强,220711301,美卡素 vs 安内强,same,same,53171,7424,1,6,5,83.33,1,1,1,8,8,100.0,49.25,0,0,100.0,1,0,0,7,generic,1,29.0,0,1,1,7,3,7,1,96.25,100.0,85.45
替米沙坦/pH1.2/top/221105-01-pH1.2T-替米沙坦片80mg-美卡素-D68415-60min-20X-Top-1vs221108-04-pH1.2T-替米沙坦片80mg-欧美宁-0602204007-60min-20X-Top-1-1.docx,221105-01-pH1.2T-替米沙坦片80mg-美卡素-D68415-60min-20X-Top-1vs221108-04-pH1.2T-替米沙坦片80mg-欧美宁-0602204007-60min-20X-Top-1-1.docx,.docx,ok,,32462,替米沙坦,替米沙坦,pH1.2,pH1.2,top,slot_1,,variant_fallback,slot_1,221105-01-pH1.2T-替米沙坦片80mg-美卡素-D68415-60min-20X-Top-1vs221108-04-pH1.2T-替米沙坦片80mg-欧美宁-0602204007-60min-20X-Top-1,美卡素,欧美宁,D68415,0602204007,D68415 vs 0602204007,cross_manufacturer,1,1,1,替米沙坦 || pH1.2 || 美卡素 vs 欧美宁 || D68415 vs 0602204007,替米沙坦 || pH1.2 || 美卡素 vs 欧美宁 || D68415 vs 0602204007 || slot_1,替米沙坦 || pH1.2 || 美卡素 vs 欧美宁 || D68415 vs 0602204007 || 1,0,insufficient,,,替米沙坦片80mg,美卡素,D68415,替米沙坦片80mg,欧美宁,0602204007,美卡素 vs 欧美宁,same,same,53657,7454,1,6,5,83.33,1,1,1,8,8,100.0,51.31,0,0,100.0,1,0,0,6,generic,1,29.0,0,1,1,7,2,7,1,89.58,100.0,84.45
替米沙坦/pH1.2/top/221105-01-pH1.2T-替米沙坦片80mg-美卡素-D68415-60min-20X-Top-1vs221108-04-pH1.2T-替米沙坦片80mg-欧美宁-0602204007-60min-20X-Top-1-2.docx,221105-01-pH1.2T-替米沙坦片80mg-美卡素-D68415-60min-20X-Top-1vs221108-04-pH1.2T-替米沙坦片80mg-欧美宁-0602204007-60min-20X-Top-1-2.docx,.docx,ok,,32178,替米沙坦,替米沙坦,pH1.2,pH1.2,top,slot_2,,variant_fallback,slot_2,221105-01-pH1.2T-替米沙坦片80mg-美卡素-D68415-60min-20X-Top-1vs221108-04-pH1.2T-替米沙坦片80mg-欧美宁-0602204007-60min-20X-Top-1,美卡素,欧美宁,D68415,0602204007,D68415 vs 0602204007,cross_manufacturer,1,1,1,替米沙坦 || pH1.2 || 美卡素 vs 欧美宁 || D68415 vs 0602204007,替米沙坦 || pH1.2 || 美卡素 vs 欧美宁 || D68415 vs 0602204007 || slot_2,替米沙坦 || pH1.2 || 美卡素 vs 欧美宁 || D68415 vs 0602204007 || 1,0,insufficient,same,,替米沙坦片80mg,美卡素,D68415,替米沙坦片80mg,欧美宁,0602204007,美卡素 vs 欧美宁,same,same,53078,7510,1,6,4,66.67,1,0,1,8,8,100.0,50.97,0,0,100.0,1,0,0,5,structured,0,40.0,0,1,1,6,2,8,1,85.83,100.0,82.21
替米沙坦/pH1.2/top/221105-01-pH1.2T-替米沙坦片80mg-美卡素-D68415-60min-20X-Top-1vs221108-04-pH1.2T-替米沙坦片80mg-欧美宁-0602204007-60min-20X-Top-1-3.docx,221105-01-pH1.2T-替米沙坦片80mg-美卡素-D68415-60min-20X-Top-1vs221108-04-pH1.2T-替米沙坦片80mg-欧美宁-0602204007-60min-20X-Top-1-3.docx,.docx,ok,,33427,替米沙坦,替米沙坦,pH1.2,pH1.2,top,slot_3,,variant_fallback,slot_3,221105-01-pH1.2T-替米沙坦片80mg-美卡素-D68415-60min-20X-Top-1vs221108-04-pH1.2T-替米沙坦片80mg-欧美宁-0602204007-60min-20X-Top-1,美卡素,欧美宁,D68415,0602204007,D68415 vs 0602204007,cross_manufacturer,1,1,1,替米沙坦 || pH1.2 || 美卡素 vs 欧美宁 || D68415 vs 0602204007,替米沙坦 || pH1.2 || 美卡素 vs 欧美宁 || D68415 vs 0602204007 || slot_3,替米沙坦 || pH1.2 || 美卡素 vs 欧美宁 || D68415 vs 0602204007 || 1,0,inconsistent,,,替米沙坦片80mg,美卡素,D68415,替米沙坦片80mg,欧美宁,0602204007,美卡素 vs 欧美宁,different,different,55615,7814,1,6,5,83.33,1,1,1,8,8,100.0,51.81,1,0,99.45,1,0,0,7,generic,1,29.0,0,1,1,6,2,7,1,85.83,100.0,83.81
替米沙坦/pH1.2/top/221105-01-pH1.2T-替米沙坦片80mg-美卡素-D68415-60min-20X-Top-1vs221108-04-pH1.2T-替米沙坦片80mg-欧美宁-0602204007-60min-20X-Top-2-1.docx,221105-01-pH1.2T-替米沙坦片80mg-美卡素-D68415-60min-20X-Top-1vs221108-04-pH1.2T-替米沙坦片80mg-欧美宁-0602204007-60min-20X-Top-2-1.docx,.docx,ok,,32272,替米沙坦,替米沙坦,pH1.2,pH1.2,top,slot_1,,variant_fallback,slot_1,221105-01-pH1.2T-替米沙坦片80mg-美卡素-D68415-60min-20X-Top-1vs221108-04-pH1.2T-替米沙坦片80mg-欧美宁-0602204007-60min-20X-Top-2,美卡素,欧美宁,D68415,0602204007,D68415 vs 0602204007,cross_manufacturer,2,1,2,替米沙坦 || pH1.2 || 美卡素 vs 欧美宁 || D68415 vs 0602204007,替米沙坦 || pH1.2 || 美卡素 vs 欧美宁 || D68415 vs 0602204007 || slot_1,替米沙坦 || pH1.2 || 美卡素 vs 欧美宁 || D68415 vs 0602204007 || 2,0,insufficient,,,替米沙坦片80mg,美卡素,D68415,替米沙坦片80mg,欧美宁,0602204007,美卡素 vs 欧美宁,same,same,53849,7579,1,6,5,83.33,1,1,1,8,8,100.0,51.38,1,0,99.45,1,0,0,6,generic,1,29.0,0,1,1,6,2,7,1,85.83,100.0,83.81
替米沙坦/pH1.2/top/221105-01-pH1.2T-替米沙坦片80mg-美卡素-D68415-60min-20X-Top-1vs221108-04-pH1.2T-替米沙坦片80mg-欧美宁-0602204007-60min-20X-Top-2-2.docx,221105-01-pH1.2T-替米沙坦片80mg-美卡素-D68415-60min-20X-Top-1vs221108-04-pH1.2T-替米沙坦片80mg-欧美宁-0602204007-60min-20X-Top-2-2.docx,.docx,ok,,33737,替米沙坦,替米沙坦,pH1.2,pH1.2,top,slot_2,,variant_fallback,slot_2,221105-01-pH1.2T-替米沙坦片80mg-美卡素-D68415-60min-20X-Top-1vs221108-04-pH1.2T-替米沙坦片80mg-欧美宁-0602204007-60min-20X-Top-2,美卡素,欧美宁,D68415,0602204007,D68415 vs 0602204007,cross_manufacturer,2,1,2,替米沙坦 || pH1.2 || 美卡素 vs 欧美宁 || D68415 vs 0602204007,替米沙坦 || pH1.2 || 美卡素 vs 欧美宁 || D68415 vs 0602204007 || slot_2,替米沙坦 || pH1.2 || 美卡素 vs 欧美宁 || D68415 vs 0602204007 || 2,0,insufficient,same,,替米沙坦片80mg,美卡素,D68415,替米沙坦片80mg,欧美宁,0602204007,美卡素 vs 欧美宁,same,same,58250,8109,1,6,5,83.33,1,1,1,8,8,100.0,51.12,2,0,98.91,1,0,0,6,generic,1,29.0,0,1,1,7,3,7,1,96.25,100.0,85.29
替米沙坦/pH1.2/top/221105-01-pH1.2T-替米沙坦片80mg-美卡素-D68415-60min-20X-Top-1vs221108-04-pH1.2T-替米沙坦片80mg-欧美宁-0602204007-60min-20X-Top-2-3.docx,221105-01-pH1.2T-替米沙坦片80mg-美卡素-D68415-60min-20X-Top-1vs221108-04-pH1.2T-替米沙坦片80mg-欧美宁-0602204007-60min-20X-Top-2-3.docx,.docx,ok,,30950,替米沙坦,替米沙坦,pH1.2,pH1.2,top,slot_3,,variant_fallback,slot_3,221105-01-pH1.2T-替米沙坦片80mg-美卡素-D68415-60min-20X-Top-1vs221108-04-pH1.2T-替米沙坦片80mg-欧美宁-0602204007-60min-20X-Top-2,美卡素,欧美宁,D68415,0602204007,D68415 vs 0602204007,cross_manufacturer,2,1,2,替米沙坦 || pH1.2 || 美卡素 vs 欧美宁 || D68415 vs 0602204007,替米沙坦 || pH1.2 || 美卡素 vs 欧美宁 || D68415 vs 0602204007 || slot_3,替米沙坦 || pH1.2 || 美卡素 vs 欧美宁 || D68415 vs 0602204007 || 2,0,inconsistent,,,替米沙坦片80mg,美卡素,D68415,替米沙坦片80mg,欧美宁,0602204007,美卡素 vs 欧美宁,same,same,47841,6816,0,6,0,0.0,0,0,1,9,8,100.0,46.38,2,0,99.03,1,0,0,5,structured,0,40.0,0,1,1,7,1,7,1,82.92,75.0,64.54
替米沙坦/pH1.2/top/221105-01-pH1.2T-替米沙坦片80mg-美卡素-D68415-60min-20X-Top-1vs221109-05-pH1.2T-替米沙坦片80mg-毓乐宁-50722002A-60min-20X-Top-1-1.docx,221105-01-pH1.2T-替米沙坦片80mg-美卡素-D68415-60min-20X-Top-1vs221109-05-pH1.2T-替米沙坦片80mg-毓乐宁-50722002A-60min-20X-Top-1-1.docx,.docx,ok,,32155,替米沙坦,替米沙坦,pH1.2,pH1.2,top,slot_1,,variant_fallback,slot_1,221105-01-pH1.2T-替米沙坦片80mg-美卡素-D68415-60min-20X-Top-1vs221109-05-pH1.2T-替米沙坦片80mg-毓乐宁-50722002A-60min-20X-Top-1,美卡素,毓乐宁,D68415,50722002A,D68415 vs 50722002A,cross_manufacturer,1,1,1,替米沙坦 || pH1.2 || 美卡素 vs 毓乐宁 || D68415 vs 50722002A,替米沙坦 || pH1.2 || 美卡素 vs 毓乐宁 || D68415 vs 50722002A || slot_1,替米沙坦 || pH1.2 || 美卡素 vs 毓乐宁 || D68415 vs 50722002A || 1,0,insufficient,same,,替米沙坦片80mg,美卡素,D68415,替米沙坦片80mg,毓乐宁,50722002A,美卡素 vs 毓乐宁,same,same,54219,7705,1,6,5,83.33,1,1,1,8,8,100.0,49.58,0,0,100.0,1,0,0,6,generic,1,29.0,0,1,1,6,3,7,1,92.5,100.0,84.89
替米沙坦/pH1.2/top/221105-01-pH1.2T-替米沙坦片80mg-美卡素-D68415-60min-20X-Top-1vs221109-05-pH1.2T-替米沙坦片80mg-毓乐宁-50722002A-60min-20X-Top-1-2.docx,221105-01-pH1.2T-替米沙坦片80mg-美卡素-D68415-60min-20X-Top-1vs221109-05-pH1.2T-替米沙坦片80mg-毓乐宁-50722002A-60min-20X-Top-1-2.docx,.docx,ok,,32849,替米沙坦,替米沙坦,pH1.2,pH1.2,top,slot_2,,variant_fallback,slot_2,221105-01-pH1.2T-替米沙坦片80mg-美卡素-D68415-60min-20X-Top-1vs221109-05-pH1.2T-替米沙坦片80mg-毓乐宁-50722002A-60min-20X-Top-1,美卡素,毓乐宁,D68415,50722002A,D68415 vs 50722002A,cross_manufacturer,1,1,1,替米沙坦 || pH1.2 || 美卡素 vs 毓乐宁 || D68415 vs 50722002A,替米沙坦 || pH1.2 || 美卡素 vs 毓乐宁 || D68415 vs 50722002A || slot_2,替米沙坦 || pH1.2 || 美卡素 vs 毓乐宁 || D68415 vs 50722002A || 1,0,insufficient,same,,替米沙坦片80mg,美卡素,D68415,替米沙坦片80mg,毓乐宁,50722002A,美卡素 vs 毓乐宁,same,same,56305,7885,1,6,5,83.33,1,1,1,8,8,100.0,51.06,0,0,100.0,1,0,0,7,generic,1,29.0,0,1,1,7,2,8,1,89.58,100.0,84.45
替米沙坦/pH1.2/top/221105-01-pH1.2T-替米沙坦片80mg-美卡素-D68415-60min-20X-Top-1vs221109-05-pH1.2T-替米沙坦片80mg-毓乐宁-50722002A-60min-20X-Top-1-3.docx,221105-01-pH1.2T-替米沙坦片80mg-美卡素-D68415-60min-20X-Top-1vs221109-05-pH1.2T-替米沙坦片80mg-毓乐宁-50722002A-60min-20X-Top-1-3.docx,.docx,ok,,32894,替米沙坦,替米沙坦,pH1.2,pH1.2,top,slot_3,,variant_fallback,slot_3,221105-01-pH1.2T-替米沙坦片80mg-美卡素-D68415-60min-20X-Top-1vs221109-05-pH1.2T-替米沙坦片80mg-毓乐宁-50722002A-60min-20X-Top-1,美卡素,毓乐宁,D68415,50722002A,D68415 vs 50722002A,cross_manufacturer,1,1,1,替米沙坦 || pH1.2 || 美卡素 vs 毓乐宁 || D68415 vs 50722002A,替米沙坦 || pH1.2 || 美卡素 vs 毓乐宁 || D68415 vs 50722002A || slot_3,替米沙坦 || pH1.2 || 美卡素 vs 毓乐宁 || D68415 vs 50722002A || 1,0,consistent,same,,替米沙坦片80mg,美卡素,D68415,替米沙坦片80mg,毓乐宁,50722002A,美卡素 vs 毓乐宁,same,same,56077,7857,1,6,5,83.33,1,1,1,8,8,100.0,51.22,1,0,99.45,1,0,0,6,generic,1,29.0,0,1,1,6,0,7,0,72.5,100.0,81.81
替米沙坦/pH1.2/top/221105-01-pH1.2T-替米沙坦片80mg-美卡素-D68415-60min-20X-Top-1vs221109-05-pH1.2T-替米沙坦片80mg-毓乐宁-50722002A-60min-20X-Top-2-1.docx,221105-01-pH1.2T-替米沙坦片80mg-美卡素-D68415-60min-20X-Top-1vs221109-05-pH1.2T-替米沙坦片80mg-毓乐宁-50722002A-60min-20X-Top-2-1.docx,.docx,ok,,32120,替米沙坦,替米沙坦,pH1.2,pH1.2,top,slot_1,,variant_fallback,slot_1,221105-01-pH1.2T-替米沙坦片80mg-美卡素-D68415-60min-20X-Top-1vs221109-05-pH1.2T-替米沙坦片80mg-毓乐宁-50722002A-60min-20X-Top-2,美卡素,毓乐宁,D68415,50722002A,D68415 vs 50722002A,cross_manufacturer,2,1,2,替米沙坦 || pH1.2 || 美卡素 vs 毓乐宁 || D68415 vs 50722002A,替米沙坦 || pH1.2 || 美卡素 vs 毓乐宁 || D68415 vs 50722002A || slot_1,替米沙坦 || pH1.2 || 美卡素 vs 毓乐宁 || D68415 vs 50722002A || 2,0,insufficient,same,,替米沙坦片80mg,美卡素,D68415,替米沙坦片80mg,毓乐宁,50722002A,美卡素 vs 毓乐宁,same,same,52055,7352,1,6,5,83.33,1,1,1,8,8,100.0,49.62,2,0,98.91,1,0,0,6,generic,1,29.0,0,1,1,7,0,7,0,76.25,100.0,82.29
替米沙坦/pH1.2/top/221105-01-pH1.2T-替米沙坦片80mg-美卡素-D68415-60min-20X-Top-1vs221109-05-pH1.2T-替米沙坦片80mg-毓乐宁-50722002A-60min-20X-Top-2-2.docx,221105-01-pH1.2T-替米沙坦片80mg-美卡素-D68415-60min-20X-Top-1vs221109-05-pH1.2T-替米沙坦片80mg-毓乐宁-50722002A-60min-20X-Top-2-2.docx,.docx,ok,,33855,替米沙坦,替米沙坦,pH1.2,pH1.2,top,slot_2,,variant_fallback,slot_2,221105-01-pH1.2T-替米沙坦片80mg-美卡素-D68415-60min-20X-Top-1vs221109-05-pH1.2T-替米沙坦片80mg-毓乐宁-50722002A-60min-20X-Top-2,美卡素,毓乐宁,D68415,50722002A,D68415 vs 50722002A,cross_manufacturer,2,1,2,替米沙坦 || pH1.2 || 美卡素 vs 毓乐宁 || D68415 vs 50722002A,替米沙坦 || pH1.2 || 美卡素 vs 毓乐宁 || D68415 vs 50722002A || slot_2,替米沙坦 || pH1.2 || 美卡素 vs 毓乐宁 || D68415 vs 50722002A || 2,0,insufficient,same,,替米沙坦片80mg,美卡素,D68415,替米沙坦片80mg,毓乐宁,50722002A,美卡素 vs 毓乐宁,same,same,55477,7826,1,6,5,83.33,1,1,1,8,8,100.0,50.33,1,0,99.45,1,0,0,5,generic,1,29.0,0,1,1,7,2,7,1,89.58,100.0,84.37
替米沙坦/pH1.2/top/221105-01-pH1.2T-替米沙坦片80mg-美卡素-D68415-60min-20X-Top-1vs221109-05-pH1.2T-替米沙坦片80mg-毓乐宁-50722002A-60min-20X-Top-2-3.docx,221105-01-pH1.2T-替米沙坦片80mg-美卡素-D68415-60min-20X-Top-1vs221109-05-pH1.2T-替米沙坦片80mg-毓乐宁-50722002A-60min-20X-Top-2-3.docx,.docx,ok,,31930,替米沙坦,替米沙坦,pH1.2,pH1.2,top,slot_3,,variant_fallback,slot_3,221105-01-pH1.2T-替米沙坦片80mg-美卡素-D68415-60min-20X-Top-1vs221109-05-pH1.2T-替米沙坦片80mg-毓乐宁-50722002A-60min-20X-Top-2,美卡素,毓乐宁,D68415,50722002A,D68415 vs 50722002A,cross_manufacturer,2,1,2,替米沙坦 || pH1.2 || 美卡素 vs 毓乐宁 || D68415 vs 50722002A,替米沙坦 || pH1.2 || 美卡素 vs 毓乐宁 || D68415 vs 50722002A || slot_3,替米沙坦 || pH1.2 || 美卡素 vs 毓乐宁 || D68415 vs 50722002A || 2,0,consistent,same,,替米沙坦片80mg,美卡素,D68415,替米沙坦片80mg,毓乐宁,50722002A,美卡素 vs 毓乐宁,same,same,52998,7453,1,6,5,83.33,1,1,1,8,8,100.0,49,1,0,99.45,1,0,0,5,generic,1,29.0,0,1,1,6,1,7,1,79.17,100.0,82.81
替米沙坦/pH1.2/test/side/221105-01-pH1.2T-替米沙坦片80mg-美卡素-D68415-60min-20X-Side-1vs221105-01-pH1.2T-替米沙坦片80mg-美卡素-D68415-60min-20X-Side-1-1.docx,221105-01-pH1.2T-替米沙坦片80mg-美卡素-D68415-60min-20X-Side-1vs221105-01-pH1.2T-替米沙坦片80mg-美卡素-D68415-60min-20X-Side-1-1.docx,.docx,ok,,31327,替米沙坦,替米沙坦,pH1.2,pH1.2,side,slot_1,,variant_fallback,slot_1,221105-01-pH1.2T-替米沙坦片80mg-美卡素-D68415-60min-20X-Side-1vs221105-01-pH1.2T-替米沙坦片80mg-美卡素-D68415-60min-20X-Side-1,美卡素,美卡素,D68415,D68415,D68415 vs D68415,same_manufacturer,1,1,1,替米沙坦 || pH1.2 || 美卡素 vs 美卡素 || D68415 vs D68415,替米沙坦 || pH1.2 || 美卡素 vs 美卡素 || D68415 vs D68415 || slot_1,替米沙坦 || pH1.2 || 美卡素 vs 美卡素 || D68415 vs D68415 || 1,1,insufficient,same,,替米沙坦片80mg,美卡素,D68415,替米沙坦片80mg,美卡素,D68415,美卡素 vs 美卡素,different,different,50769,7060,1,6,5,83.33,1,1,1,7,8,100.0,51.38,1,0,99.38,1,0,0,7,generic,1,29.0,0,1,1,6,1,6,1,79.17,100.0,82.8
替米沙坦/pH1.2/test/side/221105-01-pH1.2T-替米沙坦片80mg-美卡素-D68415-60min-20X-Side-1vs221105-01-pH1.2T-替米沙坦片80mg-美卡素-D68415-60min-20X-Side-1-2.docx,221105-01-pH1.2T-替米沙坦片80mg-美卡素-D68415-60min-20X-Side-1vs221105-01-pH1.2T-替米沙坦片80mg-美卡素-D68415-60min-20X-Side-1-2.docx,.docx,ok,,32822,替米沙坦,替米沙坦,pH1.2,pH1.2,side,slot_2,,variant_fallback,slot_2,221105-01-pH1.2T-替米沙坦片80mg-美卡素-D68415-60min-20X-Side-1vs221105-01-pH1.2T-替米沙坦片80mg-美卡素-D68415-60min-20X-Side-1,美卡素,美卡素,D68415,D68415,D68415 vs D68415,same_manufacturer,1,1,1,替米沙坦 || pH1.2 || 美卡素 vs 美卡素 || D68415 vs D68415,替米沙坦 || pH1.2 || 美卡素 vs 美卡素 || D68415 vs D68415 || slot_2,替米沙坦 || pH1.2 || 美卡素 vs 美卡素 || D68415 vs D68415 || 1,1,insufficient,same,,替米沙坦片80mg,美卡素,D68415,替米沙坦片80mg,美卡素,D68415,美卡素 vs 美卡素,same,same,56666,7977,1,6,5,83.33,1,1,1,8,8,100.0,55.23,3,0,98.36,1,0,0,7,generic,1,29.0,0,1,1,8,3,7,1,100.0,100.0,85.77
替米沙坦/pH1.2/test/side/221105-01-pH1.2T-替米沙坦片80mg-美卡素-D68415-60min-20X-Side-1vs221105-01-pH1.2T-替米沙坦片80mg-美卡素-D68415-60min-20X-Side-1-3.docx,221105-01-pH1.2T-替米沙坦片80mg-美卡素-D68415-60min-20X-Side-1vs221105-01-pH1.2T-替米沙坦片80mg-美卡素-D68415-60min-20X-Side-1-3.docx,.docx,ok,,32674,替米沙坦,替米沙坦,pH1.2,pH1.2,side,slot_3,,variant_fallback,slot_3,221105-01-pH1.2T-替米沙坦片80mg-美卡素-D68415-60min-20X-Side-1vs221105-01-pH1.2T-替米沙坦片80mg-美卡素-D68415-60min-20X-Side-1,美卡素,美卡素,D68415,D68415,D68415 vs D68415,same_manufacturer,1,1,1,替米沙坦 || pH1.2 || 美卡素 vs 美卡素 || D68415 vs D68415,替米沙坦 || pH1.2 || 美卡素 vs 美卡素 || D68415 vs D68415 || slot_3,替米沙坦 || pH1.2 || 美卡素 vs 美卡素 || D68415 vs D68415 || 1,1,consistent,same,,替米沙坦片80mg,美卡素,D68415,替米沙坦片80mg,美卡素,D68415,美卡素 vs 美卡素,same,same,55954,7789,1,6,5,83.33,1,1,1,8,8,100.0,53.28,0,0,100.0,1,0,0,5,generic,1,29.0,0,1,1,6,1,7,1,79.17,100.0,82.89
替米沙坦/pH1.2/test/side/221105-01-pH1.2T-替米沙坦片80mg-美卡素-D68415-60min-20X-Side-1vs221105-01-pH1.2T-替米沙坦片80mg-美卡素-D68415-60min-20X-Side-2-1.docx,221105-01-pH1.2T-替米沙坦片80mg-美卡素-D68415-60min-20X-Side-1vs221105-01-pH1.2T-替米沙坦片80mg-美卡素-D68415-60min-20X-Side-2-1.docx,.docx,ok,,33380,替米沙坦,替米沙坦,pH1.2,pH1.2,side,slot_1,,variant_fallback,slot_1,221105-01-pH1.2T-替米沙坦片80mg-美卡素-D68415-60min-20X-Side-1vs221105-01-pH1.2T-替米沙坦片80mg-美卡素-D68415-60min-20X-Side-2,美卡素,美卡素,D68415,D68415,D68415 vs D68415,same_manufacturer,2,1,2,替米沙坦 || pH1.2 || 美卡素 vs 美卡素 || D68415 vs D68415,替米沙坦 || pH1.2 || 美卡素 vs 美卡素 || D68415 vs D68415 || slot_1,替米沙坦 || pH1.2 || 美卡素 vs 美卡素 || D68415 vs D68415 || 2,1,insufficient,same,,替米沙坦片80mg,美卡素,D68415,替米沙坦片80mg,美卡素,D68415,美卡素 vs 美卡素,different,different,55048,7649,1,6,5,83.33,1,1,1,8,8,100.0,52.8,1,0,99.45,1,0,0,6,generic,1,29.0,0,1,1,6,2,7,1,85.83,100.0,83.81
替米沙坦/pH1.2/test/side/221105-01-pH1.2T-替米沙坦片80mg-美卡素-D68415-60min-20X-Side-1vs221105-01-pH1.2T-替米沙坦片80mg-美卡素-D68415-60min-20X-Side-2-2.docx,221105-01-pH1.2T-替米沙坦片80mg-美卡素-D68415-60min-20X-Side-1vs221105-01-pH1.2T-替米沙坦片80mg-美卡素-D68415-60min-20X-Side-2-2.docx,.docx,ok,,32423,替米沙坦,替米沙坦,pH1.2,pH1.2,side,slot_2,,variant_fallback,slot_2,221105-01-pH1.2T-替米沙坦片80mg-美卡素-D68415-60min-20X-Side-1vs221105-01-pH1.2T-替米沙坦片80mg-美卡素-D68415-60min-20X-Side-2,美卡素,美卡素,D68415,D68415,D68415 vs D68415,same_manufacturer,2,1,2,替米沙坦 || pH1.2 || 美卡素 vs 美卡素 || D68415 vs D68415,替米沙坦 || pH1.2 || 美卡素 vs 美卡素 || D68415 vs D68415 || slot_2,替米沙坦 || pH1.2 || 美卡素 vs 美卡素 || D68415 vs D68415 || 2,1,insufficient,same,,替米沙坦片80mg,美卡素,D68415,替米沙坦片80mg,美卡素,D68415,美卡素 vs 美卡素,different,different,54098,7572,1,6,5,83.33,1,1,1,8,8,100.0,51.58,0,0,100.0,1,0,0,5,generic,1,29.0,0,1,1,6,2,7,1,85.83,100.0,83.89
替米沙坦/pH1.2/test/side/221105-01-pH1.2T-替米沙坦片80mg-美卡素-D68415-60min-20X-Side-1vs221105-01-pH1.2T-替米沙坦片80mg-美卡素-D68415-60min-20X-Side-2-3.docx,221105-01-pH1.2T-替米沙坦片80mg-美卡素-D68415-60min-20X-Side-1vs221105-01-pH1.2T-替米沙坦片80mg-美卡素-D68415-60min-20X-Side-2-3.docx,.docx,ok,,32917,替米沙坦,替米沙坦,pH1.2,pH1.2,side,slot_3,,variant_fallback,slot_3,221105-01-pH1.2T-替米沙坦片80mg-美卡素-D68415-60min-20X-Side-1vs221105-01-pH1.2T-替米沙坦片80mg-美卡素-D68415-60min-20X-Side-2,美卡素,美卡素,D68415,D68415,D68415 vs D68415,same_manufacturer,2,1,2,替米沙坦 || pH1.2 || 美卡素 vs 美卡素 || D68415 vs D68415,替米沙坦 || pH1.2 || 美卡素 vs 美卡素 || D68415 vs D68415 || slot_3,替米沙坦 || pH1.2 || 美卡素 vs 美卡素 || D68415 vs D68415 || 2,1,consistent,same,,替米沙坦片80mg,美卡素,D68415,替米沙坦片80mg,美卡素,D68415,美卡素 vs 美卡素,same,same,55580,7799,1,6,5,83.33,1,1,1,8,8,100.0,53.41,1,0,99.45,1,0,0,5,generic,1,29.0,0,1,1,7,1,7,1,82.92,100.0,83.37
替米沙坦/pH1.2/test/side/221105-01-pH1.2T-替米沙坦片80mg-美卡素-D68415-60min-20X-Side-1vs221105-01-pH1.2T-替米沙坦片80mg-美卡素-D68415-60min-20X-Side-3-1.docx,221105-01-pH1.2T-替米沙坦片80mg-美卡素-D68415-60min-20X-Side-1vs221105-01-pH1.2T-替米沙坦片80mg-美卡素-D68415-60min-20X-Side-3-1.docx,.docx,ok,,33048,替米沙坦,替米沙坦,pH1.2,pH1.2,side,slot_1,,variant_fallback,slot_1,221105-01-pH1.2T-替米沙坦片80mg-美卡素-D68415-60min-20X-Side-1vs221105-01-pH1.2T-替米沙坦片80mg-美卡素-D68415-60min-20X-Side-3,美卡素,美卡素,D68415,D68415,D68415 vs D68415,same_manufacturer,3,1,3,替米沙坦 || pH1.2 || 美卡素 vs 美卡素 || D68415 vs D68415,替米沙坦 || pH1.2 || 美卡素 vs 美卡素 || D68415 vs D68415 || slot_1,替米沙坦 || pH1.2 || 美卡素 vs 美卡素 || D68415 vs D68415 || 3,1,insufficient,same,,替米沙坦片80mg,美卡素,D68415,替米沙坦片80mg,美卡素,D68415,美卡素 vs 美卡素,same,same,54694,7764,1,6,5,83.33,1,1,1,8,8,100.0,55.2,1,0,99.45,1,0,0,5,generic,1,29.0,0,1,1,6,2,7,1,85.83,100.0,83.81
替米沙坦/pH1.2/test/side/221105-01-pH1.2T-替米沙坦片80mg-美卡素-D68415-60min-20X-Side-1vs221105-01-pH1.2T-替米沙坦片80mg-美卡素-D68415-60min-20X-Side-3-2.docx,221105-01-pH1.2T-替米沙坦片80mg-美卡素-D68415-60min-20X-Side-1vs221105-01-pH1.2T-替米沙坦片80mg-美卡素-D68415-60min-20X-Side-3-2.docx,.docx,ok,,32763,替米沙坦,替米沙坦,pH1.2,pH1.2,side,slot_2,,variant_fallback,slot_2,221105-01-pH1.2T-替米沙坦片80mg-美卡素-D68415-60min-20X-Side-1vs221105-01-pH1.2T-替米沙坦片80mg-美卡素-D68415-60min-20X-Side-3,美卡素,美卡素,D68415,D68415,D68415 vs D68415,same_manufacturer,3,1,3,替米沙坦 || pH1.2 || 美卡素 vs 美卡素 || D68415 vs D68415,替米沙坦 || pH1.2 || 美卡素 vs 美卡素 || D68415 vs D68415 || slot_2,替米沙坦 || pH1.2 || 美卡素 vs 美卡素 || D68415 vs D68415 || 3,1,insufficient,same,,替米沙坦片80mg,美卡素,D68415,替米沙坦片80mg,美卡素,D68415,美卡素 vs 美卡素,different,different,55921,7847,1,6,5,83.33,1,1,1,8,8,100.0,53.78,1,0,99.45,1,0,0,6,generic,1,29.0,0,1,1,6,2,6,1,85.83,100.0,83.81
替米沙坦/pH1.2/test/side/221105-01-pH1.2T-替米沙坦片80mg-美卡素-D68415-60min-20X-Side-1vs221105-01-pH1.2T-替米沙坦片80mg-美卡素-D68415-60min-20X-Side-3-3.docx,221105-01-pH1.2T-替米沙坦片80mg-美卡素-D68415-60min-20X-Side-1vs221105-01-pH1.2T-替米沙坦片80mg-美卡素-D68415-60min-20X-Side-3-3.docx,.docx,ok,,32811,替米沙坦,替米沙坦,pH1.2,pH1.2,side,slot_3,,variant_fallback,slot_3,221105-01-pH1.2T-替米沙坦片80mg-美卡素-D68415-60min-20X-Side-1vs221105-01-pH1.2T-替米沙坦片80mg-美卡素-D68415-60min-20X-Side-3,美卡素,美卡素,D68415,D68415,D68415 vs D68415,same_manufacturer,3,1,3,替米沙坦 || pH1.2 || 美卡素 vs 美卡素 || D68415 vs D68415,替米沙坦 || pH1.2 || 美卡素 vs 美卡素 || D68415 vs D68415 || slot_3,替米沙坦 || pH1.2 || 美卡素 vs 美卡素 || D68415 vs D68415 || 3,1,consistent,same,,替米沙坦片80mg,美卡素,D68415,替米沙坦片80mg,美卡素,D68415,美卡素 vs 美卡素,same,same,55189,7760,1,6,5,83.33,1,1,1,8,8,100.0,53.11,0,0,100.0,1,0,0,8,structured,0,40.0,0,1,1,6,2,6,1,85.83,100.0,85.54
替米沙坦/pH1.2/test/side/221105-01-pH1.2T-替米沙坦片80mg-美卡素-D68415-60min-20X-Side-1vs221106-02-pH1.2T-替米沙坦片80mg-舒尼亚-32206057-60min-20X-Side-1-1.docx,221105-01-pH1.2T-替米沙坦片80mg-美卡素-D68415-60min-20X-Side-1vs221106-02-pH1.2T-替米沙坦片80mg-舒尼亚-32206057-60min-20X-Side-1-1.docx,.docx,ok,,33874,替米沙坦,替米沙坦,pH1.2,pH1.2,side,slot_1,,variant_fallback,slot_1,221105-01-pH1.2T-替米沙坦片80mg-美卡素-D68415-60min-20X-Side-1vs221106-02-pH1.2T-替米沙坦片80mg-舒尼亚-32206057-60min-20X-Side-1,美卡素,舒尼亚,D68415,32206057,D68415 vs 32206057,cross_manufacturer,1,1,1,替米沙坦 || pH1.2 || 美卡素 vs 舒尼亚 || D68415 vs 32206057,替米沙坦 || pH1.2 || 美卡素 vs 舒尼亚 || D68415 vs 32206057 || slot_1,替米沙坦 || pH1.2 || 美卡素 vs 舒尼亚 || D68415 vs 32206057 || 1,1,insufficient,,,替米沙坦片80mg,美卡素,D68415,替米沙坦片80mg,舒尼亚,32206057,美卡素 vs 舒尼亚,same,same,56254,7969,1,6,5,83.33,1,1,1,8,8,100.0,53.64,1,0,99.45,1,0,0,6,generic,1,29.0,0,1,1,6,2,7,1,85.83,100.0,83.81
替米沙坦/pH1.2/test/side/221105-01-pH1.2T-替米沙坦片80mg-美卡素-D68415-60min-20X-Side-1vs221106-02-pH1.2T-替米沙坦片80mg-舒尼亚-32206057-60min-20X-Side-1-2.docx,221105-01-pH1.2T-替米沙坦片80mg-美卡素-D68415-60min-20X-Side-1vs221106-02-pH1.2T-替米沙坦片80mg-舒尼亚-32206057-60min-20X-Side-1-2.docx,.docx,ok,,32663,替米沙坦,替米沙坦,pH1.2,pH1.2,side,slot_2,,variant_fallback,slot_2,221105-01-pH1.2T-替米沙坦片80mg-美卡素-D68415-60min-20X-Side-1vs221106-02-pH1.2T-替米沙坦片80mg-舒尼亚-32206057-60min-20X-Side-1,美卡素,舒尼亚,D68415,32206057,D68415 vs 32206057,cross_manufacturer,1,1,1,替米沙坦 || pH1.2 || 美卡素 vs 舒尼亚 || D68415 vs 32206057,替米沙坦 || pH1.2 || 美卡素 vs 舒尼亚 || D68415 vs 32206057 || slot_2,替米沙坦 || pH1.2 || 美卡素 vs 舒尼亚 || D68415 vs 32206057 || 1,1,insufficient,,,替米沙坦片80mg,美卡素,D68415,替米沙坦片80mg,舒尼亚,32206057,美卡素 vs 舒尼亚,different,different,53599,7528,1,6,5,83.33,1,1,1,8,8,100.0,53.78,1,0,99.45,1,0,0,5,generic,1,29.0,0,1,1,6,1,7,1,79.17,100.0,82.81
替米沙坦/pH1.2/test/side/221105-01-pH1.2T-替米沙坦片80mg-美卡素-D68415-60min-20X-Side-1vs221106-02-pH1.2T-替米沙坦片80mg-舒尼亚-32206057-60min-20X-Side-1-3.docx,221105-01-pH1.2T-替米沙坦片80mg-美卡素-D68415-60min-20X-Side-1vs221106-02-pH1.2T-替米沙坦片80mg-舒尼亚-32206057-60min-20X-Side-1-3.docx,.docx,ok,,32134,替米沙坦,替米沙坦,pH1.2,pH1.2,side,slot_3,,variant_fallback,slot_3,221105-01-pH1.2T-替米沙坦片80mg-美卡素-D68415-60min-20X-Side-1vs221106-02-pH1.2T-替米沙坦片80mg-舒尼亚-32206057-60min-20X-Side-1,美卡素,舒尼亚,D68415,32206057,D68415 vs 32206057,cross_manufacturer,1,1,1,替米沙坦 || pH1.2 || 美卡素 vs 舒尼亚 || D68415 vs 32206057,替米沙坦 || pH1.2 || 美卡素 vs 舒尼亚 || D68415 vs 32206057 || slot_3,替米沙坦 || pH1.2 || 美卡素 vs 舒尼亚 || D68415 vs 32206057 || 1,1,insufficient,same,,替米沙坦片80mg,美卡素,D68415,替米沙坦片80mg,舒尼亚,32206057,美卡素 vs 舒尼亚,different,different,53051,7494,1,6,5,83.33,1,1,1,8,8,100.0,52.08,0,0,100.0,1,0,0,5,generic,1,29.0,0,1,1,7,3,6,1,96.25,100.0,85.45
替米沙坦/pH1.2/test/side/221105-01-pH1.2T-替米沙坦片80mg-美卡素-D68415-60min-20X-Side-1vs221106-02-pH1.2T-替米沙坦片80mg-舒尼亚-32206057-60min-20X-Side-2-1.docx,221105-01-pH1.2T-替米沙坦片80mg-美卡素-D68415-60min-20X-Side-1vs221106-02-pH1.2T-替米沙坦片80mg-舒尼亚-32206057-60min-20X-Side-2-1.docx,.docx,ok,,33022,替米沙坦,替米沙坦,pH1.2,pH1.2,side,slot_1,,variant_fallback,slot_1,221105-01-pH1.2T-替米沙坦片80mg-美卡素-D68415-60min-20X-Side-1vs221106-02-pH1.2T-替米沙坦片80mg-舒尼亚-32206057-60min-20X-Side-2,美卡素,舒尼亚,D68415,32206057,D68415 vs 32206057,cross_manufacturer,2,1,2,替米沙坦 || pH1.2 || 美卡素 vs 舒尼亚 || D68415 vs 32206057,替米沙坦 || pH1.2 || 美卡素 vs 舒尼亚 || D68415 vs 32206057 || slot_1,替米沙坦 || pH1.2 || 美卡素 vs 舒尼亚 || D68415 vs 32206057 || 2,1,insufficient,,,替米沙坦片80mg,美卡素,D68415,替米沙坦片80mg,舒尼亚,32206057,美卡素 vs 舒尼亚,different,different,56389,7976,1,6,5,83.33,1,1,1,8,8,100.0,56,2,0,98.91,1,0,0,6,generic,1,29.0,0,1,1,6,1,6,1,79.17,100.0,82.73
替米沙坦/pH1.2/test/side/221105-01-pH1.2T-替米沙坦片80mg-美卡素-D68415-60min-20X-Side-1vs221106-02-pH1.2T-替米沙坦片80mg-舒尼亚-32206057-60min-20X-Side-2-2.docx,221105-01-pH1.2T-替米沙坦片80mg-美卡素-D68415-60min-20X-Side-1vs221106-02-pH1.2T-替米沙坦片80mg-舒尼亚-32206057-60min-20X-Side-2-2.docx,.docx,ok,,32748,替米沙坦,替米沙坦,pH1.2,pH1.2,side,slot_2,,variant_fallback,slot_2,221105-01-pH1.2T-替米沙坦片80mg-美卡素-D68415-60min-20X-Side-1vs221106-02-pH1.2T-替米沙坦片80mg-舒尼亚-32206057-60min-20X-Side-2,美卡素,舒尼亚,D68415,32206057,D68415 vs 32206057,cross_manufacturer,2,1,2,替米沙坦 || pH1.2 || 美卡素 vs 舒尼亚 || D68415 vs 32206057,替米沙坦 || pH1.2 || 美卡素 vs 舒尼亚 || D68415 vs 32206057 || slot_2,替米沙坦 || pH1.2 || 美卡素 vs 舒尼亚 || D68415 vs 32206057 || 2,1,insufficient,,,替米沙坦片80mg,美卡素,D68415,替米沙坦片80mg,舒尼亚,32206057,美卡素 vs 舒尼亚,same,same,54517,7664,1,6,5,83.33,1,1,1,8,8,100.0,51.88,0,0,100.0,1,0,0,6,generic,1,29.0,0,1,1,6,0,7,0,72.5,100.0,81.89
替米沙坦/pH1.2/test/side/221105-01-pH1.2T-替米沙坦片80mg-美卡素-D68415-60min-20X-Side-1vs221106-02-pH1.2T-替米沙坦片80mg-舒尼亚-32206057-60min-20X-Side-2-3.docx,221105-01-pH1.2T-替米沙坦片80mg-美卡素-D68415-60min-20X-Side-1vs221106-02-pH1.2T-替米沙坦片80mg-舒尼亚-32206057-60min-20X-Side-2-3.docx,.docx,ok,,33854,替米沙坦,替米沙坦,pH1.2,pH1.2,side,slot_3,,variant_fallback,slot_3,221105-01-pH1.2T-替米沙坦片80mg-美卡素-D68415-60min-20X-Side-1vs221106-02-pH1.2T-替米沙坦片80mg-舒尼亚-32206057-60min-20X-Side-2,美卡素,舒尼亚,D68415,32206057,D68415 vs 32206057,cross_manufacturer,2,1,2,替米沙坦 || pH1.2 || 美卡素 vs 舒尼亚 || D68415 vs 32206057,替米沙坦 || pH1.2 || 美卡素 vs 舒尼亚 || D68415 vs 32206057 || slot_3,替米沙坦 || pH1.2 || 美卡素 vs 舒尼亚 || D68415 vs 32206057 || 2,1,insufficient,same,,替米沙坦片80mg,美卡素,D68415,替米沙坦片80mg,舒尼亚,32206057,美卡素 vs 舒尼亚,same,same,59386,8413,1,6,5,83.33,1,1,1,8,8,100.0,58.16,1,0,99.45,1,0,0,5,generic,1,29.0,0,1,1,7,1,7,1,82.92,100.0,83.37
替米沙坦/pH1.2/test/side/221105-01-pH1.2T-替米沙坦片80mg-美卡素-D68415-60min-20X-Side-1vs221106-02-pH1.2T-替米沙坦片80mg-舒尼亚-32206057-60min-20X-Side-3-1.docx,221105-01-pH1.2T-替米沙坦片80mg-美卡素-D68415-60min-20X-Side-1vs221106-02-pH1.2T-替米沙坦片80mg-舒尼亚-32206057-60min-20X-Side-3-1.docx,.docx,ok,,32927,替米沙坦,替米沙坦,pH1.2,pH1.2,side,slot_1,,variant_fallback,slot_1,221105-01-pH1.2T-替米沙坦片80mg-美卡素-D68415-60min-20X-Side-1vs221106-02-pH1.2T-替米沙坦片80mg-舒尼亚-32206057-60min-20X-Side-3,美卡素,舒尼亚,D68415,32206057,D68415 vs 32206057,cross_manufacturer,3,1,3,替米沙坦 || pH1.2 || 美卡素 vs 舒尼亚 || D68415 vs 32206057,替米沙坦 || pH1.2 || 美卡素 vs 舒尼亚 || D68415 vs 32206057 || slot_1,替米沙坦 || pH1.2 || 美卡素 vs 舒尼亚 || D68415 vs 32206057 || 3,1,insufficient,,,替米沙坦片80mg,美卡素,D68415,替米沙坦片80mg,舒尼亚,32206057,美卡素 vs 舒尼亚,different,different,55809,7838,1,6,5,83.33,1,1,1,8,8,100.0,55.27,0,0,100.0,1,0,0,7,generic,1,29.0,0,1,1,6,2,7,1,85.83,100.0,83.89
替米沙坦/pH1.2/test/side/221105-01-pH1.2T-替米沙坦片80mg-美卡素-D68415-60min-20X-Side-1vs221106-02-pH1.2T-替米沙坦片80mg-舒尼亚-32206057-60min-20X-Side-3-2.docx,221105-01-pH1.2T-替米沙坦片80mg-美卡素-D68415-60min-20X-Side-1vs221106-02-pH1.2T-替米沙坦片80mg-舒尼亚-32206057-60min-20X-Side-3-2.docx,.docx,ok,,33752,替米沙坦,替米沙坦,pH1.2,pH1.2,side,slot_2,,variant_fallback,slot_2,221105-01-pH1.2T-替米沙坦片80mg-美卡素-D68415-60min-20X-Side-1vs221106-02-pH1.2T-替米沙坦片80mg-舒尼亚-32206057-60min-20X-Side-3,美卡素,舒尼亚,D68415,32206057,D68415 vs 32206057,cross_manufacturer,3,1,3,替米沙坦 || pH1.2 || 美卡素 vs 舒尼亚 || D68415 vs 32206057,替米沙坦 || pH1.2 || 美卡素 vs 舒尼亚 || D68415 vs 32206057 || slot_2,替米沙坦 || pH1.2 || 美卡素 vs 舒尼亚 || D68415 vs 32206057 || 3,1,insufficient,,,替米沙坦片80mg,美卡素,D68415,替米沙坦片80mg,舒尼亚,32206057,美卡素 vs 舒尼亚,different,different,57805,8120,1,6,5,83.33,1,1,1,8,8,100.0,59.64,0,0,100.0,1,0,0,7,generic,1,29.0,0,1,1,6,2,7,1,85.83,100.0,83.89
替米沙坦/pH1.2/test/side/221105-01-pH1.2T-替米沙坦片80mg-美卡素-D68415-60min-20X-Side-1vs221106-02-pH1.2T-替米沙坦片80mg-舒尼亚-32206057-60min-20X-Side-3-3.docx,221105-01-pH1.2T-替米沙坦片80mg-美卡素-D68415-60min-20X-Side-1vs221106-02-pH1.2T-替米沙坦片80mg-舒尼亚-32206057-60min-20X-Side-3-3.docx,.docx,ok,,34831,替米沙坦,替米沙坦,pH1.2,pH1.2,side,slot_3,,variant_fallback,slot_3,221105-01-pH1.2T-替米沙坦片80mg-美卡素-D68415-60min-20X-Side-1vs221106-02-pH1.2T-替米沙坦片80mg-舒尼亚-32206057-60min-20X-Side-3,美卡素,舒尼亚,D68415,32206057,D68415 vs 32206057,cross_manufacturer,3,1,3,替米沙坦 || pH1.2 || 美卡素 vs 舒尼亚 || D68415 vs 32206057,替米沙坦 || pH1.2 || 美卡素 vs 舒尼亚 || D68415 vs 32206057 || slot_3,替米沙坦 || pH1.2 || 美卡素 vs 舒尼亚 || D68415 vs 32206057 || 3,1,insufficient,same,,替米沙坦片80mg,美卡素,D68415,替米沙坦片80mg,舒尼亚,32206057,美卡素 vs 舒尼亚,different,different,57855,8121,1,6,5,83.33,1,1,1,8,8,100.0,56.69,2,0,98.91,1,0,0,7,generic,1,29.0,0,1,1,6,2,7,1,85.83,100.0,83.73
替米沙坦/pH1.2/test/side/221105-01-pH1.2T-替米沙坦片80mg-美卡素-D68415-60min-20X-Side-1vs221107-03-pH1.2T-替米沙坦片80mg-安内强-220711301-60min-20X-Side-1-1.docx,221105-01-pH1.2T-替米沙坦片80mg-美卡素-D68415-60min-20X-Side-1vs221107-03-pH1.2T-替米沙坦片80mg-安内强-220711301-60min-20X-Side-1-1.docx,.docx,ok,,33281,替米沙坦,替米沙坦,pH1.2,pH1.2,side,slot_1,,variant_fallback,slot_1,221105-01-pH1.2T-替米沙坦片80mg-美卡素-D68415-60min-20X-Side-1vs221107-03-pH1.2T-替米沙坦片80mg-安内强-220711301-60min-20X-Side-1,美卡素,安内强,D68415,220711301,D68415 vs 220711301,cross_manufacturer,1,1,1,替米沙坦 || pH1.2 || 美卡素 vs 安内强 || D68415 vs 220711301,替米沙坦 || pH1.2 || 美卡素 vs 安内强 || D68415 vs 220711301 || slot_1,替米沙坦 || pH1.2 || 美卡素 vs 安内强 || D68415 vs 220711301 || 1,0,insufficient,same,,替米沙坦片80mg,美卡素,D68415,替米沙坦片80mg,安内强,220711301,美卡素 vs 安内强,same,same,54902,7701,1,6,5,83.33,1,1,1,8,8,100.0,56.17,1,0,99.45,1,0,0,6,generic,1,29.0,0,1,1,7,0,7,0,76.25,100.0,82.37
替米沙坦/pH1.2/test/side/221105-01-pH1.2T-替米沙坦片80mg-美卡素-D68415-60min-20X-Side-1vs221107-03-pH1.2T-替米沙坦片80mg-安内强-220711301-60min-20X-Side-1-2.docx,221105-01-pH1.2T-替米沙坦片80mg-美卡素-D68415-60min-20X-Side-1vs221107-03-pH1.2T-替米沙坦片80mg-安内强-220711301-60min-20X-Side-1-2.docx,.docx,ok,,32577,替米沙坦,替米沙坦,pH1.2,pH1.2,side,slot_2,,variant_fallback,slot_2,221105-01-pH1.2T-替米沙坦片80mg-美卡素-D68415-60min-20X-Side-1vs221107-03-pH1.2T-替米沙坦片80mg-安内强-220711301-60min-20X-Side-1,美卡素,安内强,D68415,220711301,D68415 vs 220711301,cross_manufacturer,1,1,1,替米沙坦 || pH1.2 || 美卡素 vs 安内强 || D68415 vs 220711301,替米沙坦 || pH1.2 || 美卡素 vs 安内强 || D68415 vs 220711301 || slot_2,替米沙坦 || pH1.2 || 美卡素 vs 安内强 || D68415 vs 220711301 || 1,0,insufficient,,,替米沙坦片80mg,美卡素,D68415,替米沙坦片80mg,安内强,220711301,美卡素 vs 安内强,different,different,54367,7666,1,6,5,83.33,1,1,1,8,8,100.0,55.84,1,0,99.45,1,0,0,5,generic,1,29.0,0,1,1,6,1,7,1,79.17,100.0,82.81
替米沙坦/pH1.2/test/side/221105-01-pH1.2T-替米沙坦片80mg-美卡素-D68415-60min-20X-Side-1vs221107-03-pH1.2T-替米沙坦片80mg-安内强-220711301-60min-20X-Side-1-3.docx,221105-01-pH1.2T-替米沙坦片80mg-美卡素-D68415-60min-20X-Side-1vs221107-03-pH1.2T-替米沙坦片80mg-安内强-220711301-60min-20X-Side-1-3.docx,.docx,ok,,33644,替米沙坦,替米沙坦,pH1.2,pH1.2,side,slot_3,,variant_fallback,slot_3,221105-01-pH1.2T-替米沙坦片80mg-美卡素-D68415-60min-20X-Side-1vs221107-03-pH1.2T-替米沙坦片80mg-安内强-220711301-60min-20X-Side-1,美卡素,安内强,D68415,220711301,D68415 vs 220711301,cross_manufacturer,1,1,1,替米沙坦 || pH1.2 || 美卡素 vs 安内强 || D68415 vs 220711301,替米沙坦 || pH1.2 || 美卡素 vs 安内强 || D68415 vs 220711301 || slot_3,替米沙坦 || pH1.2 || 美卡素 vs 安内强 || D68415 vs 220711301 || 1,0,insufficient,different,,替米沙坦片80mg,美卡素,D68415,替米沙坦片80mg,安内强,220711301,美卡素 vs 安内强,different,different,56869,8036,1,6,5,83.33,1,1,1,8,8,100.0,55.56,0,0,100.0,1,0,0,7,generic,1,29.0,0,1,1,6,2,7,1,85.83,100.0,83.89
替米沙坦/pH1.2/test/side/221105-01-pH1.2T-替米沙坦片80mg-美卡素-D68415-60min-20X-Side-1vs221107-03-pH1.2T-替米沙坦片80mg-安内强-220711301-60min-20X-Side-2-1.docx,221105-01-pH1.2T-替米沙坦片80mg-美卡素-D68415-60min-20X-Side-1vs221107-03-pH1.2T-替米沙坦片80mg-安内强-220711301-60min-20X-Side-2-1.docx,.docx,ok,,32211,替米沙坦,替米沙坦,pH1.2,pH1.2,side,slot_1,,variant_fallback,slot_1,221105-01-pH1.2T-替米沙坦片80mg-美卡素-D68415-60min-20X-Side-1vs221107-03-pH1.2T-替米沙坦片80mg-安内强-220711301-60min-20X-Side-2,美卡素,安内强,D68415,220711301,D68415 vs 220711301,cross_manufacturer,2,1,2,替米沙坦 || pH1.2 || 美卡素 vs 安内强 || D68415 vs 220711301,替米沙坦 || pH1.2 || 美卡素 vs 安内强 || D68415 vs 220711301 || slot_1,替米沙坦 || pH1.2 || 美卡素 vs 安内强 || D68415 vs 220711301 || 2,0,insufficient,same,,替米沙坦片80mg,美卡素,D68415,替米沙坦片80mg,安内强,220711301,美卡素 vs 安内强,same,same,53210,7488,1,6,5,83.33,1,1,1,8,8,100.0,52.38,0,0,100.0,1,0,0,5,generic,1,29.0,0,1,1,6,2,7,1,85.83,100.0,83.89
替米沙坦/pH1.2/test/side/221105-01-pH1.2T-替米沙坦片80mg-美卡素-D68415-60min-20X-Side-1vs221107-03-pH1.2T-替米沙坦片80mg-安内强-220711301-60min-20X-Side-2-2.docx,221105-01-pH1.2T-替米沙坦片80mg-美卡素-D68415-60min-20X-Side-1vs221107-03-pH1.2T-替米沙坦片80mg-安内强-220711301-60min-20X-Side-2-2.docx,.docx,ok,,33644,替米沙坦,替米沙坦,pH1.2,pH1.2,side,slot_2,,variant_fallback,slot_2,221105-01-pH1.2T-替米沙坦片80mg-美卡素-D68415-60min-20X-Side-1vs221107-03-pH1.2T-替米沙坦片80mg-安内强-220711301-60min-20X-Side-2,美卡素,安内强,D68415,220711301,D68415 vs 220711301,cross_manufacturer,2,1,2,替米沙坦 || pH1.2 || 美卡素 vs 安内强 || D68415 vs 220711301,替米沙坦 || pH1.2 || 美卡素 vs 安内强 || D68415 vs 220711301 || slot_2,替米沙坦 || pH1.2 || 美卡素 vs 安内强 || D68415 vs 220711301 || 2,0,insufficient,,,替米沙坦片80mg,美卡素,D68415,替米沙坦片80mg,安内强,220711301,美卡素 vs 安内强,different,different,56869,8036,1,6,5,83.33,1,1,1,8,8,100.0,55.56,0,0,100.0,1,0,0,7,generic,1,29.0,0,1,1,6,2,7,1,85.83,100.0,83.89
替米沙坦/pH1.2/test/side/221105-01-pH1.2T-替米沙坦片80mg-美卡素-D68415-60min-20X-Side-1vs221107-03-pH1.2T-替米沙坦片80mg-安内强-220711301-60min-20X-Side-2-3.docx,221105-01-pH1.2T-替米沙坦片80mg-美卡素-D68415-60min-20X-Side-1vs221107-03-pH1.2T-替米沙坦片80mg-安内强-220711301-60min-20X-Side-2-3.docx,.docx,ok,,32562,替米沙坦,替米沙坦,pH1.2,pH1.2,side,slot_3,,variant_fallback,slot_3,221105-01-pH1.2T-替米沙坦片80mg-美卡素-D68415-60min-20X-Side-1vs221107-03-pH1.2T-替米沙坦片80mg-安内强-220711301-60min-20X-Side-2,美卡素,安内强,D68415,220711301,D68415 vs 220711301,cross_manufacturer,2,1,2,替米沙坦 || pH1.2 || 美卡素 vs 安内强 || D68415 vs 220711301,替米沙坦 || pH1.2 || 美卡素 vs 安内强 || D68415 vs 220711301 || slot_3,替米沙坦 || pH1.2 || 美卡素 vs 安内强 || D68415 vs 220711301 || 2,0,insufficient,different,,替米沙坦片80mg,美卡素,D68415,替米沙坦片80mg,安内强,220711301,美卡素 vs 安内强,different,different,54678,7652,1,6,5,83.33,1,1,1,8,8,100.0,54.58,2,0,98.91,1,0,0,6,generic,1,29.0,0,1,1,7,0,7,0,76.25,100.0,82.29
替米沙坦/pH1.2/test/top/221105-01-pH1.2T-替米沙坦片80mg-美卡素-D68415-60min-20X-Top-1vs221105-01-pH1.2T-替米沙坦片80mg-美卡素-D68415-60min-20X-Top-2-1.docx,221105-01-pH1.2T-替米沙坦片80mg-美卡素-D68415-60min-20X-Top-1vs221105-01-pH1.2T-替米沙坦片80mg-美卡素-D68415-60min-20X-Top-2-1.docx,.docx,ok,,33080,替米沙坦,替米沙坦,pH1.2,pH1.2,top,slot_1,,variant_fallback,slot_1,221105-01-pH1.2T-替米沙坦片80mg-美卡素-D68415-60min-20X-Top-1vs221105-01-pH1.2T-替米沙坦片80mg-美卡素-D68415-60min-20X-Top-2,美卡素,美卡素,D68415,D68415,D68415 vs D68415,same_manufacturer,2,1,2,替米沙坦 || pH1.2 || 美卡素 vs 美卡素 || D68415 vs D68415,替米沙坦 || pH1.2 || 美卡素 vs 美卡素 || D68415 vs D68415 || slot_1,替米沙坦 || pH1.2 || 美卡素 vs 美卡素 || D68415 vs D68415 || 2,1,insufficient,same,,替米沙坦片80mg,美卡素,D68415,替米沙坦片80mg,美卡素,D68415,美卡素 vs 美卡素,same,same,57839,8185,1,6,5,83.33,1,1,1,8,8,100.0,56.56,2,0,98.91,1,0,0,6,generic,1,29.0,0,1,1,6,2,6,1,85.83,100.0,83.73
替米沙坦/pH1.2/test/top/221105-01-pH1.2T-替米沙坦片80mg-美卡素-D68415-60min-20X-Top-1vs221105-01-pH1.2T-替米沙坦片80mg-美卡素-D68415-60min-20X-Top-2-2.docx,221105-01-pH1.2T-替米沙坦片80mg-美卡素-D68415-60min-20X-Top-1vs221105-01-pH1.2T-替米沙坦片80mg-美卡素-D68415-60min-20X-Top-2-2.docx,.docx,ok,,32548,替米沙坦,替米沙坦,pH1.2,pH1.2,top,slot_2,,variant_fallback,slot_2,221105-01-pH1.2T-替米沙坦片80mg-美卡素-D68415-60min-20X-Top-1vs221105-01-pH1.2T-替米沙坦片80mg-美卡素-D68415-60min-20X-Top-2,美卡素,美卡素,D68415,D68415,D68415 vs D68415,same_manufacturer,2,1,2,替米沙坦 || pH1.2 || 美卡素 vs 美卡素 || D68415 vs D68415,替米沙坦 || pH1.2 || 美卡素 vs 美卡素 || D68415 vs D68415 || slot_2,替米沙坦 || pH1.2 || 美卡素 vs 美卡素 || D68415 vs D68415 || 2,1,insufficient,same,,替米沙坦片80mg,美卡素,D68415,替米沙坦片80mg,美卡素,D68415,美卡素 vs 美卡素,same,same,56690,7937,1,6,5,83.33,1,1,1,8,8,100.0,55.05,3,0,98.36,1,0,0,7,generic,1,29.0,0,1,1,6,2,8,1,85.83,100.0,83.64
替米沙坦/pH1.2/test/top/221105-01-pH1.2T-替米沙坦片80mg-美卡素-D68415-60min-20X-Top-1vs221105-01-pH1.2T-替米沙坦片80mg-美卡素-D68415-60min-20X-Top-2-3.docx,221105-01-pH1.2T-替米沙坦片80mg-美卡素-D68415-60min-20X-Top-1vs221105-01-pH1.2T-替米沙坦片80mg-美卡素-D68415-60min-20X-Top-2-3.docx,.docx,ok,,31621,替米沙坦,替米沙坦,pH1.2,pH1.2,top,slot_3,,variant_fallback,slot_3,221105-01-pH1.2T-替米沙坦片80mg-美卡素-D68415-60min-20X-Top-1vs221105-01-pH1.2T-替米沙坦片80mg-美卡素-D68415-60min-20X-Top-2,美卡素,美卡素,D68415,D68415,D68415 vs D68415,same_manufacturer,2,1,2,替米沙坦 || pH1.2 || 美卡素 vs 美卡素 || D68415 vs D68415,替米沙坦 || pH1.2 || 美卡素 vs 美卡素 || D68415 vs D68415 || slot_3,替米沙坦 || pH1.2 || 美卡素 vs 美卡素 || D68415 vs D68415 || 2,1,consistent,same,,替米沙坦片80mg,美卡素,D68415,替米沙坦片80mg,美卡素,D68415,美卡素 vs 美卡素,same,same,52540,7298,1,6,5,83.33,1,1,1,8,8,100.0,49.16,1,0,99.45,1,0,0,6,generic,1,29.0,0,1,1,6,2,7,1,85.83,100.0,83.81
替米沙坦/pH1.2/test/top/221105-01-pH1.2T-替米沙坦片80mg-美卡素-D68415-60min-20X-Top-1vs221105-01-pH1.2T-替米沙坦片80mg-美卡素-D68415-60min-20X-Top-3-1.docx,221105-01-pH1.2T-替米沙坦片80mg-美卡素-D68415-60min-20X-Top-1vs221105-01-pH1.2T-替米沙坦片80mg-美卡素-D68415-60min-20X-Top-3-1.docx,.docx,ok,,31672,替米沙坦,替米沙坦,pH1.2,pH1.2,top,slot_1,,variant_fallback,slot_1,221105-01-pH1.2T-替米沙坦片80mg-美卡素-D68415-60min-20X-Top-1vs221105-01-pH1.2T-替米沙坦片80mg-美卡素-D68415-60min-20X-Top-3,美卡素,美卡素,D68415,D68415,D68415 vs D68415,same_manufacturer,3,1,3,替米沙坦 || pH1.2 || 美卡素 vs 美卡素 || D68415 vs D68415,替米沙坦 || pH1.2 || 美卡素 vs 美卡素 || D68415 vs D68415 || slot_1,替米沙坦 || pH1.2 || 美卡素 vs 美卡素 || D68415 vs D68415 || 3,1,insufficient,same,,替米沙坦片80mg,美卡素,D68415,替米沙坦片80mg,美卡素,D68415,美卡素 vs 美卡素,same,same,52619,7407,1,6,5,83.33,1,1,1,8,8,100.0,51.8,1,0,99.45,1,0,0,6,generic,1,29.0,0,1,1,6,2,7,1,85.83,100.0,83.81
替米沙坦/pH1.2/test/top/221105-01-pH1.2T-替米沙坦片80mg-美卡素-D68415-60min-20X-Top-1vs221105-01-pH1.2T-替米沙坦片80mg-美卡素-D68415-60min-20X-Top-3-2.docx,221105-01-pH1.2T-替米沙坦片80mg-美卡素-D68415-60min-20X-Top-1vs221105-01-pH1.2T-替米沙坦片80mg-美卡素-D68415-60min-20X-Top-3-2.docx,.docx,ok,,31756,替米沙坦,替米沙坦,pH1.2,pH1.2,top,slot_2,,variant_fallback,slot_2,221105-01-pH1.2T-替米沙坦片80mg-美卡素-D68415-60min-20X-Top-1vs221105-01-pH1.2T-替米沙坦片80mg-美卡素-D68415-60min-20X-Top-3,美卡素,美卡素,D68415,D68415,D68415 vs D68415,same_manufacturer,3,1,3,替米沙坦 || pH1.2 || 美卡素 vs 美卡素 || D68415 vs D68415,替米沙坦 || pH1.2 || 美卡素 vs 美卡素 || D68415 vs D68415 || slot_2,替米沙坦 || pH1.2 || 美卡素 vs 美卡素 || D68415 vs D68415 || 3,1,insufficient,same,,替米沙坦片80mg,美卡素,D68415,替米沙坦片80mg,美卡素,D68415,美卡素 vs 美卡素,same,same,53248,7451,1,6,5,83.33,1,1,1,8,8,100.0,51.39,0,0,100.0,1,0,0,7,generic,1,29.0,0,1,1,6,2,7,1,85.83,100.0,83.89
替米沙坦/pH1.2/test/top/221105-01-pH1.2T-替米沙坦片80mg-美卡素-D68415-60min-20X-Top-1vs221105-01-pH1.2T-替米沙坦片80mg-美卡素-D68415-60min-20X-Top-3-3.docx,221105-01-pH1.2T-替米沙坦片80mg-美卡素-D68415-60min-20X-Top-1vs221105-01-pH1.2T-替米沙坦片80mg-美卡素-D68415-60min-20X-Top-3-3.docx,.docx,ok,,31717,替米沙坦,替米沙坦,pH1.2,pH1.2,top,slot_3,,variant_fallback,slot_3,221105-01-pH1.2T-替米沙坦片80mg-美卡素-D68415-60min-20X-Top-1vs221105-01-pH1.2T-替米沙坦片80mg-美卡素-D68415-60min-20X-Top-3,美卡素,美卡素,D68415,D68415,D68415 vs D68415,same_manufacturer,3,1,3,替米沙坦 || pH1.2 || 美卡素 vs 美卡素 || D68415 vs D68415,替米沙坦 || pH1.2 || 美卡素 vs 美卡素 || D68415 vs D68415 || slot_3,替米沙坦 || pH1.2 || 美卡素 vs 美卡素 || D68415 vs D68415 || 3,1,consistent,same,,替米沙坦片80mg,美卡素,D68415,替米沙坦片80mg,美卡素,D68415,美卡素 vs 美卡素,same,same,53193,7458,1,6,5,83.33,1,1,1,8,8,100.0,48.61,2,0,98.91,1,0,0,6,generic,1,29.0,0,1,1,8,2,8,1,93.33,100.0,84.85
替米沙坦/pH1.2/test/top/221105-01-pH1.2T-替米沙坦片80mg-美卡素-D68415-60min-20X-Top-1vs221106-02-pH1.2T-替米沙坦片80mg-舒尼亚-32206057-60min-20X-Top-1-1.docx,221105-01-pH1.2T-替米沙坦片80mg-美卡素-D68415-60min-20X-Top-1vs221106-02-pH1.2T-替米沙坦片80mg-舒尼亚-32206057-60min-20X-Top-1-1.docx,.docx,ok,,32338,替米沙坦,替米沙坦,pH1.2,pH1.2,top,slot_1,,variant_fallback,slot_1,221105-01-pH1.2T-替米沙坦片80mg-美卡素-D68415-60min-20X-Top-1vs221106-02-pH1.2T-替米沙坦片80mg-舒尼亚-32206057-60min-20X-Top-1,美卡素,舒尼亚,D68415,32206057,D68415 vs 32206057,cross_manufacturer,1,1,1,替米沙坦 || pH1.2 || 美卡素 vs 舒尼亚 || D68415 vs 32206057,替米沙坦 || pH1.2 || 美卡素 vs 舒尼亚 || D68415 vs 32206057 || slot_1,替米沙坦 || pH1.2 || 美卡素 vs 舒尼亚 || D68415 vs 32206057 || 1,1,insufficient,,,替米沙坦片80mg,美卡素,D68415,替米沙坦片80mg,舒尼亚,32206057,美卡素 vs 舒尼亚,same,same,52688,7330,1,6,5,83.33,1,1,1,8,8,100.0,52.25,1,0,99.45,1,0,0,5,generic,1,29.0,0,1,1,6,2,7,1,85.83,100.0,83.81
替米沙坦/pH1.2/test/top/221105-01-pH1.2T-替米沙坦片80mg-美卡素-D68415-60min-20X-Top-1vs221106-02-pH1.2T-替米沙坦片80mg-舒尼亚-32206057-60min-20X-Top-1-2.docx,221105-01-pH1.2T-替米沙坦片80mg-美卡素-D68415-60min-20X-Top-1vs221106-02-pH1.2T-替米沙坦片80mg-舒尼亚-32206057-60min-20X-Top-1-2.docx,.docx,ok,,33226,替米沙坦,替米沙坦,pH1.2,pH1.2,top,slot_2,,variant_fallback,slot_2,221105-01-pH1.2T-替米沙坦片80mg-美卡素-D68415-60min-20X-Top-1vs221106-02-pH1.2T-替米沙坦片80mg-舒尼亚-32206057-60min-20X-Top-1,美卡素,舒尼亚,D68415,32206057,D68415 vs 32206057,cross_manufacturer,1,1,1,替米沙坦 || pH1.2 || 美卡素 vs 舒尼亚 || D68415 vs 32206057,替米沙坦 || pH1.2 || 美卡素 vs 舒尼亚 || D68415 vs 32206057 || slot_2,替米沙坦 || pH1.2 || 美卡素 vs 舒尼亚 || D68415 vs 32206057 || 1,1,insufficient,,,替米沙坦片80mg,美卡素,D68415,替米沙坦片80mg,舒尼亚,32206057,美卡素 vs 舒尼亚,different,different,55725,7840,1,6,5,83.33,1,1,1,8,8,100.0,54.12,2,0,98.91,1,0,0,13,generic,1,29.0,0,1,1,6,1,7,1,79.17,100.0,82.73
替米沙坦/pH1.2/test/top/221105-01-pH1.2T-替米沙坦片80mg-美卡素-D68415-60min-20X-Top-1vs221106-02-pH1.2T-替米沙坦片80mg-舒尼亚-32206057-60min-20X-Top-1-3.docx,221105-01-pH1.2T-替米沙坦片80mg-美卡素-D68415-60min-20X-Top-1vs221106-02-pH1.2T-替米沙坦片80mg-舒尼亚-32206057-60min-20X-Top-1-3.docx,.docx,ok,,33662,替米沙坦,替米沙坦,pH1.2,pH1.2,top,slot_3,,variant_fallback,slot_3,221105-01-pH1.2T-替米沙坦片80mg-美卡素-D68415-60min-20X-Top-1vs221106-02-pH1.2T-替米沙坦片80mg-舒尼亚-32206057-60min-20X-Top-1,美卡素,舒尼亚,D68415,32206057,D68415 vs 32206057,cross_manufacturer,1,1,1,替米沙坦 || pH1.2 || 美卡素 vs 舒尼亚 || D68415 vs 32206057,替米沙坦 || pH1.2 || 美卡素 vs 舒尼亚 || D68415 vs 32206057 || slot_3,替米沙坦 || pH1.2 || 美卡素 vs 舒尼亚 || D68415 vs 32206057 || 1,1,insufficient,same,,替米沙坦片80mg,美卡素,D68415,替米沙坦片80mg,舒尼亚,32206057,美卡素 vs 舒尼亚,same,same,56426,7893,1,6,5,83.33,1,1,1,8,8,100.0,54.22,0,0,100.0,1,0,0,6,generic,1,29.0,0,1,1,6,1,7,1,79.17,100.0,82.89
替米沙坦/pH1.2/test/top/221105-01-pH1.2T-替米沙坦片80mg-美卡素-D68415-60min-20X-Top-1vs221106-02-pH1.2T-替米沙坦片80mg-舒尼亚-32206057-60min-20X-Top-2-1.docx,221105-01-pH1.2T-替米沙坦片80mg-美卡素-D68415-60min-20X-Top-1vs221106-02-pH1.2T-替米沙坦片80mg-舒尼亚-32206057-60min-20X-Top-2-1.docx,.docx,ok,,33117,替米沙坦,替米沙坦,pH1.2,pH1.2,top,slot_1,,variant_fallback,slot_1,221105-01-pH1.2T-替米沙坦片80mg-美卡素-D68415-60min-20X-Top-1vs221106-02-pH1.2T-替米沙坦片80mg-舒尼亚-32206057-60min-20X-Top-2,美卡素,舒尼亚,D68415,32206057,D68415 vs 32206057,cross_manufacturer,2,1,2,替米沙坦 || pH1.2 || 美卡素 vs 舒尼亚 || D68415 vs 32206057,替米沙坦 || pH1.2 || 美卡素 vs 舒尼亚 || D68415 vs 32206057 || slot_1,替米沙坦 || pH1.2 || 美卡素 vs 舒尼亚 || D68415 vs 32206057 || 2,1,insufficient,,,替米沙坦片80mg,美卡素,D68415,替米沙坦片80mg,舒尼亚,32206057,美卡素 vs 舒尼亚,different,different,55174,7732,1,6,4,66.67,1,0,1,7,8,100.0,52.62,2,0,98.75,1,0,0,6,generic,1,29.0,0,1,1,6,2,8,1,85.83,100.0,80.37
替米沙坦/pH1.2/test/top/221105-01-pH1.2T-替米沙坦片80mg-美卡素-D68415-60min-20X-Top-1vs221106-02-pH1.2T-替米沙坦片80mg-舒尼亚-32206057-60min-20X-Top-2-2.docx,221105-01-pH1.2T-替米沙坦片80mg-美卡素-D68415-60min-20X-Top-1vs221106-02-pH1.2T-替米沙坦片80mg-舒尼亚-32206057-60min-20X-Top-2-2.docx,.docx,ok,,32474,替米沙坦,替米沙坦,pH1.2,pH1.2,top,slot_2,,variant_fallback,slot_2,221105-01-pH1.2T-替米沙坦片80mg-美卡素-D68415-60min-20X-Top-1vs221106-02-pH1.2T-替米沙坦片80mg-舒尼亚-32206057-60min-20X-Top-2,美卡素,舒尼亚,D68415,32206057,D68415 vs 32206057,cross_manufacturer,2,1,2,替米沙坦 || pH1.2 || 美卡素 vs 舒尼亚 || D68415 vs 32206057,替米沙坦 || pH1.2 || 美卡素 vs 舒尼亚 || D68415 vs 32206057 || slot_2,替米沙坦 || pH1.2 || 美卡素 vs 舒尼亚 || D68415 vs 32206057 || 2,1,insufficient,,,替米沙坦片80mg,美卡素,D68415,替米沙坦片80mg,舒尼亚,32206057,美卡素 vs 舒尼亚,different,different,54574,7706,1,6,5,83.33,1,1,1,8,8,100.0,53.95,0,0,100.0,1,0,0,6,generic,1,29.0,0,1,1,6,1,7,1,79.17,100.0,82.89
替米沙坦/pH1.2/test/top/221105-01-pH1.2T-替米沙坦片80mg-美卡素-D68415-60min-20X-Top-1vs221106-02-pH1.2T-替米沙坦片80mg-舒尼亚-32206057-60min-20X-Top-2-3.docx,221105-01-pH1.2T-替米沙坦片80mg-美卡素-D68415-60min-20X-Top-1vs221106-02-pH1.2T-替米沙坦片80mg-舒尼亚-32206057-60min-20X-Top-2-3.docx,.docx,ok,,32317,替米沙坦,替米沙坦,pH1.2,pH1.2,top,slot_3,,variant_fallback,slot_3,221105-01-pH1.2T-替米沙坦片80mg-美卡素-D68415-60min-20X-Top-1vs221106-02-pH1.2T-替米沙坦片80mg-舒尼亚-32206057-60min-20X-Top-2,美卡素,舒尼亚,D68415,32206057,D68415 vs 32206057,cross_manufacturer,2,1,2,替米沙坦 || pH1.2 || 美卡素 vs 舒尼亚 || D68415 vs 32206057,替米沙坦 || pH1.2 || 美卡素 vs 舒尼亚 || D68415 vs 32206057 || slot_3,替米沙坦 || pH1.2 || 美卡素 vs 舒尼亚 || D68415 vs 32206057 || 2,1,insufficient,same,,替米沙坦片80mg,美卡素,D68415,替米沙坦片80mg,舒尼亚,32206057,美卡素 vs 舒尼亚,same,same,54572,7699,1,6,5,83.33,1,1,1,8,8,100.0,53.47,3,0,98.36,1,0,0,6,generic,1,29.0,0,1,1,8,1,7,1,86.67,100.0,83.77
替米沙坦/pH1.2/test/top/221105-01-pH1.2T-替米沙坦片80mg-美卡素-D68415-60min-20X-Top-1vs221106-02-pH1.2T-替米沙坦片80mg-舒尼亚-32206057-60min-20X-Top-3-1.docx,221105-01-pH1.2T-替米沙坦片80mg-美卡素-D68415-60min-20X-Top-1vs221106-02-pH1.2T-替米沙坦片80mg-舒尼亚-32206057-60min-20X-Top-3-1.docx,.docx,ok,,33919,替米沙坦,替米沙坦,pH1.2,pH1.2,top,slot_1,,variant_fallback,slot_1,221105-01-pH1.2T-替米沙坦片80mg-美卡素-D68415-60min-20X-Top-1vs221106-02-pH1.2T-替米沙坦片80mg-舒尼亚-32206057-60min-20X-Top-3,美卡素,舒尼亚,D68415,32206057,D68415 vs 32206057,cross_manufacturer,3,1,3,替米沙坦 || pH1.2 || 美卡素 vs 舒尼亚 || D68415 vs 32206057,替米沙坦 || pH1.2 || 美卡素 vs 舒尼亚 || D68415 vs 32206057 || slot_1,替米沙坦 || pH1.2 || 美卡素 vs 舒尼亚 || D68415 vs 32206057 || 3,1,insufficient,,,替米沙坦片80mg,美卡素,D68415,替米沙坦片80mg,舒尼亚,32206057,美卡素 vs 舒尼亚,same,same,57242,7933,1,6,5,83.33,1,1,1,9,8,100.0,52.86,0,0,100.0,1,0,0,6,generic,1,29.0,0,1,1,6,3,7,1,92.5,100.0,84.89
替米沙坦/pH1.2/test/top/221105-01-pH1.2T-替米沙坦片80mg-美卡素-D68415-60min-20X-Top-1vs221106-02-pH1.2T-替米沙坦片80mg-舒尼亚-32206057-60min-20X-Top-3-2.docx,221105-01-pH1.2T-替米沙坦片80mg-美卡素-D68415-60min-20X-Top-1vs221106-02-pH1.2T-替米沙坦片80mg-舒尼亚-32206057-60min-20X-Top-3-2.docx,.docx,ok,,32872,替米沙坦,替米沙坦,pH1.2,pH1.2,top,slot_2,,variant_fallback,slot_2,221105-01-pH1.2T-替米沙坦片80mg-美卡素-D68415-60min-20X-Top-1vs221106-02-pH1.2T-替米沙坦片80mg-舒尼亚-32206057-60min-20X-Top-3,美卡素,舒尼亚,D68415,32206057,D68415 vs 32206057,cross_manufacturer,3,1,3,替米沙坦 || pH1.2 || 美卡素 vs 舒尼亚 || D68415 vs 32206057,替米沙坦 || pH1.2 || 美卡素 vs 舒尼亚 || D68415 vs 32206057 || slot_2,替米沙坦 || pH1.2 || 美卡素 vs 舒尼亚 || D68415 vs 32206057 || 3,1,insufficient,,,替米沙坦片80mg,美卡素,D68415,替米沙坦片80mg,舒尼亚,32206057,美卡素 vs 舒尼亚,same,same,54600,7676,1,6,5,83.33,1,1,1,8,8,100.0,51.45,0,0,100.0,1,0,0,8,generic,1,29.0,0,1,1,6,3,7,1,92.5,100.0,84.89
替米沙坦/pH1.2/test/top/221105-01-pH1.2T-替米沙坦片80mg-美卡素-D68415-60min-20X-Top-1vs221106-02-pH1.2T-替米沙坦片80mg-舒尼亚-32206057-60min-20X-Top-3-3.docx,221105-01-pH1.2T-替米沙坦片80mg-美卡素-D68415-60min-20X-Top-1vs221106-02-pH1.2T-替米沙坦片80mg-舒尼亚-32206057-60min-20X-Top-3-3.docx,.docx,ok,,32564,替米沙坦,替米沙坦,pH1.2,pH1.2,top,slot_3,,variant_fallback,slot_3,221105-01-pH1.2T-替米沙坦片80mg-美卡素-D68415-60min-20X-Top-1vs221106-02-pH1.2T-替米沙坦片80mg-舒尼亚-32206057-60min-20X-Top-3,美卡素,舒尼亚,D68415,32206057,D68415 vs 32206057,cross_manufacturer,3,1,3,替米沙坦 || pH1.2 || 美卡素 vs 舒尼亚 || D68415 vs 32206057,替米沙坦 || pH1.2 || 美卡素 vs 舒尼亚 || D68415 vs 32206057 || slot_3,替米沙坦 || pH1.2 || 美卡素 vs 舒尼亚 || D68415 vs 32206057 || 3,1,insufficient,same,,替米沙坦片80mg,美卡素,D68415,替米沙坦片80mg,舒尼亚,32206057,美卡素 vs 舒尼亚,same,same,56457,7981,1,6,5,83.33,1,1,1,8,8,100.0,55.52,1,0,99.45,1,0,0,6,generic,1,29.0,0,1,1,6,2,7,1,85.83,100.0,83.81
替米沙坦/pH1.2/test/top/221105-01-pH1.2T-替米沙坦片80mg-美卡素-D68415-60min-20X-Top-1vs221107-03-pH1.2T-替米沙坦片80mg-安内强-220711301-60min-20X-Top-1-1.docx,221105-01-pH1.2T-替米沙坦片80mg-美卡素-D68415-60min-20X-Top-1vs221107-03-pH1.2T-替米沙坦片80mg-安内强-220711301-60min-20X-Top-1-1.docx,.docx,ok,,33444,替米沙坦,替米沙坦,pH1.2,pH1.2,top,slot_1,,variant_fallback,slot_1,221105-01-pH1.2T-替米沙坦片80mg-美卡素-D68415-60min-20X-Top-1vs221107-03-pH1.2T-替米沙坦片80mg-安内强-220711301-60min-20X-Top-1,美卡素,安内强,D68415,220711301,D68415 vs 220711301,cross_manufacturer,1,1,1,替米沙坦 || pH1.2 || 美卡素 vs 安内强 || D68415 vs 220711301,替米沙坦 || pH1.2 || 美卡素 vs 安内强 || D68415 vs 220711301 || slot_1,替米沙坦 || pH1.2 || 美卡素 vs 安内强 || D68415 vs 220711301 || 1,0,insufficient,same,,替米沙坦片80mg,美卡素,D68415,替米沙坦片80mg,安内强,220711301,美卡素 vs 安内强,different,different,57888,8018,1,6,5,83.33,1,1,1,9,8,100.0,50.26,0,0,100.0,1,0,0,8,generic,1,29.0,0,1,1,6,2,7,1,85.83,100.0,83.89
替米沙坦/pH1.2/test/top/221105-01-pH1.2T-替米沙坦片80mg-美卡素-D68415-60min-20X-Top-1vs221107-03-pH1.2T-替米沙坦片80mg-安内强-220711301-60min-20X-Top-1-2.docx,221105-01-pH1.2T-替米沙坦片80mg-美卡素-D68415-60min-20X-Top-1vs221107-03-pH1.2T-替米沙坦片80mg-安内强-220711301-60min-20X-Top-1-2.docx,.docx,ok,,32584,替米沙坦,替米沙坦,pH1.2,pH1.2,top,slot_2,,variant_fallback,slot_2,221105-01-pH1.2T-替米沙坦片80mg-美卡素-D68415-60min-20X-Top-1vs221107-03-pH1.2T-替米沙坦片80mg-安内强-220711301-60min-20X-Top-1,美卡素,安内强,D68415,220711301,D68415 vs 220711301,cross_manufacturer,1,1,1,替米沙坦 || pH1.2 || 美卡素 vs 安内强 || D68415 vs 220711301,替米沙坦 || pH1.2 || 美卡素 vs 安内强 || D68415 vs 220711301 || slot_2,替米沙坦 || pH1.2 || 美卡素 vs 安内强 || D68415 vs 220711301 || 1,0,insufficient,,,替米沙坦片80mg,美卡素,D68415,替米沙坦片80mg,安内强,220711301,美卡素 vs 安内强,different,different,54655,7581,1,6,5,83.33,1,1,1,8,8,100.0,51.84,0,0,100.0,1,0,0,8,generic,1,29.0,0,1,1,6,2,6,1,85.83,100.0,83.89
替米沙坦/pH1.2/test/top/221105-01-pH1.2T-替米沙坦片80mg-美卡素-D68415-60min-20X-Top-1vs221107-03-pH1.2T-替米沙坦片80mg-安内强-220711301-60min-20X-Top-1-3.docx,221105-01-pH1.2T-替米沙坦片80mg-美卡素-D68415-60min-20X-Top-1vs221107-03-pH1.2T-替米沙坦片80mg-安内强-220711301-60min-20X-Top-1-3.docx,.docx,ok,,32872,替米沙坦,替米沙坦,pH1.2,pH1.2,top,slot_3,,variant_fallback,slot_3,221105-01-pH1.2T-替米沙坦片80mg-美卡素-D68415-60min-20X-Top-1vs221107-03-pH1.2T-替米沙坦片80mg-安内强-220711301-60min-20X-Top-1,美卡素,安内强,D68415,220711301,D68415 vs 220711301,cross_manufacturer,1,1,1,替米沙坦 || pH1.2 || 美卡素 vs 安内强 || D68415 vs 220711301,替米沙坦 || pH1.2 || 美卡素 vs 安内强 || D68415 vs 220711301 || slot_3,替米沙坦 || pH1.2 || 美卡素 vs 安内强 || D68415 vs 220711301 || 1,0,insufficient,different,,替米沙坦片80mg,美卡素,D68415,替米沙坦片80mg,安内强,220711301,美卡素 vs 安内强,different,different,56111,7805,1,6,5,83.33,1,1,1,8,8,100.0,53.25,0,0,100.0,1,0,0,6,generic,1,29.0,0,1,1,6,2,7,1,85.83,100.0,83.89
替米沙坦/pH1.2/test/top/221105-01-pH1.2T-替米沙坦片80mg-美卡素-D68415-60min-20X-Top-1vs221107-03-pH1.2T-替米沙坦片80mg-安内强-220711301-60min-20X-Top-2-1.docx,221105-01-pH1.2T-替米沙坦片80mg-美卡素-D68415-60min-20X-Top-1vs221107-03-pH1.2T-替米沙坦片80mg-安内强-220711301-60min-20X-Top-2-1.docx,.docx,ok,,32484,替米沙坦,替米沙坦,pH1.2,pH1.2,top,slot_1,,variant_fallback,slot_1,221105-01-pH1.2T-替米沙坦片80mg-美卡素-D68415-60min-20X-Top-1vs221107-03-pH1.2T-替米沙坦片80mg-安内强-220711301-60min-20X-Top-2,美卡素,安内强,D68415,220711301,D68415 vs 220711301,cross_manufacturer,2,1,2,替米沙坦 || pH1.2 || 美卡素 vs 安内强 || D68415 vs 220711301,替米沙坦 || pH1.2 || 美卡素 vs 安内强 || D68415 vs 220711301 || slot_1,替米沙坦 || pH1.2 || 美卡素 vs 安内强 || D68415 vs 220711301 || 2,0,insufficient,same,,替米沙坦片80mg,美卡素,D68415,替米沙坦片80mg,安内强,220711301,美卡素 vs 安内强,same,same,53156,7439,1,6,5,83.33,1,1,1,8,8,100.0,50.77,0,0,100.0,1,0,0,6,generic,1,29.0,0,1,1,7,1,7,1,82.92,100.0,83.45
替米沙坦/pH1.2/test/top/221105-01-pH1.2T-替米沙坦片80mg-美卡素-D68415-60min-20X-Top-1vs221107-03-pH1.2T-替米沙坦片80mg-安内强-220711301-60min-20X-Top-2-2.docx,221105-01-pH1.2T-替米沙坦片80mg-美卡素-D68415-60min-20X-Top-1vs221107-03-pH1.2T-替米沙坦片80mg-安内强-220711301-60min-20X-Top-2-2.docx,.docx,ok,,31909,替米沙坦,替米沙坦,pH1.2,pH1.2,top,slot_2,,variant_fallback,slot_2,221105-01-pH1.2T-替米沙坦片80mg-美卡素-D68415-60min-20X-Top-1vs221107-03-pH1.2T-替米沙坦片80mg-安内强-220711301-60min-20X-Top-2,美卡素,安内强,D68415,220711301,D68415 vs 220711301,cross_manufacturer,2,1,2,替米沙坦 || pH1.2 || 美卡素 vs 安内强 || D68415 vs 220711301,替米沙坦 || pH1.2 || 美卡素 vs 安内强 || D68415 vs 220711301 || slot_2,替米沙坦 || pH1.2 || 美卡素 vs 安内强 || D68415 vs 220711301 || 2,0,insufficient,,,替米沙坦片80mg,美卡素,D68415,替米沙坦片80mg,安内强,220711301,美卡素 vs 安内强,same,same,53620,7439,1,6,5,83.33,1,1,1,8,8,100.0,50.73,1,0,99.45,1,0,0,7,generic,1,29.0,0,1,1,7,1,7,1,82.92,100.0,83.37
替米沙坦/pH1.2/test/top/221105-01-pH1.2T-替米沙坦片80mg-美卡素-D68415-60min-20X-Top-1vs221107-03-pH1.2T-替米沙坦片80mg-安内强-220711301-60min-20X-Top-2-3.docx,221105-01-pH1.2T-替米沙坦片80mg-美卡素-D68415-60min-20X-Top-1vs221107-03-pH1.2T-替米沙坦片80mg-安内强-220711301-60min-20X-Top-2-3.docx,.docx,ok,,32494,替米沙坦,替米沙坦,pH1.2,pH1.2,top,slot_3,,variant_fallback,slot_3,221105-01-pH1.2T-替米沙坦片80mg-美卡素-D68415-60min-20X-Top-1vs221107-03-pH1.2T-替米沙坦片80mg-安内强-220711301-60min-20X-Top-2,美卡素,安内强,D68415,220711301,D68415 vs 220711301,cross_manufacturer,2,1,2,替米沙坦 || pH1.2 || 美卡素 vs 安内强 || D68415 vs 220711301,替米沙坦 || pH1.2 || 美卡素 vs 安内强 || D68415 vs 220711301 || slot_3,替米沙坦 || pH1.2 || 美卡素 vs 安内强 || D68415 vs 220711301 || 2,0,insufficient,different,,替米沙坦片80mg,美卡素,D68415,替米沙坦片80mg,安内强,220711301,美卡素 vs 安内强,same,same,55758,7804,1,6,5,83.33,1,1,1,8,8,100.0,53.25,0,0,100.0,1,0,0,7,generic,1,29.0,0,1,1,7,3,7,1,96.25,100.0,85.45
替米沙坦/pH2.0/side/221105-01-pH2.0T-替米沙坦片80mg-美卡素-D68415-60min-20X-Side-1vs221105-01-pH2.0T-替米沙坦片80mg-美卡素-D68415-60min-20X-Side-1-1.docx,221105-01-pH2.0T-替米沙坦片80mg-美卡素-D68415-60min-20X-Side-1vs221105-01-pH2.0T-替米沙坦片80mg-美卡素-D68415-60min-20X-Side-1-1.docx,.docx,ok,,32098,替米沙坦,替米沙坦,pH2.0,pH2.0,side,slot_1,,variant_fallback,slot_1,221105-01-pH2.0T-替米沙坦片80mg-美卡素-D68415-60min-20X-Side-1vs221105-01-pH2.0T-替米沙坦片80mg-美卡素-D68415-60min-20X-Side-1,美卡素,美卡素,D68415,D68415,D68415 vs D68415,same_manufacturer,1,1,1,替米沙坦 || pH2.0 || 美卡素 vs 美卡素 || D68415 vs D68415,替米沙坦 || pH2.0 || 美卡素 vs 美卡素 || D68415 vs D68415 || slot_1,替米沙坦 || pH2.0 || 美卡素 vs 美卡素 || D68415 vs D68415 || 1,1,consistent,same,,替米沙坦片80mg,美卡素,D68415,替米沙坦片80mg,美卡素,D68415,美卡素 vs 美卡素,same,same,52919,7402,1,6,5,83.33,1,1,1,8,8,100.0,49.88,1,0,99.45,1,0,0,6,structured,0,40.0,0,1,1,6,1,7,1,79.17,100.0,84.46
替米沙坦/pH2.0/side/221105-01-pH2.0T-替米沙坦片80mg-美卡素-D68415-60min-20X-Side-1vs221105-01-pH2.0T-替米沙坦片80mg-美卡素-D68415-60min-20X-Side-1-2.docx,221105-01-pH2.0T-替米沙坦片80mg-美卡素-D68415-60min-20X-Side-1vs221105-01-pH2.0T-替米沙坦片80mg-美卡素-D68415-60min-20X-Side-1-2.docx,.docx,ok,,32871,替米沙坦,替米沙坦,pH2.0,pH2.0,side,slot_2,,variant_fallback,slot_2,221105-01-pH2.0T-替米沙坦片80mg-美卡素-D68415-60min-20X-Side-1vs221105-01-pH2.0T-替米沙坦片80mg-美卡素-D68415-60min-20X-Side-1,美卡素,美卡素,D68415,D68415,D68415 vs D68415,same_manufacturer,1,1,1,替米沙坦 || pH2.0 || 美卡素 vs 美卡素 || D68415 vs D68415,替米沙坦 || pH2.0 || 美卡素 vs 美卡素 || D68415 vs D68415 || slot_2,替米沙坦 || pH2.0 || 美卡素 vs 美卡素 || D68415 vs D68415 || 1,1,consistent,same,,替米沙坦片80mg,美卡素,D68415,替米沙坦片80mg,美卡素,D68415,美卡素 vs 美卡素,same,same,54283,7710,1,6,5,83.33,1,1,1,8,8,100.0,53.59,1,0,99.45,1,0,0,7,generic,1,29.0,0,1,1,6,1,7,1,79.17,100.0,82.81
替米沙坦/pH2.0/side/221105-01-pH2.0T-替米沙坦片80mg-美卡素-D68415-60min-20X-Side-1vs221105-01-pH2.0T-替米沙坦片80mg-美卡素-D68415-60min-20X-Side-1-3.docx,221105-01-pH2.0T-替米沙坦片80mg-美卡素-D68415-60min-20X-Side-1vs221105-01-pH2.0T-替米沙坦片80mg-美卡素-D68415-60min-20X-Side-1-3.docx,.docx,ok,,33075,替米沙坦,替米沙坦,pH2.0,pH2.0,side,slot_3,,variant_fallback,slot_3,221105-01-pH2.0T-替米沙坦片80mg-美卡素-D68415-60min-20X-Side-1vs221105-01-pH2.0T-替米沙坦片80mg-美卡素-D68415-60min-20X-Side-1,美卡素,美卡素,D68415,D68415,D68415 vs D68415,same_manufacturer,1,1,1,替米沙坦 || pH2.0 || 美卡素 vs 美卡素 || D68415 vs D68415,替米沙坦 || pH2.0 || 美卡素 vs 美卡素 || D68415 vs D68415 || slot_3,替米沙坦 || pH2.0 || 美卡素 vs 美卡素 || D68415 vs D68415 || 1,1,consistent,same,,替米沙坦片80mg,美卡素,D68415,替米沙坦片80mg,美卡素,D68415,美卡素 vs 美卡素,same,same,55601,7836,1,6,5,83.33,1,1,1,8,8,100.0,52.09,1,0,99.45,1,0,0,6,generic,1,29.0,0,1,1,8,1,7,1,86.67,100.0,83.93
替米沙坦/pH2.0/side/221105-01-pH2.0T-替米沙坦片80mg-美卡素-D68415-60min-20X-Side-1vs221105-01-pH2.0T-替米沙坦片80mg-美卡素-D68415-60min-20X-Side-2-1.docx,221105-01-pH2.0T-替米沙坦片80mg-美卡素-D68415-60min-20X-Side-1vs221105-01-pH2.0T-替米沙坦片80mg-美卡素-D68415-60min-20X-Side-2-1.docx,.docx,ok,,33496,替米沙坦,替米沙坦,pH2.0,pH2.0,side,slot_1,,variant_fallback,slot_1,221105-01-pH2.0T-替米沙坦片80mg-美卡素-D68415-60min-20X-Side-1vs221105-01-pH2.0T-替米沙坦片80mg-美卡素-D68415-60min-20X-Side-2,美卡素,美卡素,D68415,D68415,D68415 vs D68415,same_manufacturer,2,1,2,替米沙坦 || pH2.0 || 美卡素 vs 美卡素 || D68415 vs D68415,替米沙坦 || pH2.0 || 美卡素 vs 美卡素 || D68415 vs D68415 || slot_1,替米沙坦 || pH2.0 || 美卡素 vs 美卡素 || D68415 vs D68415 || 2,1,consistent,same,,替米沙坦片80mg,美卡素,D68415,替米沙坦片80mg,美卡素,D68415,美卡素 vs 美卡素,same,same,55755,7836,1,6,5,83.33,1,1,1,7,8,100.0,53.89,1,0,99.38,1,0,0,6,generic,1,29.0,0,1,1,6,3,7,1,92.5,100.0,84.8
替米沙坦/pH2.0/side/221105-01-pH2.0T-替米沙坦片80mg-美卡素-D68415-60min-20X-Side-1vs221105-01-pH2.0T-替米沙坦片80mg-美卡素-D68415-60min-20X-Side-2-2.docx,221105-01-pH2.0T-替米沙坦片80mg-美卡素-D68415-60min-20X-Side-1vs221105-01-pH2.0T-替米沙坦片80mg-美卡素-D68415-60min-20X-Side-2-2.docx,.docx,ok,,33610,替米沙坦,替米沙坦,pH2.0,pH2.0,side,slot_2,,variant_fallback,slot_2,221105-01-pH2.0T-替米沙坦片80mg-美卡素-D68415-60min-20X-Side-1vs221105-01-pH2.0T-替米沙坦片80mg-美卡素-D68415-60min-20X-Side-2,美卡素,美卡素,D68415,D68415,D68415 vs D68415,same_manufacturer,2,1,2,替米沙坦 || pH2.0 || 美卡素 vs 美卡素 || D68415 vs D68415,替米沙坦 || pH2.0 || 美卡素 vs 美卡素 || D68415 vs D68415 || slot_2,替米沙坦 || pH2.0 || 美卡素 vs 美卡素 || D68415 vs D68415 || 2,1,consistent,same,,替米沙坦片80mg,美卡素,D68415,替米沙坦片80mg,美卡素,D68415,美卡素 vs 美卡素,same,same,55524,7745,1,6,5,83.33,1,1,1,8,8,100.0,51.42,0,0,100.0,1,0,0,5,generic,1,29.0,0,1,1,6,2,7,1,85.83,100.0,83.89
替米沙坦/pH2.0/side/221105-01-pH2.0T-替米沙坦片80mg-美卡素-D68415-60min-20X-Side-1vs221105-01-pH2.0T-替米沙坦片80mg-美卡素-D68415-60min-20X-Side-2-3.docx,221105-01-pH2.0T-替米沙坦片80mg-美卡素-D68415-60min-20X-Side-1vs221105-01-pH2.0T-替米沙坦片80mg-美卡素-D68415-60min-20X-Side-2-3.docx,.docx,ok,,32455,替米沙坦,替米沙坦,pH2.0,pH2.0,side,slot_3,,variant_fallback,slot_3,221105-01-pH2.0T-替米沙坦片80mg-美卡素-D68415-60min-20X-Side-1vs221105-01-pH2.0T-替米沙坦片80mg-美卡素-D68415-60min-20X-Side-2,美卡素,美卡素,D68415,D68415,D68415 vs D68415,same_manufacturer,2,1,2,替米沙坦 || pH2.0 || 美卡素 vs 美卡素 || D68415 vs D68415,替米沙坦 || pH2.0 || 美卡素 vs 美卡素 || D68415 vs D68415 || slot_3,替米沙坦 || pH2.0 || 美卡素 vs 美卡素 || D68415 vs D68415 || 2,1,consistent,same,,替米沙坦片80mg,美卡素,D68415,替米沙坦片80mg,美卡素,D68415,美卡素 vs 美卡素,same,same,54051,7497,1,6,5,83.33,1,1,1,8,8,100.0,50.64,1,0,99.45,1,0,0,6,generic,1,29.0,0,1,1,6,1,7,1,79.17,100.0,82.81
替米沙坦/pH2.0/side/221105-01-pH2.0T-替米沙坦片80mg-美卡素-D68415-60min-20X-Side-1vs221105-01-pH2.0T-替米沙坦片80mg-美卡素-D68415-60min-20X-Side-3-1.docx,221105-01-pH2.0T-替米沙坦片80mg-美卡素-D68415-60min-20X-Side-1vs221105-01-pH2.0T-替米沙坦片80mg-美卡素-D68415-60min-20X-Side-3-1.docx,.docx,ok,,33320,替米沙坦,替米沙坦,pH2.0,pH2.0,side,slot_1,,variant_fallback,slot_1,221105-01-pH2.0T-替米沙坦片80mg-美卡素-D68415-60min-20X-Side-1vs221105-01-pH2.0T-替米沙坦片80mg-美卡素-D68415-60min-20X-Side-3,美卡素,美卡素,D68415,D68415,D68415 vs D68415,same_manufacturer,3,1,3,替米沙坦 || pH2.0 || 美卡素 vs 美卡素 || D68415 vs D68415,替米沙坦 || pH2.0 || 美卡素 vs 美卡素 || D68415 vs D68415 || slot_1,替米沙坦 || pH2.0 || 美卡素 vs 美卡素 || D68415 vs D68415 || 3,1,consistent,same,,替米沙坦片80mg,美卡素,D68415,替米沙坦片80mg,美卡素,D68415,美卡素 vs 美卡素,same,same,57725,8050,1,6,5,83.33,1,1,1,8,8,100.0,56.11,1,0,99.45,1,0,0,7,generic,1,29.0,0,1,1,6,2,7,1,85.83,100.0,83.81
替米沙坦/pH2.0/side/221105-01-pH2.0T-替米沙坦片80mg-美卡素-D68415-60min-20X-Side-1vs221105-01-pH2.0T-替米沙坦片80mg-美卡素-D68415-60min-20X-Side-3-2.docx,221105-01-pH2.0T-替米沙坦片80mg-美卡素-D68415-60min-20X-Side-1vs221105-01-pH2.0T-替米沙坦片80mg-美卡素-D68415-60min-20X-Side-3-2.docx,.docx,ok,,32210,替米沙坦,替米沙坦,pH2.0,pH2.0,side,slot_2,,variant_fallback,slot_2,221105-01-pH2.0T-替米沙坦片80mg-美卡素-D68415-60min-20X-Side-1vs221105-01-pH2.0T-替米沙坦片80mg-美卡素-D68415-60min-20X-Side-3,美卡素,美卡素,D68415,D68415,D68415 vs D68415,same_manufacturer,3,1,3,替米沙坦 || pH2.0 || 美卡素 vs 美卡素 || D68415 vs D68415,替米沙坦 || pH2.0 || 美卡素 vs 美卡素 || D68415 vs D68415 || slot_2,替米沙坦 || pH2.0 || 美卡素 vs 美卡素 || D68415 vs D68415 || 3,1,consistent,same,,替米沙坦片80mg,美卡素,D68415,替米沙坦片80mg,美卡素,D68415,美卡素 vs 美卡素,same,same,54559,7608,1,6,5,83.33,1,1,1,8,8,100.0,52.86,3,0,98.36,1,0,0,6,generic,1,29.0,0,1,1,6,1,7,1,79.17,100.0,82.65
替米沙坦/pH2.0/side/221105-01-pH2.0T-替米沙坦片80mg-美卡素-D68415-60min-20X-Side-1vs221105-01-pH2.0T-替米沙坦片80mg-美卡素-D68415-60min-20X-Side-3-3.docx,221105-01-pH2.0T-替米沙坦片80mg-美卡素-D68415-60min-20X-Side-1vs221105-01-pH2.0T-替米沙坦片80mg-美卡素-D68415-60min-20X-Side-3-3.docx,.docx,ok,,32266,替米沙坦,替米沙坦,pH2.0,pH2.0,side,slot_3,,variant_fallback,slot_3,221105-01-pH2.0T-替米沙坦片80mg-美卡素-D68415-60min-20X-Side-1vs221105-01-pH2.0T-替米沙坦片80mg-美卡素-D68415-60min-20X-Side-3,美卡素,美卡素,D68415,D68415,D68415 vs D68415,same_manufacturer,3,1,3,替米沙坦 || pH2.0 || 美卡素 vs 美卡素 || D68415 vs D68415,替米沙坦 || pH2.0 || 美卡素 vs 美卡素 || D68415 vs D68415 || slot_3,替米沙坦 || pH2.0 || 美卡素 vs 美卡素 || D68415 vs D68415 || 3,1,consistent,same,,替米沙坦片80mg,美卡素,D68415,替米沙坦片80mg,美卡素,D68415,美卡素 vs 美卡素,same,same,54288,7608,1,6,5,83.33,1,1,1,8,8,100.0,51.8,0,0,100.0,1,0,0,6,generic,1,29.0,0,1,1,6,2,7,1,85.83,100.0,83.89
替米沙坦/pH2.0/side/221105-01-pH2.0T-替米沙坦片80mg-美卡素-D68415-60min-20X-Side-1vs221106-02-pH2.0T-替米沙坦片80mg-舒尼亚-32206057-60min-20X-Side-1-1.docx,221105-01-pH2.0T-替米沙坦片80mg-美卡素-D68415-60min-20X-Side-1vs221106-02-pH2.0T-替米沙坦片80mg-舒尼亚-32206057-60min-20X-Side-1-1.docx,.docx,ok,,33757,替米沙坦,替米沙坦,pH2.0,pH2.0,side,slot_1,,variant_fallback,slot_1,221105-01-pH2.0T-替米沙坦片80mg-美卡素-D68415-60min-20X-Side-1vs221106-02-pH2.0T-替米沙坦片80mg-舒尼亚-32206057-60min-20X-Side-1,美卡素,舒尼亚,D68415,32206057,D68415 vs 32206057,cross_manufacturer,1,1,1,替米沙坦 || pH2.0 || 美卡素 vs 舒尼亚 || D68415 vs 32206057,替米沙坦 || pH2.0 || 美卡素 vs 舒尼亚 || D68415 vs 32206057 || slot_1,替米沙坦 || pH2.0 || 美卡素 vs 舒尼亚 || D68415 vs 32206057 || 1,1,consistent,same,,替米沙坦片80mg,美卡素,D68415,替米沙坦片80mg,舒尼亚,32206057,美卡素 vs 舒尼亚,same,same,58925,8258,1,6,5,83.33,1,1,1,8,8,100.0,56,0,0,100.0,1,0,0,6,generic,1,29.0,0,1,1,6,1,7,1,79.17,100.0,82.89
替米沙坦/pH2.0/side/221105-01-pH2.0T-替米沙坦片80mg-美卡素-D68415-60min-20X-Side-1vs221106-02-pH2.0T-替米沙坦片80mg-舒尼亚-32206057-60min-20X-Side-1-2.docx,221105-01-pH2.0T-替米沙坦片80mg-美卡素-D68415-60min-20X-Side-1vs221106-02-pH2.0T-替米沙坦片80mg-舒尼亚-32206057-60min-20X-Side-1-2.docx,.docx,ok,,32464,替米沙坦,替米沙坦,pH2.0,pH2.0,side,slot_2,,variant_fallback,slot_2,221105-01-pH2.0T-替米沙坦片80mg-美卡素-D68415-60min-20X-Side-1vs221106-02-pH2.0T-替米沙坦片80mg-舒尼亚-32206057-60min-20X-Side-1,美卡素,舒尼亚,D68415,32206057,D68415 vs 32206057,cross_manufacturer,1,1,1,替米沙坦 || pH2.0 || 美卡素 vs 舒尼亚 || D68415 vs 32206057,替米沙坦 || pH2.0 || 美卡素 vs 舒尼亚 || D68415 vs 32206057 || slot_2,替米沙坦 || pH2.0 || 美卡素 vs 舒尼亚 || D68415 vs 32206057 || 1,1,consistent,same,,替米沙坦片80mg,美卡素,D68415,替米沙坦片80mg,舒尼亚,32206057,美卡素 vs 舒尼亚,same,same,54747,7633,1,6,5,83.33,1,1,1,8,8,100.0,51.39,2,0,98.91,1,0,0,6,generic,1,29.0,0,1,1,6,1,7,1,79.17,100.0,82.73
替米沙坦/pH2.0/side/221105-01-pH2.0T-替米沙坦片80mg-美卡素-D68415-60min-20X-Side-1vs221106-02-pH2.0T-替米沙坦片80mg-舒尼亚-32206057-60min-20X-Side-1-3.docx,221105-01-pH2.0T-替米沙坦片80mg-美卡素-D68415-60min-20X-Side-1vs221106-02-pH2.0T-替米沙坦片80mg-舒尼亚-32206057-60min-20X-Side-1-3.docx,.docx,ok,,32866,替米沙坦,替米沙坦,pH2.0,pH2.0,side,slot_3,,variant_fallback,slot_3,221105-01-pH2.0T-替米沙坦片80mg-美卡素-D68415-60min-20X-Side-1vs221106-02-pH2.0T-替米沙坦片80mg-舒尼亚-32206057-60min-20X-Side-1,美卡素,舒尼亚,D68415,32206057,D68415 vs 32206057,cross_manufacturer,1,1,1,替米沙坦 || pH2.0 || 美卡素 vs 舒尼亚 || D68415 vs 32206057,替米沙坦 || pH2.0 || 美卡素 vs 舒尼亚 || D68415 vs 32206057 || slot_3,替米沙坦 || pH2.0 || 美卡素 vs 舒尼亚 || D68415 vs 32206057 || 1,1,inconsistent,same,potential_false_negative,替米沙坦片80mg,美卡素,D68415,替米沙坦片80mg,舒尼亚,32206057,美卡素 vs 舒尼亚,different,different,55814,7847,1,6,5,83.33,1,1,1,8,8,100.0,52.38,1,0,99.45,1,5,0,5,generic,1,64.0,0,1,1,8,1,7,1,86.67,100.0,89.18
替米沙坦/pH2.0/side/221105-01-pH2.0T-替米沙坦片80mg-美卡素-D68415-60min-20X-Side-1vs221106-02-pH2.0T-替米沙坦片80mg-舒尼亚-32206057-60min-20X-Side-2-1.docx,221105-01-pH2.0T-替米沙坦片80mg-美卡素-D68415-60min-20X-Side-1vs221106-02-pH2.0T-替米沙坦片80mg-舒尼亚-32206057-60min-20X-Side-2-1.docx,.docx,ok,,33644,替米沙坦,替米沙坦,pH2.0,pH2.0,side,slot_1,,variant_fallback,slot_1,221105-01-pH2.0T-替米沙坦片80mg-美卡素-D68415-60min-20X-Side-1vs221106-02-pH2.0T-替米沙坦片80mg-舒尼亚-32206057-60min-20X-Side-2,美卡素,舒尼亚,D68415,32206057,D68415 vs 32206057,cross_manufacturer,2,1,2,替米沙坦 || pH2.0 || 美卡素 vs 舒尼亚 || D68415 vs 32206057,替米沙坦 || pH2.0 || 美卡素 vs 舒尼亚 || D68415 vs 32206057 || slot_1,替米沙坦 || pH2.0 || 美卡素 vs 舒尼亚 || D68415 vs 32206057 || 2,1,consistent,same,,替米沙坦片80mg,美卡素,D68415,替米沙坦片80mg,舒尼亚,32206057,美卡素 vs 舒尼亚,same,same,57062,8062,1,6,5,83.33,1,1,1,8,8,100.0,54.42,2,0,98.91,1,0,0,6,generic,1,29.0,0,1,1,6,1,7,1,79.17,100.0,82.73
替米沙坦/pH2.0/side/221105-01-pH2.0T-替米沙坦片80mg-美卡素-D68415-60min-20X-Side-1vs221106-02-pH2.0T-替米沙坦片80mg-舒尼亚-32206057-60min-20X-Side-2-2.docx,221105-01-pH2.0T-替米沙坦片80mg-美卡素-D68415-60min-20X-Side-1vs221106-02-pH2.0T-替米沙坦片80mg-舒尼亚-32206057-60min-20X-Side-2-2.docx,.docx,ok,,32612,替米沙坦,替米沙坦,pH2.0,pH2.0,side,slot_2,,variant_fallback,slot_2,221105-01-pH2.0T-替米沙坦片80mg-美卡素-D68415-60min-20X-Side-1vs221106-02-pH2.0T-替米沙坦片80mg-舒尼亚-32206057-60min-20X-Side-2,美卡素,舒尼亚,D68415,32206057,D68415 vs 32206057,cross_manufacturer,2,1,2,替米沙坦 || pH2.0 || 美卡素 vs 舒尼亚 || D68415 vs 32206057,替米沙坦 || pH2.0 || 美卡素 vs 舒尼亚 || D68415 vs 32206057 || slot_2,替米沙坦 || pH2.0 || 美卡素 vs 舒尼亚 || D68415 vs 32206057 || 2,1,consistent,same,,替米沙坦片80mg,美卡素,D68415,替米沙坦片80mg,舒尼亚,32206057,美卡素 vs 舒尼亚,same,same,54349,7672,1,6,5,83.33,1,1,1,8,8,100.0,51.12,0,0,100.0,1,0,0,6,structured,0,40.0,0,1,1,6,2,7,1,85.83,100.0,85.54
替米沙坦/pH2.0/side/221105-01-pH2.0T-替米沙坦片80mg-美卡素-D68415-60min-20X-Side-1vs221106-02-pH2.0T-替米沙坦片80mg-舒尼亚-32206057-60min-20X-Side-2-3.docx,221105-01-pH2.0T-替米沙坦片80mg-美卡素-D68415-60min-20X-Side-1vs221106-02-pH2.0T-替米沙坦片80mg-舒尼亚-32206057-60min-20X-Side-2-3.docx,.docx,ok,,32511,替米沙坦,替米沙坦,pH2.0,pH2.0,side,slot_3,,variant_fallback,slot_3,221105-01-pH2.0T-替米沙坦片80mg-美卡素-D68415-60min-20X-Side-1vs221106-02-pH2.0T-替米沙坦片80mg-舒尼亚-32206057-60min-20X-Side-2,美卡素,舒尼亚,D68415,32206057,D68415 vs 32206057,cross_manufacturer,2,1,2,替米沙坦 || pH2.0 || 美卡素 vs 舒尼亚 || D68415 vs 32206057,替米沙坦 || pH2.0 || 美卡素 vs 舒尼亚 || D68415 vs 32206057 || slot_3,替米沙坦 || pH2.0 || 美卡素 vs 舒尼亚 || D68415 vs 32206057 || 2,1,inconsistent,same,,替米沙坦片80mg,美卡素,D68415,替米沙坦片80mg,舒尼亚,32206057,美卡素 vs 舒尼亚,same,same,54630,7683,1,6,5,83.33,1,1,1,8,8,100.0,52.52,0,0,100.0,1,0,0,7,generic,1,29.0,0,1,1,7,1,7,1,82.92,100.0,83.45
替米沙坦/pH2.0/side/221105-01-pH2.0T-替米沙坦片80mg-美卡素-D68415-60min-20X-Side-1vs221106-02-pH2.0T-替米沙坦片80mg-舒尼亚-32206057-60min-20X-Side-3-1.docx,221105-01-pH2.0T-替米沙坦片80mg-美卡素-D68415-60min-20X-Side-1vs221106-02-pH2.0T-替米沙坦片80mg-舒尼亚-32206057-60min-20X-Side-3-1.docx,.docx,ok,,33339,替米沙坦,替米沙坦,pH2.0,pH2.0,side,slot_1,,variant_fallback,slot_1,221105-01-pH2.0T-替米沙坦片80mg-美卡素-D68415-60min-20X-Side-1vs221106-02-pH2.0T-替米沙坦片80mg-舒尼亚-32206057-60min-20X-Side-3,美卡素,舒尼亚,D68415,32206057,D68415 vs 32206057,cross_manufacturer,3,1,3,替米沙坦 || pH2.0 || 美卡素 vs 舒尼亚 || D68415 vs 32206057,替米沙坦 || pH2.0 || 美卡素 vs 舒尼亚 || D68415 vs 32206057 || slot_1,替米沙坦 || pH2.0 || 美卡素 vs 舒尼亚 || D68415 vs 32206057 || 3,1,consistent,same,,替米沙坦片80mg,美卡素,D68415,替米沙坦片80mg,舒尼亚,32206057,美卡素 vs 舒尼亚,same,same,57324,8081,1,6,5,83.33,1,1,1,8,8,100.0,54.33,1,0,99.45,1,0,0,5,generic,1,29.0,0,1,1,6,3,7,1,92.5,100.0,84.81
替米沙坦/pH2.0/side/221105-01-pH2.0T-替米沙坦片80mg-美卡素-D68415-60min-20X-Side-1vs221106-02-pH2.0T-替米沙坦片80mg-舒尼亚-32206057-60min-20X-Side-3-2.docx,221105-01-pH2.0T-替米沙坦片80mg-美卡素-D68415-60min-20X-Side-1vs221106-02-pH2.0T-替米沙坦片80mg-舒尼亚-32206057-60min-20X-Side-3-2.docx,.docx,ok,,33243,替米沙坦,替米沙坦,pH2.0,pH2.0,side,slot_2,,variant_fallback,slot_2,221105-01-pH2.0T-替米沙坦片80mg-美卡素-D68415-60min-20X-Side-1vs221106-02-pH2.0T-替米沙坦片80mg-舒尼亚-32206057-60min-20X-Side-3,美卡素,舒尼亚,D68415,32206057,D68415 vs 32206057,cross_manufacturer,3,1,3,替米沙坦 || pH2.0 || 美卡素 vs 舒尼亚 || D68415 vs 32206057,替米沙坦 || pH2.0 || 美卡素 vs 舒尼亚 || D68415 vs 32206057 || slot_2,替米沙坦 || pH2.0 || 美卡素 vs 舒尼亚 || D68415 vs 32206057 || 3,1,consistent,same,,替米沙坦片80mg,美卡素,D68415,替米沙坦片80mg,舒尼亚,32206057,美卡素 vs 舒尼亚,same,same,58081,8051,1,6,5,83.33,1,1,1,8,8,100.0,54.83,1,0,99.45,1,0,0,6,generic,1,29.0,0,1,1,6,1,7,1,79.17,100.0,82.81
替米沙坦/pH2.0/side/221105-01-pH2.0T-替米沙坦片80mg-美卡素-D68415-60min-20X-Side-1vs221106-02-pH2.0T-替米沙坦片80mg-舒尼亚-32206057-60min-20X-Side-3-3.docx,221105-01-pH2.0T-替米沙坦片80mg-美卡素-D68415-60min-20X-Side-1vs221106-02-pH2.0T-替米沙坦片80mg-舒尼亚-32206057-60min-20X-Side-3-3.docx,.docx,ok,,34212,替米沙坦,替米沙坦,pH2.0,pH2.0,side,slot_3,,variant_fallback,slot_3,221105-01-pH2.0T-替米沙坦片80mg-美卡素-D68415-60min-20X-Side-1vs221106-02-pH2.0T-替米沙坦片80mg-舒尼亚-32206057-60min-20X-Side-3,美卡素,舒尼亚,D68415,32206057,D68415 vs 32206057,cross_manufacturer,3,1,3,替米沙坦 || pH2.0 || 美卡素 vs 舒尼亚 || D68415 vs 32206057,替米沙坦 || pH2.0 || 美卡素 vs 舒尼亚 || D68415 vs 32206057 || slot_3,替米沙坦 || pH2.0 || 美卡素 vs 舒尼亚 || D68415 vs 32206057 || 3,1,inconsistent,same,,替米沙坦片80mg,美卡素,D68415,替米沙坦片80mg,舒尼亚,32206057,美卡素 vs 舒尼亚,same,same,55337,7759,1,6,5,83.33,1,1,1,8,8,100.0,50.67,0,0,100.0,1,0,0,9,generic,1,29.0,0,1,1,6,2,7,1,85.83,100.0,83.89
替米沙坦/pH2.0/side/221105-01-pH2.0T-替米沙坦片80mg-美卡素-D68415-60min-20X-Side-1vs221107-03-pH2.0T-替米沙坦片80mg-安内强-220711301-60min-20X-Side-1-1.docx,221105-01-pH2.0T-替米沙坦片80mg-美卡素-D68415-60min-20X-Side-1vs221107-03-pH2.0T-替米沙坦片80mg-安内强-220711301-60min-20X-Side-1-1.docx,.docx,ok,,32786,替米沙坦,替米沙坦,pH2.0,pH2.0,side,slot_1,,variant_fallback,slot_1,221105-01-pH2.0T-替米沙坦片80mg-美卡素-D68415-60min-20X-Side-1vs221107-03-pH2.0T-替米沙坦片80mg-安内强-220711301-60min-20X-Side-1,美卡素,安内强,D68415,220711301,D68415 vs 220711301,cross_manufacturer,1,1,1,替米沙坦 || pH2.0 || 美卡素 vs 安内强 || D68415 vs 220711301,替米沙坦 || pH2.0 || 美卡素 vs 安内强 || D68415 vs 220711301 || slot_1,替米沙坦 || pH2.0 || 美卡素 vs 安内强 || D68415 vs 220711301 || 1,0,consistent,same,,替米沙坦片80mg,美卡素,D68415,替米沙坦片80mg,安内强,220711301,美卡素 vs 安内强,same,same,54097,7539,1,6,5,83.33,1,1,1,8,8,100.0,49.09,2,0,98.91,1,0,0,7,structured,0,40.0,0,1,1,7,1,7,1,82.92,100.0,84.94
替米沙坦/pH2.0/side/221105-01-pH2.0T-替米沙坦片80mg-美卡素-D68415-60min-20X-Side-1vs221107-03-pH2.0T-替米沙坦片80mg-安内强-220711301-60min-20X-Side-1-2.docx,221105-01-pH2.0T-替米沙坦片80mg-美卡素-D68415-60min-20X-Side-1vs221107-03-pH2.0T-替米沙坦片80mg-安内强-220711301-60min-20X-Side-1-2.docx,.docx,ok,,34147,替米沙坦,替米沙坦,pH2.0,pH2.0,side,slot_2,,variant_fallback,slot_2,221105-01-pH2.0T-替米沙坦片80mg-美卡素-D68415-60min-20X-Side-1vs221107-03-pH2.0T-替米沙坦片80mg-安内强-220711301-60min-20X-Side-1,美卡素,安内强,D68415,220711301,D68415 vs 220711301,cross_manufacturer,1,1,1,替米沙坦 || pH2.0 || 美卡素 vs 安内强 || D68415 vs 220711301,替米沙坦 || pH2.0 || 美卡素 vs 安内强 || D68415 vs 220711301 || slot_2,替米沙坦 || pH2.0 || 美卡素 vs 安内强 || D68415 vs 220711301 || 1,0,consistent,same,,替米沙坦片80mg,美卡素,D68415,替米沙坦片80mg,安内强,220711301,美卡素 vs 安内强,same,same,58663,8280,1,6,5,83.33,1,1,1,8,8,100.0,56.03,0,0,100.0,1,0,0,5,generic,1,29.0,0,1,1,6,1,7,1,79.17,100.0,82.89
替米沙坦/pH2.0/side/221105-01-pH2.0T-替米沙坦片80mg-美卡素-D68415-60min-20X-Side-1vs221107-03-pH2.0T-替米沙坦片80mg-安内强-220711301-60min-20X-Side-1-3.docx,221105-01-pH2.0T-替米沙坦片80mg-美卡素-D68415-60min-20X-Side-1vs221107-03-pH2.0T-替米沙坦片80mg-安内强-220711301-60min-20X-Side-1-3.docx,.docx,ok,,33811,替米沙坦,替米沙坦,pH2.0,pH2.0,side,slot_3,,variant_fallback,slot_3,221105-01-pH2.0T-替米沙坦片80mg-美卡素-D68415-60min-20X-Side-1vs221107-03-pH2.0T-替米沙坦片80mg-安内强-220711301-60min-20X-Side-1,美卡素,安内强,D68415,220711301,D68415 vs 220711301,cross_manufacturer,1,1,1,替米沙坦 || pH2.0 || 美卡素 vs 安内强 || D68415 vs 220711301,替米沙坦 || pH2.0 || 美卡素 vs 安内强 || D68415 vs 220711301 || slot_3,替米沙坦 || pH2.0 || 美卡素 vs 安内强 || D68415 vs 220711301 || 1,0,consistent,same,,替米沙坦片80mg,美卡素,D68415,替米沙坦片80mg,安内强,220711301,美卡素 vs 安内强,same,same,58649,8241,1,6,5,83.33,1,1,1,8,8,100.0,59.53,0,0,100.0,1,0,0,5,generic,1,29.0,0,1,1,6,1,7,1,79.17,100.0,82.89
替米沙坦/pH2.0/side/221105-01-pH2.0T-替米沙坦片80mg-美卡素-D68415-60min-20X-Side-1vs221107-03-pH2.0T-替米沙坦片80mg-安内强-220711301-60min-20X-Side-2-1.docx,221105-01-pH2.0T-替米沙坦片80mg-美卡素-D68415-60min-20X-Side-1vs221107-03-pH2.0T-替米沙坦片80mg-安内强-220711301-60min-20X-Side-2-1.docx,.docx,ok,,33201,替米沙坦,替米沙坦,pH2.0,pH2.0,side,slot_1,,variant_fallback,slot_1,221105-01-pH2.0T-替米沙坦片80mg-美卡素-D68415-60min-20X-Side-1vs221107-03-pH2.0T-替米沙坦片80mg-安内强-220711301-60min-20X-Side-2,美卡素,安内强,D68415,220711301,D68415 vs 220711301,cross_manufacturer,2,1,2,替米沙坦 || pH2.0 || 美卡素 vs 安内强 || D68415 vs 220711301,替米沙坦 || pH2.0 || 美卡素 vs 安内强 || D68415 vs 220711301 || slot_1,替米沙坦 || pH2.0 || 美卡素 vs 安内强 || D68415 vs 220711301 || 2,0,consistent,same,,替米沙坦片80mg,美卡素,D68415,替米沙坦片80mg,安内强,220711301,美卡素 vs 安内强,same,same,55952,7934,1,6,5,83.33,1,1,1,8,8,100.0,53.41,0,0,100.0,1,0,0,8,generic,1,29.0,0,1,1,7,1,7,1,82.92,100.0,83.45
替米沙坦/pH2.0/side/221105-01-pH2.0T-替米沙坦片80mg-美卡素-D68415-60min-20X-Side-1vs221107-03-pH2.0T-替米沙坦片80mg-安内强-220711301-60min-20X-Side-2-2.docx,221105-01-pH2.0T-替米沙坦片80mg-美卡素-D68415-60min-20X-Side-1vs221107-03-pH2.0T-替米沙坦片80mg-安内强-220711301-60min-20X-Side-2-2.docx,.docx,ok,,32377,替米沙坦,替米沙坦,pH2.0,pH2.0,side,slot_2,,variant_fallback,slot_2,221105-01-pH2.0T-替米沙坦片80mg-美卡素-D68415-60min-20X-Side-1vs221107-03-pH2.0T-替米沙坦片80mg-安内强-220711301-60min-20X-Side-2,美卡素,安内强,D68415,220711301,D68415 vs 220711301,cross_manufacturer,2,1,2,替米沙坦 || pH2.0 || 美卡素 vs 安内强 || D68415 vs 220711301,替米沙坦 || pH2.0 || 美卡素 vs 安内强 || D68415 vs 220711301 || slot_2,替米沙坦 || pH2.0 || 美卡素 vs 安内强 || D68415 vs 220711301 || 2,0,consistent,same,,替米沙坦片80mg,美卡素,D68415,替米沙坦片80mg,安内强,220711301,美卡素 vs 安内强,same,same,54852,7731,1,6,5,83.33,1,1,1,8,8,100.0,53.36,2,0,98.91,1,0,0,5,generic,1,29.0,0,1,1,6,2,7,1,85.83,100.0,83.73
替米沙坦/pH2.0/side/221105-01-pH2.0T-替米沙坦片80mg-美卡素-D68415-60min-20X-Side-1vs221107-03-pH2.0T-替米沙坦片80mg-安内强-220711301-60min-20X-Side-2-3.docx,221105-01-pH2.0T-替米沙坦片80mg-美卡素-D68415-60min-20X-Side-1vs221107-03-pH2.0T-替米沙坦片80mg-安内强-220711301-60min-20X-Side-2-3.docx,.docx,ok,,33395,替米沙坦,替米沙坦,pH2.0,pH2.0,side,slot_3,,variant_fallback,slot_3,221105-01-pH2.0T-替米沙坦片80mg-美卡素-D68415-60min-20X-Side-1vs221107-03-pH2.0T-替米沙坦片80mg-安内强-220711301-60min-20X-Side-2,美卡素,安内强,D68415,220711301,D68415 vs 220711301,cross_manufacturer,2,1,2,替米沙坦 || pH2.0 || 美卡素 vs 安内强 || D68415 vs 220711301,替米沙坦 || pH2.0 || 美卡素 vs 安内强 || D68415 vs 220711301 || slot_3,替米沙坦 || pH2.0 || 美卡素 vs 安内强 || D68415 vs 220711301 || 2,0,consistent,same,,替米沙坦片80mg,美卡素,D68415,替米沙坦片80mg,安内强,220711301,美卡素 vs 安内强,same,same,55027,7708,1,6,5,83.33,1,1,1,8,8,100.0,52.02,0,0,100.0,1,0,0,7,generic,1,29.0,0,1,1,6,1,7,1,79.17,100.0,82.89
替米沙坦/pH2.0/side/221105-01-pH2.0T-替米沙坦片80mg-美卡素-D68415-60min-20X-Side-1vs221108-04-pH2.0T-替米沙坦片80mg-欧美宁-0602204007-60min-20X-Side-1-1.docx,221105-01-pH2.0T-替米沙坦片80mg-美卡素-D68415-60min-20X-Side-1vs221108-04-pH2.0T-替米沙坦片80mg-欧美宁-0602204007-60min-20X-Side-1-1.docx,.docx,ok,,33533,替米沙坦,替米沙坦,pH2.0,pH2.0,side,slot_1,,variant_fallback,slot_1,221105-01-pH2.0T-替米沙坦片80mg-美卡素-D68415-60min-20X-Side-1vs221108-04-pH2.0T-替米沙坦片80mg-欧美宁-0602204007-60min-20X-Side-1,美卡素,欧美宁,D68415,0602204007,D68415 vs 0602204007,cross_manufacturer,1,1,1,替米沙坦 || pH2.0 || 美卡素 vs 欧美宁 || D68415 vs 0602204007,替米沙坦 || pH2.0 || 美卡素 vs 欧美宁 || D68415 vs 0602204007 || slot_1,替米沙坦 || pH2.0 || 美卡素 vs 欧美宁 || D68415 vs 0602204007 || 1,0,consistent,same,,替米沙坦片80mg,美卡素,D68415,替米沙坦片80mg,欧美宁,0602204007,美卡素 vs 欧美宁,same,same,55812,7797,1,6,5,83.33,1,1,1,8,8,100.0,50.33,0,0,100.0,1,0,0,6,generic,1,29.0,0,1,1,6,2,7,1,85.83,100.0,83.89
替米沙坦/pH2.0/side/221105-01-pH2.0T-替米沙坦片80mg-美卡素-D68415-60min-20X-Side-1vs221108-04-pH2.0T-替米沙坦片80mg-欧美宁-0602204007-60min-20X-Side-1-2.docx,221105-01-pH2.0T-替米沙坦片80mg-美卡素-D68415-60min-20X-Side-1vs221108-04-pH2.0T-替米沙坦片80mg-欧美宁-0602204007-60min-20X-Side-1-2.docx,.docx,ok,,33618,替米沙坦,替米沙坦,pH2.0,pH2.0,side,slot_2,,variant_fallback,slot_2,221105-01-pH2.0T-替米沙坦片80mg-美卡素-D68415-60min-20X-Side-1vs221108-04-pH2.0T-替米沙坦片80mg-欧美宁-0602204007-60min-20X-Side-1,美卡素,欧美宁,D68415,0602204007,D68415 vs 0602204007,cross_manufacturer,1,1,1,替米沙坦 || pH2.0 || 美卡素 vs 欧美宁 || D68415 vs 0602204007,替米沙坦 || pH2.0 || 美卡素 vs 欧美宁 || D68415 vs 0602204007 || slot_2,替米沙坦 || pH2.0 || 美卡素 vs 欧美宁 || D68415 vs 0602204007 || 1,0,consistent,same,,替米沙坦片80mg,美卡素,D68415,替米沙坦片80mg,欧美宁,0602204007,美卡素 vs 欧美宁,same,same,57440,8040,1,6,5,83.33,1,1,1,8,8,100.0,53.69,1,0,99.45,1,0,0,6,generic,1,29.0,0,1,1,6,1,7,1,79.17,100.0,82.81
替米沙坦/pH2.0/side/221105-01-pH2.0T-替米沙坦片80mg-美卡素-D68415-60min-20X-Side-1vs221108-04-pH2.0T-替米沙坦片80mg-欧美宁-0602204007-60min-20X-Side-1-3.docx,221105-01-pH2.0T-替米沙坦片80mg-美卡素-D68415-60min-20X-Side-1vs221108-04-pH2.0T-替米沙坦片80mg-欧美宁-0602204007-60min-20X-Side-1-3.docx,.docx,ok,,33231,替米沙坦,替米沙坦,pH2.0,pH2.0,side,slot_3,,variant_fallback,slot_3,221105-01-pH2.0T-替米沙坦片80mg-美卡素-D68415-60min-20X-Side-1vs221108-04-pH2.0T-替米沙坦片80mg-欧美宁-0602204007-60min-20X-Side-1,美卡素,欧美宁,D68415,0602204007,D68415 vs 0602204007,cross_manufacturer,1,1,1,替米沙坦 || pH2.0 || 美卡素 vs 欧美宁 || D68415 vs 0602204007,替米沙坦 || pH2.0 || 美卡素 vs 欧美宁 || D68415 vs 0602204007 || slot_3,替米沙坦 || pH2.0 || 美卡素 vs 欧美宁 || D68415 vs 0602204007 || 1,0,consistent,same,,替米沙坦片80mg,美卡素,D68415,替米沙坦片80mg,欧美宁,0602204007,美卡素 vs 欧美宁,same,same,55322,7797,1,6,5,83.33,1,1,1,8,8,100.0,53.02,0,0,100.0,1,0,0,6,generic,1,29.0,0,1,1,6,2,7,1,85.83,100.0,83.89
替米沙坦/pH2.0/side/221105-01-pH2.0T-替米沙坦片80mg-美卡素-D68415-60min-20X-Side-1vs221108-04-pH2.0T-替米沙坦片80mg-欧美宁-0602204007-60min-20X-Side-2-1.docx,221105-01-pH2.0T-替米沙坦片80mg-美卡素-D68415-60min-20X-Side-1vs221108-04-pH2.0T-替米沙坦片80mg-欧美宁-0602204007-60min-20X-Side-2-1.docx,.docx,ok,,33973,替米沙坦,替米沙坦,pH2.0,pH2.0,side,slot_1,,variant_fallback,slot_1,221105-01-pH2.0T-替米沙坦片80mg-美卡素-D68415-60min-20X-Side-1vs221108-04-pH2.0T-替米沙坦片80mg-欧美宁-0602204007-60min-20X-Side-2,美卡素,欧美宁,D68415,0602204007,D68415 vs 0602204007,cross_manufacturer,2,1,2,替米沙坦 || pH2.0 || 美卡素 vs 欧美宁 || D68415 vs 0602204007,替米沙坦 || pH2.0 || 美卡素 vs 欧美宁 || D68415 vs 0602204007 || slot_1,替米沙坦 || pH2.0 || 美卡素 vs 欧美宁 || D68415 vs 0602204007 || 2,0,consistent,same,,替米沙坦片80mg,美卡素,D68415,替米沙坦片80mg,欧美宁,0602204007,美卡素 vs 欧美宁,same,same,57246,7992,1,6,5,83.33,1,1,1,8,8,100.0,53.12,1,0,99.45,1,0,0,6,generic,1,29.0,0,1,1,6,3,7,1,92.5,100.0,84.81
替米沙坦/pH2.0/side/221105-01-pH2.0T-替米沙坦片80mg-美卡素-D68415-60min-20X-Side-1vs221108-04-pH2.0T-替米沙坦片80mg-欧美宁-0602204007-60min-20X-Side-2-2.docx,221105-01-pH2.0T-替米沙坦片80mg-美卡素-D68415-60min-20X-Side-1vs221108-04-pH2.0T-替米沙坦片80mg-欧美宁-0602204007-60min-20X-Side-2-2.docx,.docx,ok,,33377,替米沙坦,替米沙坦,pH2.0,pH2.0,side,slot_2,,variant_fallback,slot_2,221105-01-pH2.0T-替米沙坦片80mg-美卡素-D68415-60min-20X-Side-1vs221108-04-pH2.0T-替米沙坦片80mg-欧美宁-0602204007-60min-20X-Side-2,美卡素,欧美宁,D68415,0602204007,D68415 vs 0602204007,cross_manufacturer,2,1,2,替米沙坦 || pH2.0 || 美卡素 vs 欧美宁 || D68415 vs 0602204007,替米沙坦 || pH2.0 || 美卡素 vs 欧美宁 || D68415 vs 0602204007 || slot_2,替米沙坦 || pH2.0 || 美卡素 vs 欧美宁 || D68415 vs 0602204007 || 2,0,consistent,same,,替米沙坦片80mg,美卡素,D68415,替米沙坦片80mg,欧美宁,0602204007,美卡素 vs 欧美宁,same,same,56786,7822,1,6,5,83.33,1,1,1,8,8,100.0,50.59,1,0,99.45,1,4,0,6,generic,1,64.0,0,1,1,7,1,7,1,82.92,100.0,88.62
替米沙坦/pH2.0/side/221105-01-pH2.0T-替米沙坦片80mg-美卡素-D68415-60min-20X-Side-1vs221108-04-pH2.0T-替米沙坦片80mg-欧美宁-0602204007-60min-20X-Side-2-3.docx,221105-01-pH2.0T-替米沙坦片80mg-美卡素-D68415-60min-20X-Side-1vs221108-04-pH2.0T-替米沙坦片80mg-欧美宁-0602204007-60min-20X-Side-2-3.docx,.docx,ok,,33183,替米沙坦,替米沙坦,pH2.0,pH2.0,side,slot_3,,variant_fallback,slot_3,221105-01-pH2.0T-替米沙坦片80mg-美卡素-D68415-60min-20X-Side-1vs221108-04-pH2.0T-替米沙坦片80mg-欧美宁-0602204007-60min-20X-Side-2,美卡素,欧美宁,D68415,0602204007,D68415 vs 0602204007,cross_manufacturer,2,1,2,替米沙坦 || pH2.0 || 美卡素 vs 欧美宁 || D68415 vs 0602204007,替米沙坦 || pH2.0 || 美卡素 vs 欧美宁 || D68415 vs 0602204007 || slot_3,替米沙坦 || pH2.0 || 美卡素 vs 欧美宁 || D68415 vs 0602204007 || 2,0,consistent,same,,替米沙坦片80mg,美卡素,D68415,替米沙坦片80mg,欧美宁,0602204007,美卡素 vs 欧美宁,same,same,54678,7604,1,6,5,83.33,1,1,1,8,8,100.0,51.05,3,0,98.36,1,0,0,6,generic,1,29.0,0,1,1,6,2,7,1,85.83,100.0,83.64
替米沙坦/pH2.0/side/221105-01-pH2.0T-替米沙坦片80mg-美卡素-D68415-60min-20X-Side-1vs221109-05-pH2.0T-替米沙坦片80mg-毓乐宁-50722002A-60min-20X-Side-1-1.docx,221105-01-pH2.0T-替米沙坦片80mg-美卡素-D68415-60min-20X-Side-1vs221109-05-pH2.0T-替米沙坦片80mg-毓乐宁-50722002A-60min-20X-Side-1-1.docx,.docx,ok,,33471,替米沙坦,替米沙坦,pH2.0,pH2.0,side,slot_1,,variant_fallback,slot_1,221105-01-pH2.0T-替米沙坦片80mg-美卡素-D68415-60min-20X-Side-1vs221109-05-pH2.0T-替米沙坦片80mg-毓乐宁-50722002A-60min-20X-Side-1,美卡素,毓乐宁,D68415,50722002A,D68415 vs 50722002A,cross_manufacturer,1,1,1,替米沙坦 || pH2.0 || 美卡素 vs 毓乐宁 || D68415 vs 50722002A,替米沙坦 || pH2.0 || 美卡素 vs 毓乐宁 || D68415 vs 50722002A || slot_1,替米沙坦 || pH2.0 || 美卡素 vs 毓乐宁 || D68415 vs 50722002A || 1,0,consistent,same,,替米沙坦片80mg,美卡素,D68415,替米沙坦片80mg,毓乐宁,50722002A,美卡素 vs 毓乐宁,same,same,54850,7736,1,6,5,83.33,1,1,1,8,8,100.0,51.62,1,0,99.45,1,0,0,5,generic,1,29.0,0,1,1,5,2,7,1,82.08,100.0,83.25
替米沙坦/pH2.0/side/221105-01-pH2.0T-替米沙坦片80mg-美卡素-D68415-60min-20X-Side-1vs221109-05-pH2.0T-替米沙坦片80mg-毓乐宁-50722002A-60min-20X-Side-1-2.docx,221105-01-pH2.0T-替米沙坦片80mg-美卡素-D68415-60min-20X-Side-1vs221109-05-pH2.0T-替米沙坦片80mg-毓乐宁-50722002A-60min-20X-Side-1-2.docx,.docx,ok,,30559,替米沙坦,替米沙坦,pH2.0,pH2.0,side,slot_2,,variant_fallback,slot_2,221105-01-pH2.0T-替米沙坦片80mg-美卡素-D68415-60min-20X-Side-1vs221109-05-pH2.0T-替米沙坦片80mg-毓乐宁-50722002A-60min-20X-Side-1,美卡素,毓乐宁,D68415,50722002A,D68415 vs 50722002A,cross_manufacturer,1,1,1,替米沙坦 || pH2.0 || 美卡素 vs 毓乐宁 || D68415 vs 50722002A,替米沙坦 || pH2.0 || 美卡素 vs 毓乐宁 || D68415 vs 50722002A || slot_2,替米沙坦 || pH2.0 || 美卡素 vs 毓乐宁 || D68415 vs 50722002A || 1,0,consistent,same,,替米沙坦片80mg,美卡素,D68415,替米沙坦片80mg,毓乐宁,50722002A,美卡素 vs 毓乐宁,same,same,48404,6818,0,6,0,0.0,0,0,1,9,8,100.0,46.97,0,0,100.0,1,4,0,7,generic,1,64.0,0,1,1,7,3,7,1,96.25,75.0,70.29
替米沙坦/pH2.0/side/221105-01-pH2.0T-替米沙坦片80mg-美卡素-D68415-60min-20X-Side-1vs221109-05-pH2.0T-替米沙坦片80mg-毓乐宁-50722002A-60min-20X-Side-1-3.docx,221105-01-pH2.0T-替米沙坦片80mg-美卡素-D68415-60min-20X-Side-1vs221109-05-pH2.0T-替米沙坦片80mg-毓乐宁-50722002A-60min-20X-Side-1-3.docx,.docx,ok,,34575,替米沙坦,替米沙坦,pH2.0,pH2.0,side,slot_3,,variant_fallback,slot_3,221105-01-pH2.0T-替米沙坦片80mg-美卡素-D68415-60min-20X-Side-1vs221109-05-pH2.0T-替米沙坦片80mg-毓乐宁-50722002A-60min-20X-Side-1,美卡素,毓乐宁,D68415,50722002A,D68415 vs 50722002A,cross_manufacturer,1,1,1,替米沙坦 || pH2.0 || 美卡素 vs 毓乐宁 || D68415 vs 50722002A,替米沙坦 || pH2.0 || 美卡素 vs 毓乐宁 || D68415 vs 50722002A || slot_3,替米沙坦 || pH2.0 || 美卡素 vs 毓乐宁 || D68415 vs 50722002A || 1,0,consistent,same,,替米沙坦片80mg,美卡素,D68415,替米沙坦片80mg,毓乐宁,50722002A,美卡素 vs 毓乐宁,same,same,59427,8335,1,6,5,83.33,1,1,1,8,8,100.0,57.64,2,0,98.91,1,0,0,6,structured,0,40.0,0,1,1,6,1,7,1,79.17,100.0,84.38
替米沙坦/pH2.0/side/221105-01-pH2.0T-替米沙坦片80mg-美卡素-D68415-60min-20X-Side-1vs221109-05-pH2.0T-替米沙坦片80mg-毓乐宁-50722002A-60min-20X-Side-2-1.docx,221105-01-pH2.0T-替米沙坦片80mg-美卡素-D68415-60min-20X-Side-1vs221109-05-pH2.0T-替米沙坦片80mg-毓乐宁-50722002A-60min-20X-Side-2-1.docx,.docx,ok,,32887,替米沙坦,替米沙坦,pH2.0,pH2.0,side,slot_1,,variant_fallback,slot_1,221105-01-pH2.0T-替米沙坦片80mg-美卡素-D68415-60min-20X-Side-1vs221109-05-pH2.0T-替米沙坦片80mg-毓乐宁-50722002A-60min-20X-Side-2,美卡素,毓乐宁,D68415,50722002A,D68415 vs 50722002A,cross_manufacturer,2,1,2,替米沙坦 || pH2.0 || 美卡素 vs 毓乐宁 || D68415 vs 50722002A,替米沙坦 || pH2.0 || 美卡素 vs 毓乐宁 || D68415 vs 50722002A || slot_1,替米沙坦 || pH2.0 || 美卡素 vs 毓乐宁 || D68415 vs 50722002A || 2,0,consistent,same,,替米沙坦片80mg,美卡素,D68415,替米沙坦片80mg,毓乐宁,50722002A,美卡素 vs 毓乐宁,same,same,56902,8014,1,6,5,83.33,1,1,1,8,8,100.0,55.98,1,0,99.45,1,0,0,7,generic,1,29.0,0,1,1,7,2,7,1,89.58,100.0,84.37
替米沙坦/pH2.0/side/221105-01-pH2.0T-替米沙坦片80mg-美卡素-D68415-60min-20X-Side-1vs221109-05-pH2.0T-替米沙坦片80mg-毓乐宁-50722002A-60min-20X-Side-2-2.docx,221105-01-pH2.0T-替米沙坦片80mg-美卡素-D68415-60min-20X-Side-1vs221109-05-pH2.0T-替米沙坦片80mg-毓乐宁-50722002A-60min-20X-Side-2-2.docx,.docx,ok,,33438,替米沙坦,替米沙坦,pH2.0,pH2.0,side,slot_2,,variant_fallback,slot_2,221105-01-pH2.0T-替米沙坦片80mg-美卡素-D68415-60min-20X-Side-1vs221109-05-pH2.0T-替米沙坦片80mg-毓乐宁-50722002A-60min-20X-Side-2,美卡素,毓乐宁,D68415,50722002A,D68415 vs 50722002A,cross_manufacturer,2,1,2,替米沙坦 || pH2.0 || 美卡素 vs 毓乐宁 || D68415 vs 50722002A,替米沙坦 || pH2.0 || 美卡素 vs 毓乐宁 || D68415 vs 50722002A || slot_2,替米沙坦 || pH2.0 || 美卡素 vs 毓乐宁 || D68415 vs 50722002A || 2,0,consistent,same,,替米沙坦片80mg,美卡素,D68415,替米沙坦片80mg,毓乐宁,50722002A,美卡素 vs 毓乐宁,same,same,57567,7992,1,6,5,83.33,1,1,1,8,8,100.0,54.08,2,0,98.91,1,0,0,8,structured,0,40.0,0,1,1,6,2,7,1,85.83,100.0,85.38
替米沙坦/pH2.0/side/221105-01-pH2.0T-替米沙坦片80mg-美卡素-D68415-60min-20X-Side-1vs221109-05-pH2.0T-替米沙坦片80mg-毓乐宁-50722002A-60min-20X-Side-2-3.docx,221105-01-pH2.0T-替米沙坦片80mg-美卡素-D68415-60min-20X-Side-1vs221109-05-pH2.0T-替米沙坦片80mg-毓乐宁-50722002A-60min-20X-Side-2-3.docx,.docx,ok,,34163,替米沙坦,替米沙坦,pH2.0,pH2.0,side,slot_3,,variant_fallback,slot_3,221105-01-pH2.0T-替米沙坦片80mg-美卡素-D68415-60min-20X-Side-1vs221109-05-pH2.0T-替米沙坦片80mg-毓乐宁-50722002A-60min-20X-Side-2,美卡素,毓乐宁,D68415,50722002A,D68415 vs 50722002A,cross_manufacturer,2,1,2,替米沙坦 || pH2.0 || 美卡素 vs 毓乐宁 || D68415 vs 50722002A,替米沙坦 || pH2.0 || 美卡素 vs 毓乐宁 || D68415 vs 50722002A || slot_3,替米沙坦 || pH2.0 || 美卡素 vs 毓乐宁 || D68415 vs 50722002A || 2,0,consistent,same,,替米沙坦片80mg,美卡素,D68415,替米沙坦片80mg,毓乐宁,50722002A,美卡素 vs 毓乐宁,same,same,60301,8438,1,6,5,83.33,1,1,1,8,8,100.0,55.94,3,0,98.36,1,0,0,6,generic,1,29.0,0,1,1,6,1,8,1,79.17,100.0,82.65
硝苯地平/side/01-硝苯地平控释片30mg-拜新同-BJ86516-Side-36h-750X-1vs01-硝苯地平控释片30mg-拜新同-BJ86516-Side-36h-750X-1-1.docx,01-硝苯地平控释片30mg-拜新同-BJ86516-Side-36h-750X-1vs01-硝苯地平控释片30mg-拜新同-BJ86516-Side-36h-750X-1-1.docx,.docx,ok,,33975,硝苯地平,硝苯地平,,,side,slot_1,,variant_fallback,slot_1,01-硝苯地平控释片30mg-拜新同-BJ86516-Side-36h-750X-1vs01-硝苯地平控释片30mg-拜新同-BJ86516-Side-36h-750X-1,拜新同,拜新同,BJ86516,BJ86516,BJ86516 vs BJ86516,same_manufacturer,1,1,1,硝苯地平 || 拜新同 vs 拜新同 || BJ86516 vs BJ86516,硝苯地平 || 拜新同 vs 拜新同 || BJ86516 vs BJ86516 || slot_1,硝苯地平 || 拜新同 vs 拜新同 || BJ86516 vs BJ86516 || 1,0,insufficient,same,,硝苯地平控释片30mg,拜新同,BJ86516,硝苯地平控释片30mg,拜新同,BJ86516,拜新同 vs 拜新同,same,same,58860,8484,1,6,5,83.33,1,1,1,8,8,100.0,59.38,1,0,99.45,1,0,0,7,generic,1,29.0,0,1,1,6,1,7,1,79.17,100.0,82.81
硝苯地平/side/01-硝苯地平控释片30mg-拜新同-BJ86516-Side-36h-750X-1vs01-硝苯地平控释片30mg-拜新同-BJ86516-Side-36h-750X-1-2.docx,01-硝苯地平控释片30mg-拜新同-BJ86516-Side-36h-750X-1vs01-硝苯地平控释片30mg-拜新同-BJ86516-Side-36h-750X-1-2.docx,.docx,ok,,35785,硝苯地平,硝苯地平,,,side,slot_2,,variant_fallback,slot_2,01-硝苯地平控释片30mg-拜新同-BJ86516-Side-36h-750X-1vs01-硝苯地平控释片30mg-拜新同-BJ86516-Side-36h-750X-1,拜新同,拜新同,BJ86516,BJ86516,BJ86516 vs BJ86516,same_manufacturer,1,1,1,硝苯地平 || 拜新同 vs 拜新同 || BJ86516 vs BJ86516,硝苯地平 || 拜新同 vs 拜新同 || BJ86516 vs BJ86516 || slot_2,硝苯地平 || 拜新同 vs 拜新同 || BJ86516 vs BJ86516 || 1,0,insufficient,same,,硝苯地平控释片30mg,拜新同,BJ86516,硝苯地平控释片30mg,拜新同,BJ86516,拜新同 vs 拜新同,same,same,61485,8893,1,6,5,83.33,1,1,1,8,8,100.0,58.62,1,0,99.45,1,0,0,6,generic,1,29.0,0,1,1,6,2,7,1,85.83,100.0,83.81
硝苯地平/side/01-硝苯地平控释片30mg-拜新同-BJ86516-Side-36h-750X-1vs01-硝苯地平控释片30mg-拜新同-BJ86516-Side-36h-750X-1-3.docx,01-硝苯地平控释片30mg-拜新同-BJ86516-Side-36h-750X-1vs01-硝苯地平控释片30mg-拜新同-BJ86516-Side-36h-750X-1-3.docx,.docx,ok,,34604,硝苯地平,硝苯地平,,,side,slot_3,,variant_fallback,slot_3,01-硝苯地平控释片30mg-拜新同-BJ86516-Side-36h-750X-1vs01-硝苯地平控释片30mg-拜新同-BJ86516-Side-36h-750X-1,拜新同,拜新同,BJ86516,BJ86516,BJ86516 vs BJ86516,same_manufacturer,1,1,1,硝苯地平 || 拜新同 vs 拜新同 || BJ86516 vs BJ86516,硝苯地平 || 拜新同 vs 拜新同 || BJ86516 vs BJ86516 || slot_3,硝苯地平 || 拜新同 vs 拜新同 || BJ86516 vs BJ86516 || 1,0,insufficient,same,,硝苯地平控释片30mg,拜新同,BJ86516,硝苯地平控释片30mg,拜新同,BJ86516,拜新同 vs 拜新同,same,same,61374,8900,1,6,6,100.0,1,1,1,8,8,100.0,65.8,1,0,99.45,1,0,0,6,generic,1,29.0,0,1,1,7,1,7,1,82.92,100.0,86.71
硝苯地平/side/01-硝苯地平控释片30mg-拜新同-BJ86516-Side-36h-750X-1vs02-硝苯地平控释片30mg-易释-2506K003-Side-36h-750X-1-1.docx,01-硝苯地平控释片30mg-拜新同-BJ86516-Side-36h-750X-1vs02-硝苯地平控释片30mg-易释-2506K003-Side-36h-750X-1-1.docx,.docx,ok,,34791,硝苯地平,硝苯地平,,,side,slot_1,,variant_fallback,slot_1,01-硝苯地平控释片30mg-拜新同-BJ86516-Side-36h-750X-1vs02-硝苯地平控释片30mg-易释-2506K003-Side-36h-750X-1,拜新同,易释,BJ86516,2506K003,BJ86516 vs 2506K003,cross_manufacturer,1,1,1,硝苯地平 || 拜新同 vs 易释 || BJ86516 vs 2506K003,硝苯地平 || 拜新同 vs 易释 || BJ86516 vs 2506K003 || slot_1,硝苯地平 || 拜新同 vs 易释 || BJ86516 vs 2506K003 || 1,0,insufficient,same,,硝苯地平控释片30mg,拜新同,BJ86516,硝苯地平控释片30mg,易释,2506K003,拜新同 vs 易释,same,same,62944,9181,1,6,5,83.33,0,1,1,8,8,100.0,60.67,0,0,100.0,1,0,0,6,generic,1,29.0,0,1,1,6,2,7,1,85.83,100.0,83.89
硝苯地平/side/01-硝苯地平控释片30mg-拜新同-BJ86516-Side-36h-750X-1vs02-硝苯地平控释片30mg-易释-2506K003-Side-36h-750X-1-2.docx,01-硝苯地平控释片30mg-拜新同-BJ86516-Side-36h-750X-1vs02-硝苯地平控释片30mg-易释-2506K003-Side-36h-750X-1-2.docx,.docx,ok,,35638,硝苯地平,硝苯地平,,,side,slot_2,,variant_fallback,slot_2,01-硝苯地平控释片30mg-拜新同-BJ86516-Side-36h-750X-1vs02-硝苯地平控释片30mg-易释-2506K003-Side-36h-750X-1,拜新同,易释,BJ86516,2506K003,BJ86516 vs 2506K003,cross_manufacturer,1,1,1,硝苯地平 || 拜新同 vs 易释 || BJ86516 vs 2506K003,硝苯地平 || 拜新同 vs 易释 || BJ86516 vs 2506K003 || slot_2,硝苯地平 || 拜新同 vs 易释 || BJ86516 vs 2506K003 || 1,0,insufficient,same,,硝苯地平控释片30mg,拜新同,BJ86516,硝苯地平控释片30mg,易释,2506K003,拜新同 vs 易释,same,same,65418,9469,1,6,6,100.0,1,1,1,8,8,100.0,59.05,0,0,100.0,1,0,0,6,generic,1,29.0,0,1,1,6,2,7,1,85.83,100.0,87.22
硝苯地平/side/01-硝苯地平控释片30mg-拜新同-BJ86516-Side-36h-750X-1vs02-硝苯地平控释片30mg-易释-2506K003-Side-36h-750X-1-3.docx,01-硝苯地平控释片30mg-拜新同-BJ86516-Side-36h-750X-1vs02-硝苯地平控释片30mg-易释-2506K003-Side-36h-750X-1-3.docx,.docx,ok,,35321,硝苯地平,硝苯地平,,,side,slot_3,,variant_fallback,slot_3,01-硝苯地平控释片30mg-拜新同-BJ86516-Side-36h-750X-1vs02-硝苯地平控释片30mg-易释-2506K003-Side-36h-750X-1,拜新同,易释,BJ86516,2506K003,BJ86516 vs 2506K003,cross_manufacturer,1,1,1,硝苯地平 || 拜新同 vs 易释 || BJ86516 vs 2506K003,硝苯地平 || 拜新同 vs 易释 || BJ86516 vs 2506K003 || slot_3,硝苯地平 || 拜新同 vs 易释 || BJ86516 vs 2506K003 || 1,0,insufficient,same,,硝苯地平控释片30mg,拜新同,BJ86516,硝苯地平控释片30mg,易释,2506K003,拜新同 vs 易释,same,same,61899,8912,1,6,5,83.33,1,1,1,8,8,100.0,58.61,0,0,100.0,1,0,0,7,generic,1,29.0,0,1,1,6,3,7,1,92.5,100.0,84.89
硝苯地平/side/01-硝苯地平控释片30mg-拜新同-BJ86516-Side-36h-750X-1vs03-硝苯地平控释片30mg-奈特-240419111-Side-36h-750X-1-1.docx,01-硝苯地平控释片30mg-拜新同-BJ86516-Side-36h-750X-1vs03-硝苯地平控释片30mg-奈特-240419111-Side-36h-750X-1-1.docx,.docx,ok,,34246,硝苯地平,硝苯地平,,,side,slot_1,,variant_fallback,slot_1,01-硝苯地平控释片30mg-拜新同-BJ86516-Side-36h-750X-1vs03-硝苯地平控释片30mg-奈特-240419111-Side-36h-750X-1,拜新同,奈特,BJ86516,240419111,BJ86516 vs 240419111,cross_manufacturer,1,1,1,硝苯地平 || 拜新同 vs 奈特 || BJ86516 vs 240419111,硝苯地平 || 拜新同 vs 奈特 || BJ86516 vs 240419111 || slot_1,硝苯地平 || 拜新同 vs 奈特 || BJ86516 vs 240419111 || 1,0,insufficient,same,,硝苯地平控释片30mg,拜新同,BJ86516,硝苯地平控释片30mg,奈特,240419111,拜新同 vs 奈特,same,same,61104,8890,1,6,5,83.33,1,1,1,8,8,100.0,61,0,0,100.0,1,0,0,6,generic,1,29.0,0,1,1,6,2,7,1,85.83,100.0,83.89
硝苯地平/side/01-硝苯地平控释片30mg-拜新同-BJ86516-Side-36h-750X-1vs03-硝苯地平控释片30mg-奈特-240419111-Side-36h-750X-1-2.docx,01-硝苯地平控释片30mg-拜新同-BJ86516-Side-36h-750X-1vs03-硝苯地平控释片30mg-奈特-240419111-Side-36h-750X-1-2.docx,.docx,ok,,34297,硝苯地平,硝苯地平,,,side,slot_2,,variant_fallback,slot_2,01-硝苯地平控释片30mg-拜新同-BJ86516-Side-36h-750X-1vs03-硝苯地平控释片30mg-奈特-240419111-Side-36h-750X-1,拜新同,奈特,BJ86516,240419111,BJ86516 vs 240419111,cross_manufacturer,1,1,1,硝苯地平 || 拜新同 vs 奈特 || BJ86516 vs 240419111,硝苯地平 || 拜新同 vs 奈特 || BJ86516 vs 240419111 || slot_2,硝苯地平 || 拜新同 vs 奈特 || BJ86516 vs 240419111 || 1,0,insufficient,same,,硝苯地平控释片30mg,拜新同,BJ86516,硝苯地平控释片30mg,奈特,240419111,拜新同 vs 奈特,same,same,61085,8832,1,6,5,83.33,0,1,1,8,8,100.0,58.31,1,0,99.45,1,0,0,6,generic,1,29.0,0,1,1,6,0,7,0,72.5,100.0,81.81
硝苯地平/side/01-硝苯地平控释片30mg-拜新同-BJ86516-Side-36h-750X-1vs03-硝苯地平控释片30mg-奈特-240419111-Side-36h-750X-1-3.docx,01-硝苯地平控释片30mg-拜新同-BJ86516-Side-36h-750X-1vs03-硝苯地平控释片30mg-奈特-240419111-Side-36h-750X-1-3.docx,.docx,ok,,38913,硝苯地平,硝苯地平,,,side,slot_3,,variant_fallback,slot_3,01-硝苯地平控释片30mg-拜新同-BJ86516-Side-36h-750X-1vs03-硝苯地平控释片30mg-奈特-240419111-Side-36h-750X-1,拜新同,奈特,BJ86516,240419111,BJ86516 vs 240419111,cross_manufacturer,1,1,1,硝苯地平 || 拜新同 vs 奈特 || BJ86516 vs 240419111,硝苯地平 || 拜新同 vs 奈特 || BJ86516 vs 240419111 || slot_3,硝苯地平 || 拜新同 vs 奈特 || BJ86516 vs 240419111 || 1,0,insufficient,same,,硝苯地平控释片30mg,拜新同,BJ86516,硝苯地平控释片30mg,奈特,240419111,拜新同 vs 奈特,same,same,70493,10108,1,6,6,100.0,1,1,1,8,8,100.0,58.83,0,0,100.0,1,0,0,13,generic,1,29.0,0,1,1,7,3,7,1,96.25,100.0,88.79
硝苯地平/side/01-硝苯地平控释片30mg-拜新同-BJ86516-Side-36h-750X-1vs04-硝苯地平控释片30mg-欣适平-58-240203-Side-36h-750X-1-1.docx,01-硝苯地平控释片30mg-拜新同-BJ86516-Side-36h-750X-1vs04-硝苯地平控释片30mg-欣适平-58-240203-Side-36h-750X-1-1.docx,.docx,ok,,35573,硝苯地平,硝苯地平,,,side,slot_1,,variant_fallback,slot_1,01-硝苯地平控释片30mg-拜新同-BJ86516-Side-36h-750X-1vs04-硝苯地平控释片30mg-欣适平-58-240203-Side-36h-750X-1,拜新同,欣适平,BJ86516,58,BJ86516 vs 58,cross_manufacturer,1,1,1,硝苯地平 || 拜新同 vs 欣适平 || BJ86516 vs 58,硝苯地平 || 拜新同 vs 欣适平 || BJ86516 vs 58 || slot_1,硝苯地平 || 拜新同 vs 欣适平 || BJ86516 vs 58 || 1,0,insufficient,same,,硝苯地平控释片30mg,拜新同,BJ86516,硝苯地平控释片30mg,欣适平,58,拜新同 vs 欣适平,same,same,65296,9393,1,6,5,83.33,1,1,1,8,8,100.0,65.19,1,0,99.45,1,0,0,6,generic,1,29.0,0,1,1,6,3,6,1,92.5,100.0,84.81
硝苯地平/side/01-硝苯地平控释片30mg-拜新同-BJ86516-Side-36h-750X-1vs04-硝苯地平控释片30mg-欣适平-58-240203-Side-36h-750X-1-2.docx,01-硝苯地平控释片30mg-拜新同-BJ86516-Side-36h-750X-1vs04-硝苯地平控释片30mg-欣适平-58-240203-Side-36h-750X-1-2.docx,.docx,ok,,34991,硝苯地平,硝苯地平,,,side,slot_2,,variant_fallback,slot_2,01-硝苯地平控释片30mg-拜新同-BJ86516-Side-36h-750X-1vs04-硝苯地平控释片30mg-欣适平-58-240203-Side-36h-750X-1,拜新同,欣适平,BJ86516,58,BJ86516 vs 58,cross_manufacturer,1,1,1,硝苯地平 || 拜新同 vs 欣适平 || BJ86516 vs 58,硝苯地平 || 拜新同 vs 欣适平 || BJ86516 vs 58 || slot_2,硝苯地平 || 拜新同 vs 欣适平 || BJ86516 vs 58 || 1,0,insufficient,same,,硝苯地平控释片30mg,拜新同,BJ86516,硝苯地平控释片30mg,欣适平,58,拜新同 vs 欣适平,same,same,62200,8920,1,6,6,100.0,0,1,1,8,8,100.0,58.72,0,0,100.0,1,0,0,6,generic,1,29.0,0,1,1,6,1,7,1,79.17,100.0,86.23
硝苯地平/side/01-硝苯地平控释片30mg-拜新同-BJ86516-Side-36h-750X-1vs04-硝苯地平控释片30mg-欣适平-58-240203-Side-36h-750X-1-3.docx,01-硝苯地平控释片30mg-拜新同-BJ86516-Side-36h-750X-1vs04-硝苯地平控释片30mg-欣适平-58-240203-Side-36h-750X-1-3.docx,.docx,ok,,35612,硝苯地平,硝苯地平,,,side,slot_3,,variant_fallback,slot_3,01-硝苯地平控释片30mg-拜新同-BJ86516-Side-36h-750X-1vs04-硝苯地平控释片30mg-欣适平-58-240203-Side-36h-750X-1,拜新同,欣适平,BJ86516,58,BJ86516 vs 58,cross_manufacturer,1,1,1,硝苯地平 || 拜新同 vs 欣适平 || BJ86516 vs 58,硝苯地平 || 拜新同 vs 欣适平 || BJ86516 vs 58 || slot_3,硝苯地平 || 拜新同 vs 欣适平 || BJ86516 vs 58 || 1,0,insufficient,same,,硝苯地平控释片30mg,拜新同,BJ86516,硝苯地平控释片30mg,欣适平,58,拜新同 vs 欣适平,same,same,63578,9152,1,6,6,100.0,1,1,1,8,8,100.0,63.84,0,0,100.0,1,0,0,14,generic,1,29.0,0,1,1,6,2,7,1,85.83,100.0,87.22
硝苯地平/side/01-硝苯地平控释片30mg-拜新同-BJ86516-Side-36h-750X-1vs05-硝苯地平控释片30mg-久保平-22400938-Side-36h-750X-1-1.docx,01-硝苯地平控释片30mg-拜新同-BJ86516-Side-36h-750X-1vs05-硝苯地平控释片30mg-久保平-22400938-Side-36h-750X-1-1.docx,.docx,ok,,34018,硝苯地平,硝苯地平,,,side,slot_1,,variant_fallback,slot_1,01-硝苯地平控释片30mg-拜新同-BJ86516-Side-36h-750X-1vs05-硝苯地平控释片30mg-久保平-22400938-Side-36h-750X-1,拜新同,久保平,BJ86516,22400938,BJ86516 vs 22400938,cross_manufacturer,1,1,1,硝苯地平 || 拜新同 vs 久保平 || BJ86516 vs 22400938,硝苯地平 || 拜新同 vs 久保平 || BJ86516 vs 22400938 || slot_1,硝苯地平 || 拜新同 vs 久保平 || BJ86516 vs 22400938 || 1,0,insufficient,same,,硝苯地平控释片30mg,拜新同,BJ86516,硝苯地平控释片30mg,久保平,22400938,拜新同 vs 久保平,same,same,58696,8486,1,6,5,83.33,1,1,1,8,8,100.0,59.16,2,0,98.91,1,0,0,7,generic,1,29.0,0,1,1,6,2,7,1,85.83,100.0,83.73
硝苯地平/side/01-硝苯地平控释片30mg-拜新同-BJ86516-Side-36h-750X-1vs05-硝苯地平控释片30mg-久保平-22400938-Side-36h-750X-1-2.docx,01-硝苯地平控释片30mg-拜新同-BJ86516-Side-36h-750X-1vs05-硝苯地平控释片30mg-久保平-22400938-Side-36h-750X-1-2.docx,.docx,ok,,35044,硝苯地平,硝苯地平,,,side,slot_2,,variant_fallback,slot_2,01-硝苯地平控释片30mg-拜新同-BJ86516-Side-36h-750X-1vs05-硝苯地平控释片30mg-久保平-22400938-Side-36h-750X-1,拜新同,久保平,BJ86516,22400938,BJ86516 vs 22400938,cross_manufacturer,1,1,1,硝苯地平 || 拜新同 vs 久保平 || BJ86516 vs 22400938,硝苯地平 || 拜新同 vs 久保平 || BJ86516 vs 22400938 || slot_2,硝苯地平 || 拜新同 vs 久保平 || BJ86516 vs 22400938 || 1,0,insufficient,same,,硝苯地平控释片30mg,拜新同,BJ86516,硝苯地平控释片30mg,久保平,22400938,拜新同 vs 久保平,same,same,64358,9309,1,6,5,83.33,0,1,1,8,8,100.0,61.97,2,0,98.91,1,0,0,6,generic,1,29.0,0,1,1,6,2,7,1,85.83,100.0,83.73
硝苯地平/side/01-硝苯地平控释片30mg-拜新同-BJ86516-Side-36h-750X-1vs05-硝苯地平控释片30mg-久保平-22400938-Side-36h-750X-1-3.docx,01-硝苯地平控释片30mg-拜新同-BJ86516-Side-36h-750X-1vs05-硝苯地平控释片30mg-久保平-22400938-Side-36h-750X-1-3.docx,.docx,ok,,34293,硝苯地平,硝苯地平,,,side,slot_3,,variant_fallback,slot_3,01-硝苯地平控释片30mg-拜新同-BJ86516-Side-36h-750X-1vs05-硝苯地平控释片30mg-久保平-22400938-Side-36h-750X-1,拜新同,久保平,BJ86516,22400938,BJ86516 vs 22400938,cross_manufacturer,1,1,1,硝苯地平 || 拜新同 vs 久保平 || BJ86516 vs 22400938,硝苯地平 || 拜新同 vs 久保平 || BJ86516 vs 22400938 || slot_3,硝苯地平 || 拜新同 vs 久保平 || BJ86516 vs 22400938 || 1,0,insufficient,same,,硝苯地平控释片30mg,拜新同,BJ86516,硝苯地平控释片30mg,久保平,22400938,拜新同 vs 久保平,same,same,61662,8950,1,6,5,83.33,1,1,1,8,8,100.0,59.7,0,0,100.0,1,0,0,6,generic,1,29.0,0,1,1,6,2,7,1,85.83,100.0,83.89
硝苯地平/side/01-硝苯地平控释片30mg-拜新同-BJ86516-Side-36h-750X-1vs06-硝苯地平控释片30mg-立方-2503501-Side-36h-750X-1-1.docx,01-硝苯地平控释片30mg-拜新同-BJ86516-Side-36h-750X-1vs06-硝苯地平控释片30mg-立方-2503501-Side-36h-750X-1-1.docx,.docx,ok,,35121,硝苯地平,硝苯地平,,,side,slot_1,,variant_fallback,slot_1,01-硝苯地平控释片30mg-拜新同-BJ86516-Side-36h-750X-1vs06-硝苯地平控释片30mg-立方-2503501-Side-36h-750X-1,拜新同,立方,BJ86516,2503501,BJ86516 vs 2503501,cross_manufacturer,1,1,1,硝苯地平 || 拜新同 vs 立方 || BJ86516 vs 2503501,硝苯地平 || 拜新同 vs 立方 || BJ86516 vs 2503501 || slot_1,硝苯地平 || 拜新同 vs 立方 || BJ86516 vs 2503501 || 1,0,insufficient,same,,硝苯地平控释片30mg,拜新同,BJ86516,硝苯地平控释片30mg,立方,2503501,拜新同 vs 立方,same,same,63337,9171,1,6,6,100.0,1,1,1,8,8,100.0,59.34,1,0,99.45,1,0,0,7,generic,1,29.0,0,1,1,7,1,8,1,82.92,100.0,86.71
硝苯地平/side/01-硝苯地平控释片30mg-拜新同-BJ86516-Side-36h-750X-1vs06-硝苯地平控释片30mg-立方-2503501-Side-36h-750X-1-2.docx,01-硝苯地平控释片30mg-拜新同-BJ86516-Side-36h-750X-1vs06-硝苯地平控释片30mg-立方-2503501-Side-36h-750X-1-2.docx,.docx,ok,,35093,硝苯地平,硝苯地平,,,side,slot_2,,variant_fallback,slot_2,01-硝苯地平控释片30mg-拜新同-BJ86516-Side-36h-750X-1vs06-硝苯地平控释片30mg-立方-2503501-Side-36h-750X-1,拜新同,立方,BJ86516,2503501,BJ86516 vs 2503501,cross_manufacturer,1,1,1,硝苯地平 || 拜新同 vs 立方 || BJ86516 vs 2503501,硝苯地平 || 拜新同 vs 立方 || BJ86516 vs 2503501 || slot_2,硝苯地平 || 拜新同 vs 立方 || BJ86516 vs 2503501 || 1,0,insufficient,same,,硝苯地平控释片30mg,拜新同,BJ86516,硝苯地平控释片30mg,立方,2503501,拜新同 vs 立方,same,same,59887,8699,1,6,6,100.0,1,1,1,7,8,100.0,58.39,1,0,99.38,1,0,0,6,generic,1,29.0,0,1,1,6,1,8,1,79.17,100.0,86.13
硝苯地平/side/01-硝苯地平控释片30mg-拜新同-BJ86516-Side-36h-750X-1vs06-硝苯地平控释片30mg-立方-2503501-Side-36h-750X-1-3.docx,01-硝苯地平控释片30mg-拜新同-BJ86516-Side-36h-750X-1vs06-硝苯地平控释片30mg-立方-2503501-Side-36h-750X-1-3.docx,.docx,ok,,35622,硝苯地平,硝苯地平,,,side,slot_3,,variant_fallback,slot_3,01-硝苯地平控释片30mg-拜新同-BJ86516-Side-36h-750X-1vs06-硝苯地平控释片30mg-立方-2503501-Side-36h-750X-1,拜新同,立方,BJ86516,2503501,BJ86516 vs 2503501,cross_manufacturer,1,1,1,硝苯地平 || 拜新同 vs 立方 || BJ86516 vs 2503501,硝苯地平 || 拜新同 vs 立方 || BJ86516 vs 2503501 || slot_3,硝苯地平 || 拜新同 vs 立方 || BJ86516 vs 2503501 || 1,0,insufficient,same,,硝苯地平控释片30mg,拜新同,BJ86516,硝苯地平控释片30mg,立方,2503501,拜新同 vs 立方,same,same,62165,8956,1,6,6,100.0,0,1,1,8,8,100.0,60.75,2,0,98.91,1,0,0,14,structured,0,40.0,0,1,1,6,0,7,0,72.5,100.0,86.71
硝苯地平/side/01-硝苯地平控释片30mg-拜新同-BJ86516-Side-36h-750X-1vs07-硝苯地平控释片30mg-一品红-302125001-Side-36h-750X-1-1.docx,01-硝苯地平控释片30mg-拜新同-BJ86516-Side-36h-750X-1vs07-硝苯地平控释片30mg-一品红-302125001-Side-36h-750X-1-1.docx,.docx,ok,,37122,硝苯地平,硝苯地平,,,side,slot_1,,variant_fallback,slot_1,01-硝苯地平控释片30mg-拜新同-BJ86516-Side-36h-750X-1vs07-硝苯地平控释片30mg-一品红-302125001-Side-36h-750X-1,拜新同,一品红,BJ86516,302125001,BJ86516 vs 302125001,cross_manufacturer,1,1,1,硝苯地平 || 拜新同 vs 一品红 || BJ86516 vs 302125001,硝苯地平 || 拜新同 vs 一品红 || BJ86516 vs 302125001 || slot_1,硝苯地平 || 拜新同 vs 一品红 || BJ86516 vs 302125001 || 1,0,insufficient,same,,硝苯地平控释片30mg,拜新同,BJ86516,硝苯地平控释片30mg,一品红,302125001,拜新同 vs 一品红,same,same,68806,9981,1,6,5,83.33,1,1,1,9,8,100.0,61.39,0,0,100.0,1,0,0,7,generic,1,29.0,0,1,1,7,2,7,1,89.58,100.0,84.45
硝苯地平/side/01-硝苯地平控释片30mg-拜新同-BJ86516-Side-36h-750X-1vs07-硝苯地平控释片30mg-一品红-302125001-Side-36h-750X-1-2.docx,01-硝苯地平控释片30mg-拜新同-BJ86516-Side-36h-750X-1vs07-硝苯地平控释片30mg-一品红-302125001-Side-36h-750X-1-2.docx,.docx,ok,,35563,硝苯地平,硝苯地平,,,side,slot_2,,variant_fallback,slot_2,01-硝苯地平控释片30mg-拜新同-BJ86516-Side-36h-750X-1vs07-硝苯地平控释片30mg-一品红-302125001-Side-36h-750X-1,拜新同,一品红,BJ86516,302125001,BJ86516 vs 302125001,cross_manufacturer,1,1,1,硝苯地平 || 拜新同 vs 一品红 || BJ86516 vs 302125001,硝苯地平 || 拜新同 vs 一品红 || BJ86516 vs 302125001 || slot_2,硝苯地平 || 拜新同 vs 一品红 || BJ86516 vs 302125001 || 1,0,insufficient,same,,硝苯地平控释片30mg,拜新同,BJ86516,硝苯地平控释片30mg,一品红,302125001,拜新同 vs 一品红,same,same,64982,9443,1,6,5,83.33,0,1,1,8,8,100.0,62.34,2,0,98.91,1,0,0,6,generic,1,29.0,0,1,1,6,1,8,1,79.17,100.0,82.73
硝苯地平/side/01-硝苯地平控释片30mg-拜新同-BJ86516-Side-36h-750X-1vs07-硝苯地平控释片30mg-一品红-302125001-Side-36h-750X-1-3.docx,01-硝苯地平控释片30mg-拜新同-BJ86516-Side-36h-750X-1vs07-硝苯地平控释片30mg-一品红-302125001-Side-36h-750X-1-3.docx,.docx,ok,,34325,硝苯地平,硝苯地平,,,side,slot_3,,variant_fallback,slot_3,01-硝苯地平控释片30mg-拜新同-BJ86516-Side-36h-750X-1vs07-硝苯地平控释片30mg-一品红-302125001-Side-36h-750X-1,拜新同,一品红,BJ86516,302125001,BJ86516 vs 302125001,cross_manufacturer,1,1,1,硝苯地平 || 拜新同 vs 一品红 || BJ86516 vs 302125001,硝苯地平 || 拜新同 vs 一品红 || BJ86516 vs 302125001 || slot_3,硝苯地平 || 拜新同 vs 一品红 || BJ86516 vs 302125001 || 1,0,insufficient,same,,硝苯地平控释片30mg,拜新同,BJ86516,硝苯地平控释片30mg,一品红,302125001,拜新同 vs 一品红,same,same,61081,8929,1,6,5,83.33,1,1,1,8,8,100.0,59.08,1,0,99.45,1,0,0,5,generic,1,29.0,0,1,1,8,2,7,1,93.33,100.0,84.93
硝苯地平/side/01-硝苯地平控释片30mg-拜新同-BJ86516-Side-36h-750X-1vs08-硝苯地平控释片30mg-欣然-25053401-Side-36h-750X-1-1.docx,01-硝苯地平控释片30mg-拜新同-BJ86516-Side-36h-750X-1vs08-硝苯地平控释片30mg-欣然-25053401-Side-36h-750X-1-1.docx,.docx,ok,,35617,硝苯地平,硝苯地平,,,side,slot_1,,variant_fallback,slot_1,01-硝苯地平控释片30mg-拜新同-BJ86516-Side-36h-750X-1vs08-硝苯地平控释片30mg-欣然-25053401-Side-36h-750X-1,拜新同,欣然,BJ86516,25053401,BJ86516 vs 25053401,cross_manufacturer,1,1,1,硝苯地平 || 拜新同 vs 欣然 || BJ86516 vs 25053401,硝苯地平 || 拜新同 vs 欣然 || BJ86516 vs 25053401 || slot_1,硝苯地平 || 拜新同 vs 欣然 || BJ86516 vs 25053401 || 1,0,insufficient,different,,硝苯地平控释片30mg,拜新同,BJ86516,硝苯地平控释片30mg,欣然,25053401,拜新同 vs 欣然,different,different,65161,9400,1,6,5,83.33,1,1,1,8,8,100.0,62.78,1,0,99.45,1,0,0,11,generic,1,29.0,0,1,1,6,1,7,1,79.17,100.0,82.81
硝苯地平/side/01-硝苯地平控释片30mg-拜新同-BJ86516-Side-36h-750X-1vs08-硝苯地平控释片30mg-欣然-25053401-Side-36h-750X-1-2.docx,01-硝苯地平控释片30mg-拜新同-BJ86516-Side-36h-750X-1vs08-硝苯地平控释片30mg-欣然-25053401-Side-36h-750X-1-2.docx,.docx,ok,,35018,硝苯地平,硝苯地平,,,side,slot_2,,variant_fallback,slot_2,01-硝苯地平控释片30mg-拜新同-BJ86516-Side-36h-750X-1vs08-硝苯地平控释片30mg-欣然-25053401-Side-36h-750X-1,拜新同,欣然,BJ86516,25053401,BJ86516 vs 25053401,cross_manufacturer,1,1,1,硝苯地平 || 拜新同 vs 欣然 || BJ86516 vs 25053401,硝苯地平 || 拜新同 vs 欣然 || BJ86516 vs 25053401 || slot_2,硝苯地平 || 拜新同 vs 欣然 || BJ86516 vs 25053401 || 1,0,insufficient,different,,硝苯地平控释片30mg,拜新同,BJ86516,硝苯地平控释片30mg,欣然,25053401,拜新同 vs 欣然,different,different,63659,9157,1,6,6,100.0,0,1,1,8,8,100.0,61.81,0,0,100.0,1,0,0,6,generic,1,29.0,0,1,1,6,2,6,1,85.83,100.0,87.22
硝苯地平/side/01-硝苯地平控释片30mg-拜新同-BJ86516-Side-36h-750X-1vs08-硝苯地平控释片30mg-欣然-25053401-Side-36h-750X-1-3.docx,01-硝苯地平控释片30mg-拜新同-BJ86516-Side-36h-750X-1vs08-硝苯地平控释片30mg-欣然-25053401-Side-36h-750X-1-3.docx,.docx,ok,,34708,硝苯地平,硝苯地平,,,side,slot_3,,variant_fallback,slot_3,01-硝苯地平控释片30mg-拜新同-BJ86516-Side-36h-750X-1vs08-硝苯地平控释片30mg-欣然-25053401-Side-36h-750X-1,拜新同,欣然,BJ86516,25053401,BJ86516 vs 25053401,cross_manufacturer,1,1,1,硝苯地平 || 拜新同 vs 欣然 || BJ86516 vs 25053401,硝苯地平 || 拜新同 vs 欣然 || BJ86516 vs 25053401 || slot_3,硝苯地平 || 拜新同 vs 欣然 || BJ86516 vs 25053401 || 1,0,insufficient,different,,硝苯地平控释片30mg,拜新同,BJ86516,硝苯地平控释片30mg,欣然,25053401,拜新同 vs 欣然,different,different,60020,8692,1,6,6,100.0,1,1,1,8,8,100.0,58.89,0,0,100.0,1,0,0,5,generic,1,29.0,0,1,1,5,1,8,1,75.42,100.0,85.66
硝苯地平/side/01-硝苯地平控释片30mg-拜新同-BJ86516-Side-36h-750X-1vs09-硝苯地平控释片30mg-居安诺-Q332411291-Side-36h-750X-1-1.docx,01-硝苯地平控释片30mg-拜新同-BJ86516-Side-36h-750X-1vs09-硝苯地平控释片30mg-居安诺-Q332411291-Side-36h-750X-1-1.docx,.docx,ok,,33362,硝苯地平,硝苯地平,,,side,slot_1,,variant_fallback,slot_1,01-硝苯地平控释片30mg-拜新同-BJ86516-Side-36h-750X-1vs09-硝苯地平控释片30mg-居安诺-Q332411291-Side-36h-750X-1,拜新同,居安诺,BJ86516,Q332411291,BJ86516 vs Q332411291,cross_manufacturer,1,1,1,硝苯地平 || 拜新同 vs 居安诺 || BJ86516 vs Q332411291,硝苯地平 || 拜新同 vs 居安诺 || BJ86516 vs Q332411291 || slot_1,硝苯地平 || 拜新同 vs 居安诺 || BJ86516 vs Q332411291 || 1,0,insufficient,same,,硝苯地平控释片30mg,拜新同,BJ86516,硝苯地平控释片30mg,居安诺,Q332411291,拜新同 vs 居安诺,same,same,58555,8463,1,6,5,83.33,1,1,1,8,8,100.0,57.25,0,0,100.0,1,0,0,6,generic,1,29.0,0,1,1,7,1,7,1,82.92,100.0,83.45
硝苯地平/side/01-硝苯地平控释片30mg-拜新同-BJ86516-Side-36h-750X-1vs09-硝苯地平控释片30mg-居安诺-Q332411291-Side-36h-750X-1-2.docx,01-硝苯地平控释片30mg-拜新同-BJ86516-Side-36h-750X-1vs09-硝苯地平控释片30mg-居安诺-Q332411291-Side-36h-750X-1-2.docx,.docx,ok,,34628,硝苯地平,硝苯地平,,,side,slot_2,,variant_fallback,slot_2,01-硝苯地平控释片30mg-拜新同-BJ86516-Side-36h-750X-1vs09-硝苯地平控释片30mg-居安诺-Q332411291-Side-36h-750X-1,拜新同,居安诺,BJ86516,Q332411291,BJ86516 vs Q332411291,cross_manufacturer,1,1,1,硝苯地平 || 拜新同 vs 居安诺 || BJ86516 vs Q332411291,硝苯地平 || 拜新同 vs 居安诺 || BJ86516 vs Q332411291 || slot_2,硝苯地平 || 拜新同 vs 居安诺 || BJ86516 vs Q332411291 || 1,0,insufficient,same,,硝苯地平控释片30mg,拜新同,BJ86516,硝苯地平控释片30mg,居安诺,Q332411291,拜新同 vs 居安诺,same,same,62863,9149,1,6,6,100.0,0,1,1,8,8,100.0,62.19,1,0,99.45,1,0,0,6,generic,1,29.0,0,1,1,6,0,7,0,72.5,100.0,85.14
硝苯地平/side/01-硝苯地平控释片30mg-拜新同-BJ86516-Side-36h-750X-1vs09-硝苯地平控释片30mg-居安诺-Q332411291-Side-36h-750X-1-3.docx,01-硝苯地平控释片30mg-拜新同-BJ86516-Side-36h-750X-1vs09-硝苯地平控释片30mg-居安诺-Q332411291-Side-36h-750X-1-3.docx,.docx,ok,,35150,硝苯地平,硝苯地平,,,side,slot_3,,variant_fallback,slot_3,01-硝苯地平控释片30mg-拜新同-BJ86516-Side-36h-750X-1vs09-硝苯地平控释片30mg-居安诺-Q332411291-Side-36h-750X-1,拜新同,居安诺,BJ86516,Q332411291,BJ86516 vs Q332411291,cross_manufacturer,1,1,1,硝苯地平 || 拜新同 vs 居安诺 || BJ86516 vs Q332411291,硝苯地平 || 拜新同 vs 居安诺 || BJ86516 vs Q332411291 || slot_3,硝苯地平 || 拜新同 vs 居安诺 || BJ86516 vs Q332411291 || 1,0,insufficient,same,,硝苯地平控释片30mg,拜新同,BJ86516,硝苯地平控释片30mg,居安诺,Q332411291,拜新同 vs 居安诺,same,same,63638,9240,1,6,5,83.33,1,1,1,8,8,100.0,63.42,1,0,99.45,1,0,0,7,structured,0,40.0,0,1,1,6,1,7,1,79.17,100.0,84.46
硝苯地平/side/01-硝苯地平控释片30mg-拜新同-BJ86516-Side-36h-750X-1vs10-硝苯地平控释片30mg-君保泰-2505363-Side-36h-750X-1-1.docx,01-硝苯地平控释片30mg-拜新同-BJ86516-Side-36h-750X-1vs10-硝苯地平控释片30mg-君保泰-2505363-Side-36h-750X-1-1.docx,.docx,ok,,34468,硝苯地平,硝苯地平,,,side,slot_1,,variant_fallback,slot_1,01-硝苯地平控释片30mg-拜新同-BJ86516-Side-36h-750X-1vs10-硝苯地平控释片30mg-君保泰-2505363-Side-36h-750X-1,拜新同,君保泰,BJ86516,2505363,BJ86516 vs 2505363,cross_manufacturer,1,1,1,硝苯地平 || 拜新同 vs 君保泰 || BJ86516 vs 2505363,硝苯地平 || 拜新同 vs 君保泰 || BJ86516 vs 2505363 || slot_1,硝苯地平 || 拜新同 vs 君保泰 || BJ86516 vs 2505363 || 1,0,insufficient,same,,硝苯地平控释片30mg,拜新同,BJ86516,硝苯地平控释片30mg,君保泰,2505363,拜新同 vs 君保泰,same,same,62677,9053,1,6,5,83.33,0,1,1,8,8,100.0,58.61,0,0,100.0,1,3,0,7,generic,1,64.0,0,1,1,6,2,7,1,85.83,100.0,89.14
硝苯地平/side/01-硝苯地平控释片30mg-拜新同-BJ86516-Side-36h-750X-1vs10-硝苯地平控释片30mg-君保泰-2505363-Side-36h-750X-1-2.docx,01-硝苯地平控释片30mg-拜新同-BJ86516-Side-36h-750X-1vs10-硝苯地平控释片30mg-君保泰-2505363-Side-36h-750X-1-2.docx,.docx,ok,,34376,硝苯地平,硝苯地平,,,side,slot_2,,variant_fallback,slot_2,01-硝苯地平控释片30mg-拜新同-BJ86516-Side-36h-750X-1vs10-硝苯地平控释片30mg-君保泰-2505363-Side-36h-750X-1,拜新同,君保泰,BJ86516,2505363,BJ86516 vs 2505363,cross_manufacturer,1,1,1,硝苯地平 || 拜新同 vs 君保泰 || BJ86516 vs 2505363,硝苯地平 || 拜新同 vs 君保泰 || BJ86516 vs 2505363 || slot_2,硝苯地平 || 拜新同 vs 君保泰 || BJ86516 vs 2505363 || 1,0,insufficient,same,,硝苯地平控释片30mg,拜新同,BJ86516,硝苯地平控释片30mg,君保泰,2505363,拜新同 vs 君保泰,same,same,61872,8895,1,6,5,83.33,1,1,1,8,8,100.0,56.64,1,0,99.45,1,0,0,6,generic,1,29.0,0,1,1,7,3,7,1,96.25,100.0,85.37
硝苯地平/side/01-硝苯地平控释片30mg-拜新同-BJ86516-Side-36h-750X-1vs10-硝苯地平控释片30mg-君保泰-2505363-Side-36h-750X-1-3.docx,01-硝苯地平控释片30mg-拜新同-BJ86516-Side-36h-750X-1vs10-硝苯地平控释片30mg-君保泰-2505363-Side-36h-750X-1-3.docx,.docx,ok,,34955,硝苯地平,硝苯地平,,,side,slot_3,,variant_fallback,slot_3,01-硝苯地平控释片30mg-拜新同-BJ86516-Side-36h-750X-1vs10-硝苯地平控释片30mg-君保泰-2505363-Side-36h-750X-1,拜新同,君保泰,BJ86516,2505363,BJ86516 vs 2505363,cross_manufacturer,1,1,1,硝苯地平 || 拜新同 vs 君保泰 || BJ86516 vs 2505363,硝苯地平 || 拜新同 vs 君保泰 || BJ86516 vs 2505363 || slot_3,硝苯地平 || 拜新同 vs 君保泰 || BJ86516 vs 2505363 || 1,0,insufficient,same,,硝苯地平控释片30mg,拜新同,BJ86516,硝苯地平控释片30mg,君保泰,2505363,拜新同 vs 君保泰,same,same,60966,8834,1,6,6,100.0,0,1,1,8,8,100.0,58.62,1,0,99.45,1,0,0,5,generic,1,29.0,0,1,1,6,2,7,1,85.83,100.0,87.14
硝苯地平/side/01-硝苯地平控释片30mg-拜新同-BJ86516-Side-36h-750X-1vs11-硝苯地平控释片30mg-贝奇康-2406601-Side-36h-750X-1-1.docx,01-硝苯地平控释片30mg-拜新同-BJ86516-Side-36h-750X-1vs11-硝苯地平控释片30mg-贝奇康-2406601-Side-36h-750X-1-1.docx,.docx,ok,,34635,硝苯地平,硝苯地平,,,side,slot_1,,variant_fallback,slot_1,01-硝苯地平控释片30mg-拜新同-BJ86516-Side-36h-750X-1vs11-硝苯地平控释片30mg-贝奇康-2406601-Side-36h-750X-1,拜新同,贝奇康,BJ86516,2406601,BJ86516 vs 2406601,cross_manufacturer,1,1,1,硝苯地平 || 拜新同 vs 贝奇康 || BJ86516 vs 2406601,硝苯地平 || 拜新同 vs 贝奇康 || BJ86516 vs 2406601 || slot_1,硝苯地平 || 拜新同 vs 贝奇康 || BJ86516 vs 2406601 || 1,0,insufficient,same,,硝苯地平控释片30mg,拜新同,BJ86516,硝苯地平控释片30mg,贝奇康,2406601,拜新同 vs 贝奇康,same,same,62301,9036,1,6,5,83.33,0,1,1,8,8,100.0,61.98,0,0,100.0,1,0,0,6,generic,1,29.0,0,1,1,6,2,7,1,85.83,100.0,83.89
硝苯地平/side/01-硝苯地平控释片30mg-拜新同-BJ86516-Side-36h-750X-1vs11-硝苯地平控释片30mg-贝奇康-2406601-Side-36h-750X-1-2.docx,01-硝苯地平控释片30mg-拜新同-BJ86516-Side-36h-750X-1vs11-硝苯地平控释片30mg-贝奇康-2406601-Side-36h-750X-1-2.docx,.docx,ok,,34874,硝苯地平,硝苯地平,,,side,slot_2,,variant_fallback,slot_2,01-硝苯地平控释片30mg-拜新同-BJ86516-Side-36h-750X-1vs11-硝苯地平控释片30mg-贝奇康-2406601-Side-36h-750X-1,拜新同,贝奇康,BJ86516,2406601,BJ86516 vs 2406601,cross_manufacturer,1,1,1,硝苯地平 || 拜新同 vs 贝奇康 || BJ86516 vs 2406601,硝苯地平 || 拜新同 vs 贝奇康 || BJ86516 vs 2406601 || slot_2,硝苯地平 || 拜新同 vs 贝奇康 || BJ86516 vs 2406601 || 1,0,insufficient,same,,硝苯地平控释片30mg,拜新同,BJ86516,硝苯地平控释片30mg,贝奇康,2406601,拜新同 vs 贝奇康,same,same,62420,9040,1,6,5,83.33,1,1,1,8,8,100.0,58.81,0,0,100.0,1,0,0,6,generic,1,29.0,0,1,1,7,3,7,1,96.25,100.0,85.45
硝苯地平/side/01-硝苯地平控释片30mg-拜新同-BJ86516-Side-36h-750X-1vs11-硝苯地平控释片30mg-贝奇康-2406601-Side-36h-750X-1-3.docx,01-硝苯地平控释片30mg-拜新同-BJ86516-Side-36h-750X-1vs11-硝苯地平控释片30mg-贝奇康-2406601-Side-36h-750X-1-3.docx,.docx,ok,,36035,硝苯地平,硝苯地平,,,side,slot_3,,variant_fallback,slot_3,01-硝苯地平控释片30mg-拜新同-BJ86516-Side-36h-750X-1vs11-硝苯地平控释片30mg-贝奇康-2406601-Side-36h-750X-1,拜新同,贝奇康,BJ86516,2406601,BJ86516 vs 2406601,cross_manufacturer,1,1,1,硝苯地平 || 拜新同 vs 贝奇康 || BJ86516 vs 2406601,硝苯地平 || 拜新同 vs 贝奇康 || BJ86516 vs 2406601 || slot_3,硝苯地平 || 拜新同 vs 贝奇康 || BJ86516 vs 2406601 || 1,0,insufficient,same,,硝苯地平控释片30mg,拜新同,BJ86516,硝苯地平控释片30mg,贝奇康,2406601,拜新同 vs 贝奇康,same,same,66659,9554,1,6,6,100.0,1,1,1,8,8,100.0,60.84,0,0,100.0,1,0,0,7,generic,1,29.0,0,1,1,6,2,7,1,85.83,100.0,87.22
硝苯地平/side/01-硝苯地平控释片30mg-拜新同-BJ86516-Side-36h-750X-1vs12-硝苯地平控释片30mg-奥赛定-0000117508-Side-36h-750X-1-1.docx,01-硝苯地平控释片30mg-拜新同-BJ86516-Side-36h-750X-1vs12-硝苯地平控释片30mg-奥赛定-0000117508-Side-36h-750X-1-1.docx,.docx,ok,,33671,硝苯地平,硝苯地平,,,side,slot_1,,variant_fallback,slot_1,01-硝苯地平控释片30mg-拜新同-BJ86516-Side-36h-750X-1vs12-硝苯地平控释片30mg-奥赛定-0000117508-Side-36h-750X-1,拜新同,奥赛定,BJ86516,0000117508,BJ86516 vs 0000117508,cross_manufacturer,1,1,1,硝苯地平 || 拜新同 vs 奥赛定 || BJ86516 vs 0000117508,硝苯地平 || 拜新同 vs 奥赛定 || BJ86516 vs 0000117508 || slot_1,硝苯地平 || 拜新同 vs 奥赛定 || BJ86516 vs 0000117508 || 1,0,insufficient,same,,硝苯地平控释片30mg,拜新同,BJ86516,硝苯地平控释片30mg,奥赛定,0000117508,拜新同 vs 奥赛定,same,same,59633,8679,1,6,5,83.33,1,1,1,8,8,100.0,59.75,0,0,100.0,1,0,0,5,generic,1,29.0,0,1,1,6,2,7,1,85.83,100.0,83.89
硝苯地平/side/01-硝苯地平控释片30mg-拜新同-BJ86516-Side-36h-750X-1vs12-硝苯地平控释片30mg-奥赛定-0000117508-Side-36h-750X-1-2.docx,01-硝苯地平控释片30mg-拜新同-BJ86516-Side-36h-750X-1vs12-硝苯地平控释片30mg-奥赛定-0000117508-Side-36h-750X-1-2.docx,.docx,ok,,33984,硝苯地平,硝苯地平,,,side,slot_2,,variant_fallback,slot_2,01-硝苯地平控释片30mg-拜新同-BJ86516-Side-36h-750X-1vs12-硝苯地平控释片30mg-奥赛定-0000117508-Side-36h-750X-1,拜新同,奥赛定,BJ86516,0000117508,BJ86516 vs 0000117508,cross_manufacturer,1,1,1,硝苯地平 || 拜新同 vs 奥赛定 || BJ86516 vs 0000117508,硝苯地平 || 拜新同 vs 奥赛定 || BJ86516 vs 0000117508 || slot_2,硝苯地平 || 拜新同 vs 奥赛定 || BJ86516 vs 0000117508 || 1,0,insufficient,same,,硝苯地平控释片30mg,拜新同,BJ86516,硝苯地平控释片30mg,奥赛定,0000117508,拜新同 vs 奥赛定,same,same,59658,8572,1,6,6,100.0,1,1,1,8,8,100.0,60.97,0,0,100.0,1,0,0,6,generic,1,29.0,0,1,1,6,2,7,1,85.83,100.0,87.22
硝苯地平/side/01-硝苯地平控释片30mg-拜新同-BJ86516-Side-36h-750X-1vs12-硝苯地平控释片30mg-奥赛定-0000117508-Side-36h-750X-1-3.docx,01-硝苯地平控释片30mg-拜新同-BJ86516-Side-36h-750X-1vs12-硝苯地平控释片30mg-奥赛定-0000117508-Side-36h-750X-1-3.docx,.docx,ok,,35388,硝苯地平,硝苯地平,,,side,slot_3,,variant_fallback,slot_3,01-硝苯地平控释片30mg-拜新同-BJ86516-Side-36h-750X-1vs12-硝苯地平控释片30mg-奥赛定-0000117508-Side-36h-750X-1,拜新同,奥赛定,BJ86516,0000117508,BJ86516 vs 0000117508,cross_manufacturer,1,1,1,硝苯地平 || 拜新同 vs 奥赛定 || BJ86516 vs 0000117508,硝苯地平 || 拜新同 vs 奥赛定 || BJ86516 vs 0000117508 || slot_3,硝苯地平 || 拜新同 vs 奥赛定 || BJ86516 vs 0000117508 || 1,0,insufficient,same,,硝苯地平控释片30mg,拜新同,BJ86516,硝苯地平控释片30mg,奥赛定,0000117508,拜新同 vs 奥赛定,same,same,60881,8735,1,6,5,83.33,0,1,1,8,8,100.0,61.05,0,0,100.0,1,0,0,7,generic,1,29.0,0,1,1,6,2,8,1,85.83,100.0,83.89
硝苯地平/side/01-硝苯地平控释片30mg-拜新同-BJ86516-Side-36h-750X-1vs13-硝苯地平控释片30mg-得欣通-2214250501-Side-36h-750X-1-1.docx,01-硝苯地平控释片30mg-拜新同-BJ86516-Side-36h-750X-1vs13-硝苯地平控释片30mg-得欣通-2214250501-Side-36h-750X-1-1.docx,.docx,ok,,35698,硝苯地平,硝苯地平,,,side,slot_1,,variant_fallback,slot_1,01-硝苯地平控释片30mg-拜新同-BJ86516-Side-36h-750X-1vs13-硝苯地平控释片30mg-得欣通-2214250501-Side-36h-750X-1,拜新同,得欣通,BJ86516,2214250501,BJ86516 vs 2214250501,cross_manufacturer,1,1,1,硝苯地平 || 拜新同 vs 得欣通 || BJ86516 vs 2214250501,硝苯地平 || 拜新同 vs 得欣通 || BJ86516 vs 2214250501 || slot_1,硝苯地平 || 拜新同 vs 得欣通 || BJ86516 vs 2214250501 || 1,0,insufficient,same,,硝苯地平控释片30mg,拜新同,BJ86516,硝苯地平控释片30mg,得欣通,2214250501,拜新同 vs 得欣通,same,same,62320,8986,1,6,6,100.0,1,1,1,8,8,100.0,58.2,0,0,100.0,1,0,0,6,generic,1,29.0,0,1,1,7,1,7,1,82.92,100.0,86.79
硝苯地平/side/01-硝苯地平控释片30mg-拜新同-BJ86516-Side-36h-750X-1vs13-硝苯地平控释片30mg-得欣通-2214250501-Side-36h-750X-1-2.docx,01-硝苯地平控释片30mg-拜新同-BJ86516-Side-36h-750X-1vs13-硝苯地平控释片30mg-得欣通-2214250501-Side-36h-750X-1-2.docx,.docx,ok,,36729,硝苯地平,硝苯地平,,,side,slot_2,,variant_fallback,slot_2,01-硝苯地平控释片30mg-拜新同-BJ86516-Side-36h-750X-1vs13-硝苯地平控释片30mg-得欣通-2214250501-Side-36h-750X-1,拜新同,得欣通,BJ86516,2214250501,BJ86516 vs 2214250501,cross_manufacturer,1,1,1,硝苯地平 || 拜新同 vs 得欣通 || BJ86516 vs 2214250501,硝苯地平 || 拜新同 vs 得欣通 || BJ86516 vs 2214250501 || slot_2,硝苯地平 || 拜新同 vs 得欣通 || BJ86516 vs 2214250501 || 1,0,insufficient,same,,硝苯地平控释片30mg,拜新同,BJ86516,硝苯地平控释片30mg,得欣通,2214250501,拜新同 vs 得欣通,same,same,70561,10231,1,6,5,83.33,1,1,1,9,8,100.0,65.29,0,0,100.0,1,0,0,6,generic,1,29.0,0,1,1,6,0,7,0,72.5,100.0,81.89
硝苯地平/side/01-硝苯地平控释片30mg-拜新同-BJ86516-Side-36h-750X-1vs13-硝苯地平控释片30mg-得欣通-2214250501-Side-36h-750X-1-3.docx,01-硝苯地平控释片30mg-拜新同-BJ86516-Side-36h-750X-1vs13-硝苯地平控释片30mg-得欣通-2214250501-Side-36h-750X-1-3.docx,.docx,ok,,33951,硝苯地平,硝苯地平,,,side,slot_3,,variant_fallback,slot_3,01-硝苯地平控释片30mg-拜新同-BJ86516-Side-36h-750X-1vs13-硝苯地平控释片30mg-得欣通-2214250501-Side-36h-750X-1,拜新同,得欣通,BJ86516,2214250501,BJ86516 vs 2214250501,cross_manufacturer,1,1,1,硝苯地平 || 拜新同 vs 得欣通 || BJ86516 vs 2214250501,硝苯地平 || 拜新同 vs 得欣通 || BJ86516 vs 2214250501 || slot_3,硝苯地平 || 拜新同 vs 得欣通 || BJ86516 vs 2214250501 || 1,0,insufficient,same,,硝苯地平控释片30mg,拜新同,BJ86516,硝苯地平控释片30mg,得欣通,2214250501,拜新同 vs 得欣通,same,same,59165,8587,1,6,5,83.33,1,1,1,8,8,100.0,58.31,0,0,100.0,1,0,0,6,generic,1,29.0,0,1,1,6,1,7,1,79.17,100.0,82.89
硝苯地平/side/01-硝苯地平控释片30mg-拜新同-BJ86516-Side-36h-750X-1vs14-硝苯地平控释片30mg-赛新同-12401091-Side-36h-750X-1-1.docx,01-硝苯地平控释片30mg-拜新同-BJ86516-Side-36h-750X-1vs14-硝苯地平控释片30mg-赛新同-12401091-Side-36h-750X-1-1.docx,.docx,ok,,34656,硝苯地平,硝苯地平,,,side,slot_1,,variant_fallback,slot_1,01-硝苯地平控释片30mg-拜新同-BJ86516-Side-36h-750X-1vs14-硝苯地平控释片30mg-赛新同-12401091-Side-36h-750X-1,拜新同,赛新同,BJ86516,12401091,BJ86516 vs 12401091,cross_manufacturer,1,1,1,硝苯地平 || 拜新同 vs 赛新同 || BJ86516 vs 12401091,硝苯地平 || 拜新同 vs 赛新同 || BJ86516 vs 12401091 || slot_1,硝苯地平 || 拜新同 vs 赛新同 || BJ86516 vs 12401091 || 1,0,insufficient,same,,硝苯地平控释片30mg,拜新同,BJ86516,硝苯地平控释片30mg,赛新同,12401091,拜新同 vs 赛新同,same,same,60175,8783,1,6,6,100.0,1,1,1,8,8,100.0,57.77,0,0,100.0,1,0,0,6,generic,1,29.0,0,1,1,6,1,7,1,79.17,100.0,86.23
硝苯地平/side/01-硝苯地平控释片30mg-拜新同-BJ86516-Side-36h-750X-1vs14-硝苯地平控释片30mg-赛新同-12401091-Side-36h-750X-1-2.docx,01-硝苯地平控释片30mg-拜新同-BJ86516-Side-36h-750X-1vs14-硝苯地平控释片30mg-赛新同-12401091-Side-36h-750X-1-2.docx,.docx,ok,,35046,硝苯地平,硝苯地平,,,side,slot_2,,variant_fallback,slot_2,01-硝苯地平控释片30mg-拜新同-BJ86516-Side-36h-750X-1vs14-硝苯地平控释片30mg-赛新同-12401091-Side-36h-750X-1,拜新同,赛新同,BJ86516,12401091,BJ86516 vs 12401091,cross_manufacturer,1,1,1,硝苯地平 || 拜新同 vs 赛新同 || BJ86516 vs 12401091,硝苯地平 || 拜新同 vs 赛新同 || BJ86516 vs 12401091 || slot_2,硝苯地平 || 拜新同 vs 赛新同 || BJ86516 vs 12401091 || 1,0,insufficient,same,,硝苯地平控释片30mg,拜新同,BJ86516,硝苯地平控释片30mg,赛新同,12401091,拜新同 vs 赛新同,same,same,63162,9113,1,6,5,83.33,1,1,1,8,8,100.0,58.67,1,0,99.45,1,0,0,7,generic,1,29.0,0,1,1,6,1,7,1,79.17,100.0,82.81
硝苯地平/side/01-硝苯地平控释片30mg-拜新同-BJ86516-Side-36h-750X-1vs14-硝苯地平控释片30mg-赛新同-12401091-Side-36h-750X-1-3.docx,01-硝苯地平控释片30mg-拜新同-BJ86516-Side-36h-750X-1vs14-硝苯地平控释片30mg-赛新同-12401091-Side-36h-750X-1-3.docx,.docx,ok,,34534,硝苯地平,硝苯地平,,,side,slot_3,,variant_fallback,slot_3,01-硝苯地平控释片30mg-拜新同-BJ86516-Side-36h-750X-1vs14-硝苯地平控释片30mg-赛新同-12401091-Side-36h-750X-1,拜新同,赛新同,BJ86516,12401091,BJ86516 vs 12401091,cross_manufacturer,1,1,1,硝苯地平 || 拜新同 vs 赛新同 || BJ86516 vs 12401091,硝苯地平 || 拜新同 vs 赛新同 || BJ86516 vs 12401091 || slot_3,硝苯地平 || 拜新同 vs 赛新同 || BJ86516 vs 12401091 || 1,0,insufficient,same,,硝苯地平控释片30mg,拜新同,BJ86516,硝苯地平控释片30mg,赛新同,12401091,拜新同 vs 赛新同,same,same,61670,8960,1,6,6,100.0,1,1,1,8,8,100.0,60.53,1,0,99.45,1,0,0,7,generic,1,29.0,0,1,1,7,1,7,1,82.92,100.0,86.71
硝苯地平/side/01-硝苯地平控释片30mg-拜新同-BJ86516-Side-36h-750X-1vs15-硝苯地平控释片30mg-亿普-A240105R1-Side-36h-750X-1-1.docx,01-硝苯地平控释片30mg-拜新同-BJ86516-Side-36h-750X-1vs15-硝苯地平控释片30mg-亿普-A240105R1-Side-36h-750X-1-1.docx,.docx,ok,,34386,硝苯地平,硝苯地平,,,side,slot_1,,variant_fallback,slot_1,01-硝苯地平控释片30mg-拜新同-BJ86516-Side-36h-750X-1vs15-硝苯地平控释片30mg-亿普-A240105R1-Side-36h-750X-1,拜新同,亿普,BJ86516,A240105R1,BJ86516 vs A240105R1,cross_manufacturer,1,1,1,硝苯地平 || 拜新同 vs 亿普 || BJ86516 vs A240105R1,硝苯地平 || 拜新同 vs 亿普 || BJ86516 vs A240105R1 || slot_1,硝苯地平 || 拜新同 vs 亿普 || BJ86516 vs A240105R1 || 1,0,insufficient,same,,硝苯地平控释片30mg,拜新同,BJ86516,硝苯地平控释片30mg,亿普,A240105R1,拜新同 vs 亿普,same,same,61794,8878,1,6,5,83.33,1,1,1,8,8,100.0,56.98,1,0,99.45,1,0,0,10,generic,1,29.0,0,1,1,6,0,7,0,72.5,100.0,81.81
硝苯地平/side/01-硝苯地平控释片30mg-拜新同-BJ86516-Side-36h-750X-1vs15-硝苯地平控释片30mg-亿普-A240105R1-Side-36h-750X-1-2.docx,01-硝苯地平控释片30mg-拜新同-BJ86516-Side-36h-750X-1vs15-硝苯地平控释片30mg-亿普-A240105R1-Side-36h-750X-1-2.docx,.docx,ok,,33226,硝苯地平,硝苯地平,,,side,slot_2,,variant_fallback,slot_2,01-硝苯地平控释片30mg-拜新同-BJ86516-Side-36h-750X-1vs15-硝苯地平控释片30mg-亿普-A240105R1-Side-36h-750X-1,拜新同,亿普,BJ86516,A240105R1,BJ86516 vs A240105R1,cross_manufacturer,1,1,1,硝苯地平 || 拜新同 vs 亿普 || BJ86516 vs A240105R1,硝苯地平 || 拜新同 vs 亿普 || BJ86516 vs A240105R1 || slot_2,硝苯地平 || 拜新同 vs 亿普 || BJ86516 vs A240105R1 || 1,0,insufficient,same,,硝苯地平控释片30mg,拜新同,BJ86516,硝苯地平控释片30mg,亿普,A240105R1,拜新同 vs 亿普,same,same,57640,8217,1,6,5,83.33,1,1,1,8,8,100.0,54.8,1,0,99.45,1,0,0,11,generic,1,29.0,0,1,1,6,2,7,1,85.83,100.0,83.81
硝苯地平/side/01-硝苯地平控释片30mg-拜新同-BJ86516-Side-36h-750X-1vs15-硝苯地平控释片30mg-亿普-A240105R1-Side-36h-750X-1-3.docx,01-硝苯地平控释片30mg-拜新同-BJ86516-Side-36h-750X-1vs15-硝苯地平控释片30mg-亿普-A240105R1-Side-36h-750X-1-3.docx,.docx,ok,,34501,硝苯地平,硝苯地平,,,side,slot_3,,variant_fallback,slot_3,01-硝苯地平控释片30mg-拜新同-BJ86516-Side-36h-750X-1vs15-硝苯地平控释片30mg-亿普-A240105R1-Side-36h-750X-1,拜新同,亿普,BJ86516,A240105R1,BJ86516 vs A240105R1,cross_manufacturer,1,1,1,硝苯地平 || 拜新同 vs 亿普 || BJ86516 vs A240105R1,硝苯地平 || 拜新同 vs 亿普 || BJ86516 vs A240105R1 || slot_3,硝苯地平 || 拜新同 vs 亿普 || BJ86516 vs A240105R1 || 1,0,insufficient,same,,硝苯地平控释片30mg,拜新同,BJ86516,硝苯地平控释片30mg,亿普,A240105R1,拜新同 vs 亿普,same,same,62451,8964,1,6,5,83.33,1,1,1,8,8,100.0,61.38,3,0,98.36,1,0,0,6,generic,1,29.0,0,1,1,6,1,7,1,79.17,100.0,82.65
硝苯地平/side/01-硝苯地平控释片30mg-拜新同-BJ86516-Side-36h-750X-1vs16-硝苯地平控释片30mg-亚宝-241001-Side-36h-750X-1-1.docx,01-硝苯地平控释片30mg-拜新同-BJ86516-Side-36h-750X-1vs16-硝苯地平控释片30mg-亚宝-241001-Side-36h-750X-1-1.docx,.docx,ok,,34696,硝苯地平,硝苯地平,,,side,slot_1,,variant_fallback,slot_1,01-硝苯地平控释片30mg-拜新同-BJ86516-Side-36h-750X-1vs16-硝苯地平控释片30mg-亚宝-241001-Side-36h-750X-1,拜新同,亚宝,BJ86516,241001,BJ86516 vs 241001,cross_manufacturer,1,1,1,硝苯地平 || 拜新同 vs 亚宝 || BJ86516 vs 241001,硝苯地平 || 拜新同 vs 亚宝 || BJ86516 vs 241001 || slot_1,硝苯地平 || 拜新同 vs 亚宝 || BJ86516 vs 241001 || 1,0,insufficient,same,,硝苯地平控释片30mg,拜新同,BJ86516,硝苯地平控释片30mg,亚宝,241001,拜新同 vs 亚宝,same,same,60425,8734,1,6,5,83.33,1,1,1,8,8,100.0,59.53,0,0,100.0,1,0,0,6,generic,1,29.0,0,1,1,7,2,7,1,89.58,100.0,84.45
硝苯地平/side/01-硝苯地平控释片30mg-拜新同-BJ86516-Side-36h-750X-1vs16-硝苯地平控释片30mg-亚宝-241001-Side-36h-750X-1-2.docx,01-硝苯地平控释片30mg-拜新同-BJ86516-Side-36h-750X-1vs16-硝苯地平控释片30mg-亚宝-241001-Side-36h-750X-1-2.docx,.docx,ok,,36341,硝苯地平,硝苯地平,,,side,slot_2,,variant_fallback,slot_2,01-硝苯地平控释片30mg-拜新同-BJ86516-Side-36h-750X-1vs16-硝苯地平控释片30mg-亚宝-241001-Side-36h-750X-1,拜新同,亚宝,BJ86516,241001,BJ86516 vs 241001,cross_manufacturer,1,1,1,硝苯地平 || 拜新同 vs 亚宝 || BJ86516 vs 241001,硝苯地平 || 拜新同 vs 亚宝 || BJ86516 vs 241001 || slot_2,硝苯地平 || 拜新同 vs 亚宝 || BJ86516 vs 241001 || 1,0,insufficient,different,,硝苯地平控释片30mg,拜新同,BJ86516,硝苯地平控释片30mg,亚宝,241001,拜新同 vs 亚宝,different,different,65973,9519,1,6,6,100.0,0,1,1,8,8,100.0,61.08,0,0,100.0,1,0,0,6,generic,1,29.0,0,1,1,6,1,7,1,79.17,100.0,86.23
硝苯地平/side/01-硝苯地平控释片30mg-拜新同-BJ86516-Side-36h-750X-1vs16-硝苯地平控释片30mg-亚宝-241001-Side-36h-750X-1-3.docx,01-硝苯地平控释片30mg-拜新同-BJ86516-Side-36h-750X-1vs16-硝苯地平控释片30mg-亚宝-241001-Side-36h-750X-1-3.docx,.docx,ok,,34956,硝苯地平,硝苯地平,,,side,slot_3,,variant_fallback,slot_3,01-硝苯地平控释片30mg-拜新同-BJ86516-Side-36h-750X-1vs16-硝苯地平控释片30mg-亚宝-241001-Side-36h-750X-1,拜新同,亚宝,BJ86516,241001,BJ86516 vs 241001,cross_manufacturer,1,1,1,硝苯地平 || 拜新同 vs 亚宝 || BJ86516 vs 241001,硝苯地平 || 拜新同 vs 亚宝 || BJ86516 vs 241001 || slot_3,硝苯地平 || 拜新同 vs 亚宝 || BJ86516 vs 241001 || 1,0,insufficient,same,,硝苯地平控释片30mg,拜新同,BJ86516,硝苯地平控释片30mg,亚宝,241001,拜新同 vs 亚宝,same,same,61954,8943,1,6,5,83.33,1,1,1,8,8,100.0,57.66,1,0,99.45,1,0,0,6,generic,1,29.0,0,1,1,6,2,7,1,85.83,100.0,83.81
