formulation_group_fig4,pH_condition_fig4,real_time_h,n_videos,mean_normalized_projected_area,sd_normalized_projected_area,source_videos,y_axis_min,y_axis_max
01 high viscosity,pH 1.2,0.0,1,1.0,0.0,01-pH1.2T-亲水凝胶空白制剂-251217-Side-24h-750X-2.mp4,0.0,5.0
01 high viscosity,pH 1.2,0.1666666666666666,1,1.271686817440943,0.0,01-pH1.2T-亲水凝胶空白制剂-251217-Side-24h-750X-2.mp4,0.0,5.0
01 high viscosity,pH 1.2,0.3333333333333333,1,1.4038425382425526,0.0,01-pH1.2T-亲水凝胶空白制剂-251217-Side-24h-750X-2.mp4,0.0,5.0
01 high viscosity,pH 1.2,0.5,1,1.494622430202623,0.0,01-pH1.2T-亲水凝胶空白制剂-251217-Side-24h-750X-2.mp4,0.0,5.0
01 high viscosity,pH 1.2,0.6666666666666666,1,1.6011345821039806,0.0,01-pH1.2T-亲水凝胶空白制剂-251217-Side-24h-750X-2.mp4,0.0,5.0
01 high viscosity,pH 1.2,0.8333333333333334,1,1.692052151694101,0.0,01-pH1.2T-亲水凝胶空白制剂-251217-Side-24h-750X-2.mp4,0.0,5.0
01 high viscosity,pH 1.2,1.0,1,1.7805788678161516,0.0,01-pH1.2T-亲水凝胶空白制剂-251217-Side-24h-750X-2.mp4,0.0,5.0
01 high viscosity,pH 1.2,1.1666666666666667,1,1.859801240875156,0.0,01-pH1.2T-亲水凝胶空白制剂-251217-Side-24h-750X-2.mp4,0.0,5.0
01 high viscosity,pH 1.2,1.3333333333333333,1,1.91226085913802,0.0,01-pH1.2T-亲水凝胶空白制剂-251217-Side-24h-750X-2.mp4,0.0,5.0
01 high viscosity,pH 1.2,1.5,1,1.9696294991347036,0.0,01-pH1.2T-亲水凝胶空白制剂-251217-Side-24h-750X-2.mp4,0.0,5.0
01 high viscosity,pH 1.2,1.6666666666666667,1,2.02400772179052,0.0,01-pH1.2T-亲水凝胶空白制剂-251217-Side-24h-750X-2.mp4,0.0,5.0
01 high viscosity,pH 1.2,1.8333333333333333,1,2.056333837164374,0.0,01-pH1.2T-亲水凝胶空白制剂-251217-Side-24h-750X-2.mp4,0.0,5.0
01 high viscosity,pH 1.2,2.0,1,2.103184202306174,0.0,01-pH1.2T-亲水凝胶空白制剂-251217-Side-24h-750X-2.mp4,0.0,5.0
01 high viscosity,pH 1.2,2.1666666666666665,1,2.1512899505692897,0.0,01-pH1.2T-亲水凝胶空白制剂-251217-Side-24h-750X-2.mp4,0.0,5.0
01 high viscosity,pH 1.2,2.333333333333333,1,2.195120290277739,0.0,01-pH1.2T-亲水凝胶空白制剂-251217-Side-24h-750X-2.mp4,0.0,5.0
01 high viscosity,pH 1.2,2.5,1,2.246034366112946,0.0,01-pH1.2T-亲水凝胶空白制剂-251217-Side-24h-750X-2.mp4,0.0,5.0
01 high viscosity,pH 1.2,2.6666666666666665,1,2.2933851080177234,0.0,01-pH1.2T-亲水凝胶空白制剂-251217-Side-24h-750X-2.mp4,0.0,5.0
01 high viscosity,pH 1.2,2.833333333333333,1,2.3293071262237395,0.0,01-pH1.2T-亲水凝胶空白制剂-251217-Side-24h-750X-2.mp4,0.0,5.0
01 high viscosity,pH 1.2,3.0,1,2.354130550962189,0.0,01-pH1.2T-亲水凝胶空白制剂-251217-Side-24h-750X-2.mp4,0.0,5.0
01 high viscosity,pH 1.2,3.1666666666666665,1,2.3954205163355247,0.0,01-pH1.2T-亲水凝胶空白制剂-251217-Side-24h-750X-2.mp4,0.0,5.0
01 high viscosity,pH 1.2,3.333333333333333,1,2.4265016114204334,0.0,01-pH1.2T-亲水凝胶空白制剂-251217-Side-24h-750X-2.mp4,0.0,5.0
01 high viscosity,pH 1.2,3.5,1,2.463858141707292,0.0,01-pH1.2T-亲水凝胶空白制剂-251217-Side-24h-750X-2.mp4,0.0,5.0
01 high viscosity,pH 1.2,3.666666666666667,1,2.509057855693118,0.0,01-pH1.2T-亲水凝胶空白制剂-251217-Side-24h-750X-2.mp4,0.0,5.0
01 high viscosity,pH 1.2,3.833333333333333,1,2.561427169273906,0.0,01-pH1.2T-亲水凝胶空白制剂-251217-Side-24h-750X-2.mp4,0.0,5.0
01 high viscosity,pH 1.2,4.0,1,2.6121976458605665,0.0,01-pH1.2T-亲水凝胶空白制剂-251217-Side-24h-750X-2.mp4,0.0,5.0
01 high viscosity,pH 1.2,4.166666666666667,1,2.626302941119867,0.0,01-pH1.2T-亲水凝胶空白制剂-251217-Side-24h-750X-2.mp4,0.0,5.0
01 high viscosity,pH 1.2,4.333333333333333,1,2.6597082714647566,0.0,01-pH1.2T-亲水凝胶空白制剂-251217-Side-24h-750X-2.mp4,0.0,5.0
01 high viscosity,pH 1.2,4.500000000000001,1,2.6962594616360542,0.0,01-pH1.2T-亲水凝胶空白制剂-251217-Side-24h-750X-2.mp4,0.0,5.0
01 high viscosity,pH 1.2,4.666666666666667,1,2.72950786909078,0.0,01-pH1.2T-亲水凝胶空白制剂-251217-Side-24h-750X-2.mp4,0.0,5.0
01 high viscosity,pH 1.2,4.833333333333333,1,2.7374946520382952,0.0,01-pH1.2T-亲水凝胶空白制剂-251217-Side-24h-750X-2.mp4,0.0,5.0
01 high viscosity,pH 1.2,5.0,1,2.793353279318304,0.0,01-pH1.2T-亲水凝胶空白制剂-251217-Side-24h-750X-2.mp4,0.0,5.0
01 high viscosity,pH 1.2,5.166666666666667,1,2.8200731023803427,0.0,01-pH1.2T-亲水凝胶空白制剂-251217-Side-24h-750X-2.mp4,0.0,5.0
01 high viscosity,pH 1.2,5.333333333333333,1,2.842744018795217,0.0,01-pH1.2T-亲水凝胶空白制剂-251217-Side-24h-750X-2.mp4,0.0,5.0
01 high viscosity,pH 1.2,5.5,1,2.871474231336909,0.0,01-pH1.2T-亲水凝胶空白制剂-251217-Side-24h-750X-2.mp4,0.0,5.0
01 high viscosity,pH 1.2,5.666666666666667,1,2.8986973919711736,0.0,01-pH1.2T-亲水凝胶空白制剂-251217-Side-24h-750X-2.mp4,0.0,5.0
01 high viscosity,pH 1.2,5.833333333333333,1,2.8898401311046333,0.0,01-pH1.2T-亲水凝胶空白制剂-251217-Side-24h-750X-2.mp4,0.0,5.0
01 high viscosity,pH 1.2,6.0,1,2.935632006940137,0.0,01-pH1.2T-亲水凝胶空白制剂-251217-Side-24h-750X-2.mp4,0.0,5.0
01 high viscosity,pH 1.2,6.166666666666667,1,2.9619861700600008,0.0,01-pH1.2T-亲水凝胶空白制剂-251217-Side-24h-750X-2.mp4,0.0,5.0
01 high viscosity,pH 1.2,6.333333333333333,1,2.988343293989113,0.0,01-pH1.2T-亲水凝胶空白制剂-251217-Side-24h-750X-2.mp4,0.0,5.0
01 high viscosity,pH 1.2,6.5,1,3.013609359710196,0.0,01-pH1.2T-亲水凝胶空白制剂-251217-Side-24h-750X-2.mp4,0.0,5.0
01 high viscosity,pH 1.2,6.666666666666667,1,3.0393106643907912,0.0,01-pH1.2T-亲水凝胶空白制剂-251217-Side-24h-750X-2.mp4,0.0,5.0
01 high viscosity,pH 1.2,6.833333333333332,1,3.059324254505241,0.0,01-pH1.2T-亲水凝胶空白制剂-251217-Side-24h-750X-2.mp4,0.0,5.0
01 high viscosity,pH 1.2,7.0,1,3.0740350352558363,0.0,01-pH1.2T-亲水凝胶空白制剂-251217-Side-24h-750X-2.mp4,0.0,5.0
01 high viscosity,pH 1.2,7.166666666666667,1,3.14528987062744,0.0,01-pH1.2T-亲水凝胶空白制剂-251217-Side-24h-750X-2.mp4,0.0,5.0
01 high viscosity,pH 1.2,7.333333333333334,1,3.126442839356853,0.0,01-pH1.2T-亲水凝胶空白制剂-251217-Side-24h-750X-2.mp4,0.0,5.0
01 high viscosity,pH 1.2,7.5,1,3.1435311499339,0.0,01-pH1.2T-亲水凝胶空白制剂-251217-Side-24h-750X-2.mp4,0.0,5.0
01 high viscosity,pH 1.2,7.666666666666666,1,3.137505903113439,0.0,01-pH1.2T-亲水凝胶空白制剂-251217-Side-24h-750X-2.mp4,0.0,5.0
01 high viscosity,pH 1.2,7.833333333333333,1,3.1959271107979235,0.0,01-pH1.2T-亲水凝胶空白制剂-251217-Side-24h-750X-2.mp4,0.0,5.0
01 high viscosity,pH 1.2,8.0,1,3.2270540984261817,0.0,01-pH1.2T-亲水凝胶空白制剂-251217-Side-24h-750X-2.mp4,0.0,5.0
01 high viscosity,pH 1.2,8.166666666666668,1,3.199718427040479,0.0,01-pH1.2T-亲水凝胶空白制剂-251217-Side-24h-750X-2.mp4,0.0,5.0
01 high viscosity,pH 1.2,8.333333333333334,1,3.256114441199069,0.0,01-pH1.2T-亲水凝胶空白制剂-251217-Side-24h-750X-2.mp4,0.0,5.0
01 high viscosity,pH 1.2,8.499999999999998,1,3.223082172819475,0.0,01-pH1.2T-亲水凝胶空白制剂-251217-Side-24h-750X-2.mp4,0.0,5.0
01 high viscosity,pH 1.2,8.666666666666666,1,3.2820748166888976,0.0,01-pH1.2T-亲水凝胶空白制剂-251217-Side-24h-750X-2.mp4,0.0,5.0
01 high viscosity,pH 1.2,8.833333333333334,1,3.268940666863067,0.0,01-pH1.2T-亲水凝胶空白制剂-251217-Side-24h-750X-2.mp4,0.0,5.0
01 high viscosity,pH 1.2,9.000000000000002,1,3.3121433150108586,0.0,01-pH1.2T-亲水凝胶空白制剂-251217-Side-24h-750X-2.mp4,0.0,5.0
01 high viscosity,pH 1.2,9.166666666666666,1,3.3169738752995968,0.0,01-pH1.2T-亲水凝胶空白制剂-251217-Side-24h-750X-2.mp4,0.0,5.0
01 high viscosity,pH 1.2,9.333333333333334,1,3.3339274690558423,0.0,01-pH1.2T-亲水凝胶空白制剂-251217-Side-24h-750X-2.mp4,0.0,5.0
01 high viscosity,pH 1.2,9.5,1,3.341803221656543,0.0,01-pH1.2T-亲水凝胶空白制剂-251217-Side-24h-750X-2.mp4,0.0,5.0
01 high viscosity,pH 1.2,9.666666666666666,1,3.365704354314121,0.0,01-pH1.2T-亲水凝胶空白制剂-251217-Side-24h-750X-2.mp4,0.0,5.0
01 high viscosity,pH 1.2,9.833333333333334,1,3.359042533505258,0.0,01-pH1.2T-亲水凝胶空白制剂-251217-Side-24h-750X-2.mp4,0.0,5.0
01 high viscosity,pH 1.2,10.0,1,3.3610928939097637,0.0,01-pH1.2T-亲水凝胶空白制剂-251217-Side-24h-750X-2.mp4,0.0,5.0
01 high viscosity,pH 1.2,10.166666666666666,1,3.37209970229063,0.0,01-pH1.2T-亲水凝胶空白制剂-251217-Side-24h-750X-2.mp4,0.0,5.0
01 high viscosity,pH 1.2,10.333333333333334,1,3.3788784750648047,0.0,01-pH1.2T-亲水凝胶空白制剂-251217-Side-24h-750X-2.mp4,0.0,5.0
01 high viscosity,pH 1.2,10.5,1,3.392661042116031,0.0,01-pH1.2T-亲水凝胶空白制剂-251217-Side-24h-750X-2.mp4,0.0,5.0
01 high viscosity,pH 1.2,10.666666666666666,1,3.403530172866848,0.0,01-pH1.2T-亲水凝胶空白制剂-251217-Side-24h-750X-2.mp4,0.0,5.0
01 high viscosity,pH 1.2,10.833333333333334,1,3.3861013692262367,0.0,01-pH1.2T-亲水凝胶空白制剂-251217-Side-24h-750X-2.mp4,0.0,5.0
01 high viscosity,pH 1.2,11.0,1,3.4034591134448866,0.0,01-pH1.2T-亲水凝胶空白制剂-251217-Side-24h-750X-2.mp4,0.0,5.0
01 high viscosity,pH 1.2,11.166666666666666,1,3.3972251295724147,0.0,01-pH1.2T-亲水凝胶空白制剂-251217-Side-24h-750X-2.mp4,0.0,5.0
01 high viscosity,pH 1.2,11.333333333333334,1,3.411043226334622,0.0,01-pH1.2T-亲水凝胶空白制剂-251217-Side-24h-750X-2.mp4,0.0,5.0
01 high viscosity,pH 1.2,11.5,1,3.4074502843117083,0.0,01-pH1.2T-亲水凝胶空白制剂-251217-Side-24h-750X-2.mp4,0.0,5.0
01 high viscosity,pH 1.2,11.666666666666666,1,3.396370936104256,0.0,01-pH1.2T-亲水凝胶空白制剂-251217-Side-24h-750X-2.mp4,0.0,5.0
01 high viscosity,pH 1.2,11.833333333333334,1,3.4048684586471176,0.0,01-pH1.2T-亲水凝胶空白制剂-251217-Side-24h-750X-2.mp4,0.0,5.0
01 high viscosity,pH 1.2,12.0,1,3.409787843213307,0.0,01-pH1.2T-亲水凝胶空白制剂-251217-Side-24h-750X-2.mp4,0.0,5.0
01 high viscosity,pH 1.2,12.166666666666666,1,3.408036524542888,0.0,01-pH1.2T-亲水凝胶空白制剂-251217-Side-24h-750X-2.mp4,0.0,5.0
01 high viscosity,pH 1.2,12.333333333333334,1,3.4164496640221707,0.0,01-pH1.2T-亲水凝胶空白制剂-251217-Side-24h-750X-2.mp4,0.0,5.0
01 high viscosity,pH 1.2,12.5,1,3.415823452866137,0.0,01-pH1.2T-亲水凝胶空白制剂-251217-Side-24h-750X-2.mp4,0.0,5.0
01 high viscosity,pH 1.2,12.666666666666666,1,3.4172357588776165,0.0,01-pH1.2T-亲水凝胶空白制剂-251217-Side-24h-750X-2.mp4,0.0,5.0
01 high viscosity,pH 1.2,12.833333333333334,1,3.413021046912542,0.0,01-pH1.2T-亲水凝胶空白制剂-251217-Side-24h-750X-2.mp4,0.0,5.0
01 high viscosity,pH 1.2,13.0,1,3.4157701582996665,0.0,01-pH1.2T-亲水凝胶空白制剂-251217-Side-24h-750X-2.mp4,0.0,5.0
01 high viscosity,pH 1.2,13.166666666666666,1,3.4115554463345923,0.0,01-pH1.2T-亲水凝胶空白制剂-251217-Side-24h-750X-2.mp4,0.0,5.0
01 high viscosity,pH 1.2,13.333333333333334,1,3.4083355662769748,0.0,01-pH1.2T-亲水凝胶空白制剂-251217-Side-24h-750X-2.mp4,0.0,5.0
01 high viscosity,pH 1.2,13.5,1,3.409904795178618,0.0,01-pH1.2T-亲水凝胶空白制剂-251217-Side-24h-750X-2.mp4,0.0,5.0
01 high viscosity,pH 1.2,13.666666666666664,1,3.4054324928089343,0.0,01-pH1.2T-亲水凝胶空白制剂-251217-Side-24h-750X-2.mp4,0.0,5.0
01 high viscosity,pH 1.2,13.833333333333336,1,3.4030697670287244,0.0,01-pH1.2T-亲水凝胶空白制剂-251217-Side-24h-750X-2.mp4,0.0,5.0
01 high viscosity,pH 1.2,14.0,1,3.3992295974335707,0.0,01-pH1.2T-亲水凝胶空白制剂-251217-Side-24h-750X-2.mp4,0.0,5.0
01 high viscosity,pH 1.2,14.166666666666666,1,3.403049041363986,0.0,01-pH1.2T-亲水凝胶空白制剂-251217-Side-24h-750X-2.mp4,0.0,5.0
01 high viscosity,pH 1.2,14.333333333333334,1,3.376043500209477,0.0,01-pH1.2T-亲水凝胶空白制剂-251217-Side-24h-750X-2.mp4,0.0,5.0
01 high viscosity,pH 1.2,14.499999999999998,1,3.3640655463951408,0.0,01-pH1.2T-亲水凝胶空白制剂-251217-Side-24h-750X-2.mp4,0.0,5.0
01 high viscosity,pH 1.2,14.666666666666668,1,3.3567952792857345,0.0,01-pH1.2T-亲水凝胶空白制剂-251217-Side-24h-750X-2.mp4,0.0,5.0
01 high viscosity,pH 1.2,14.833333333333334,1,3.3521320047195298,0.0,01-pH1.2T-亲水凝胶空白制剂-251217-Side-24h-750X-2.mp4,0.0,5.0
01 high viscosity,pH 1.2,15.0,1,3.3364885690556942,0.0,01-pH1.2T-亲水凝胶空白制剂-251217-Side-24h-750X-2.mp4,0.0,5.0
01 high viscosity,pH 1.2,15.166666666666666,1,3.332738704142616,0.0,01-pH1.2T-亲水凝胶空白制剂-251217-Side-24h-750X-2.mp4,0.0,5.0
01 high viscosity,pH 1.2,15.333333333333332,1,3.3346365828708304,0.0,01-pH1.2T-亲水凝胶空白制剂-251217-Side-24h-750X-2.mp4,0.0,5.0
01 high viscosity,pH 1.2,15.500000000000002,1,3.316275124316978,0.0,01-pH1.2T-亲水凝胶空白制剂-251217-Side-24h-750X-2.mp4,0.0,5.0
01 high viscosity,pH 1.2,15.666666666666666,1,3.300642051485512,0.0,01-pH1.2T-亲水凝胶空白制剂-251217-Side-24h-750X-2.mp4,0.0,5.0
01 high viscosity,pH 1.2,15.833333333333334,1,3.289886911890758,0.0,01-pH1.2T-亲水凝胶空白制剂-251217-Side-24h-750X-2.mp4,0.0,5.0
01 high viscosity,pH 1.2,16.0,1,3.276801615417526,0.0,01-pH1.2T-亲水凝胶空白制剂-251217-Side-24h-750X-2.mp4,0.0,5.0
01 high viscosity,pH 1.2,16.166666666666664,1,3.260964246747921,0.0,01-pH1.2T-亲水凝胶空白制剂-251217-Side-24h-750X-2.mp4,0.0,5.0
01 high viscosity,pH 1.2,16.333333333333336,1,3.248148383916292,0.0,01-pH1.2T-亲水凝胶空白制剂-251217-Side-24h-750X-2.mp4,0.0,5.0
01 high viscosity,pH 1.2,16.5,1,3.235835858656888,0.0,01-pH1.2T-亲水凝胶空白制剂-251217-Side-24h-750X-2.mp4,0.0,5.0
01 high viscosity,pH 1.2,16.666666666666668,1,3.21495771224191,0.0,01-pH1.2T-亲水凝胶空白制剂-251217-Side-24h-750X-2.mp4,0.0,5.0
01 high viscosity,pH 1.2,16.833333333333332,1,3.1955407251910093,0.0,01-pH1.2T-亲水凝胶空白制剂-251217-Side-24h-750X-2.mp4,0.0,5.0
01 high viscosity,pH 1.2,16.999999999999996,1,3.1733761071576083,0.0,01-pH1.2T-亲水凝胶空白制剂-251217-Side-24h-750X-2.mp4,0.0,5.0
01 high viscosity,pH 1.2,17.166666666666668,1,3.203971629525782,0.0,01-pH1.2T-亲水凝胶空白制剂-251217-Side-24h-750X-2.mp4,0.0,5.0
01 high viscosity,pH 1.2,17.333333333333332,1,3.188292664150966,0.0,01-pH1.2T-亲水凝胶空白制剂-251217-Side-24h-750X-2.mp4,0.0,5.0
01 high viscosity,pH 1.2,17.5,1,3.165663199065569,0.0,01-pH1.2T-亲水凝胶空白制剂-251217-Side-24h-750X-2.mp4,0.0,5.0
01 high viscosity,pH 1.2,17.666666666666668,1,3.149304727968248,0.0,01-pH1.2T-亲水凝胶空白制剂-251217-Side-24h-750X-2.mp4,0.0,5.0
01 high viscosity,pH 1.2,17.833333333333332,1,3.129026145426068,0.0,01-pH1.2T-亲水凝胶空白制剂-251217-Side-24h-750X-2.mp4,0.0,5.0
01 high viscosity,pH 1.2,18.000000000000004,1,3.1058385677973503,0.0,01-pH1.2T-亲水凝胶空白制剂-251217-Side-24h-750X-2.mp4,0.0,5.0
01 high viscosity,pH 1.2,18.166666666666668,1,3.086726544099033,0.0,01-pH1.2T-亲水凝胶空白制剂-251217-Side-24h-750X-2.mp4,0.0,5.0
01 high viscosity,pH 1.2,18.33333333333333,1,3.0825162733478315,0.0,01-pH1.2T-亲水凝胶空白制剂-251217-Side-24h-750X-2.mp4,0.0,5.0
01 high viscosity,pH 1.2,18.5,1,3.0534322441009576,0.0,01-pH1.2T-亲水凝胶空白制剂-251217-Side-24h-750X-2.mp4,0.0,5.0
01 high viscosity,pH 1.2,18.666666666666668,1,3.0486727432341807,0.0,01-pH1.2T-亲水凝胶空白制剂-251217-Side-24h-750X-2.mp4,0.0,5.0
01 high viscosity,pH 1.2,18.83333333333333,1,3.03357853768592,0.0,01-pH1.2T-亲水凝胶空白制剂-251217-Side-24h-750X-2.mp4,0.0,5.0
01 high viscosity,pH 1.2,19.0,1,3.018003200634797,0.0,01-pH1.2T-亲水凝胶空白制剂-251217-Side-24h-750X-2.mp4,0.0,5.0
01 high viscosity,pH 1.2,19.166666666666668,1,2.9864158071684157,0.0,01-pH1.2T-亲水凝胶空白制剂-251217-Side-24h-750X-2.mp4,0.0,5.0
01 high viscosity,pH 1.2,19.33333333333333,1,2.9677863953775847,0.0,01-pH1.2T-亲水凝胶空白制剂-251217-Side-24h-750X-2.mp4,0.0,5.0
01 high viscosity,pH 1.2,19.5,1,2.952908328904456,0.0,01-pH1.2T-亲水凝胶空白制剂-251217-Side-24h-750X-2.mp4,0.0,5.0
01 high viscosity,pH 1.2,19.666666666666668,1,2.9370709602348515,0.0,01-pH1.2T-亲水凝胶空白制剂-251217-Side-24h-750X-2.mp4,0.0,5.0
01 high viscosity,pH 1.2,19.83333333333333,1,2.9189078759006413,0.0,01-pH1.2T-亲水凝胶空白制剂-251217-Side-24h-750X-2.mp4,0.0,5.0
01 high viscosity,pH 1.2,20.0,1,2.9054835667684693,0.0,01-pH1.2T-亲水凝胶空白制剂-251217-Side-24h-750X-2.mp4,0.0,5.0
01 high viscosity,pH 1.2,20.166666666666668,1,2.888127302954444,0.0,01-pH1.2T-亲水凝胶空白制剂-251217-Side-24h-750X-2.mp4,0.0,5.0
01 high viscosity,pH 1.2,20.33333333333333,1,2.8673794321463943,0.0,01-pH1.2T-亲水凝胶空白制剂-251217-Side-24h-750X-2.mp4,0.0,5.0
01 high viscosity,pH 1.2,20.5,1,2.845860270529141,0.0,01-pH1.2T-亲水凝胶空白制剂-251217-Side-24h-750X-2.mp4,0.0,5.0
01 high viscosity,pH 1.2,20.666666666666668,1,2.8279606982180368,0.0,01-pH1.2T-亲水凝胶空白制剂-251217-Side-24h-750X-2.mp4,0.0,5.0
01 high viscosity,pH 1.2,20.83333333333333,1,2.807879009490874,0.0,01-pH1.2T-亲水凝胶空白制剂-251217-Side-24h-750X-2.mp4,0.0,5.0
01 high viscosity,pH 1.2,21.0,1,2.793575340011932,0.0,01-pH1.2T-亲水凝胶空白制剂-251217-Side-24h-750X-2.mp4,0.0,5.0
01 high viscosity,pH 1.2,21.166666666666668,1,2.7737660457356204,0.0,01-pH1.2T-亲水凝胶空白制剂-251217-Side-24h-750X-2.mp4,0.0,5.0
01 high viscosity,pH 1.2,21.33333333333333,1,2.7645549681638983,0.0,01-pH1.2T-亲水凝胶空白制剂-251217-Side-24h-750X-2.mp4,0.0,5.0
01 high viscosity,pH 1.2,21.5,1,2.750873068627117,0.0,01-pH1.2T-亲水凝胶空白制剂-251217-Side-24h-750X-2.mp4,0.0,5.0
01 high viscosity,pH 1.2,21.666666666666668,1,2.737099384003636,0.0,01-pH1.2T-亲水凝胶空白制剂-251217-Side-24h-750X-2.mp4,0.0,5.0
01 high viscosity,pH 1.2,21.83333333333333,1,2.734391723945989,0.0,01-pH1.2T-亲水凝胶空白制剂-251217-Side-24h-750X-2.mp4,0.0,5.0
01 high viscosity,pH 1.2,22.0,1,2.739764112327181,0.0,01-pH1.2T-亲水凝胶空白制剂-251217-Side-24h-750X-2.mp4,0.0,5.0
01 high viscosity,pH 1.2,22.166666666666668,1,2.741736011286605,0.0,01-pH1.2T-亲水凝胶空白制剂-251217-Side-24h-750X-2.mp4,0.0,5.0
01 high viscosity,pH 1.2,22.33333333333333,1,2.7865434180470205,0.0,01-pH1.2T-亲水凝胶空白制剂-251217-Side-24h-750X-2.mp4,0.0,5.0
01 high viscosity,pH 1.2,22.5,1,2.582358610255355,0.0,01-pH1.2T-亲水凝胶空白制剂-251217-Side-24h-750X-2.mp4,0.0,5.0
01 high viscosity,pH 1.2,22.666666666666668,1,2.518760427600072,0.0,01-pH1.2T-亲水凝胶空白制剂-251217-Side-24h-750X-2.mp4,0.0,5.0
01 high viscosity,pH 1.2,22.83333333333333,1,2.491189371879122,0.0,01-pH1.2T-亲水凝胶空白制剂-251217-Side-24h-750X-2.mp4,0.0,5.0
01 high viscosity,pH 1.2,23.0,1,2.4591919063318386,0.0,01-pH1.2T-亲水凝胶空白制剂-251217-Side-24h-750X-2.mp4,0.0,5.0
01 high viscosity,pH 1.2,23.166666666666668,1,2.442004408644971,0.0,01-pH1.2T-亲水凝胶空白制剂-251217-Side-24h-750X-2.mp4,0.0,5.0
01 high viscosity,pH 1.2,23.33333333333333,1,2.425947940090986,0.0,01-pH1.2T-亲水凝胶空白制剂-251217-Side-24h-750X-2.mp4,0.0,5.0
01 high viscosity,pH 1.2,23.5,1,2.40843623379142,0.0,01-pH1.2T-亲水凝胶空白制剂-251217-Side-24h-750X-2.mp4,0.0,5.0
01 high viscosity,pH 1.2,23.666666666666668,1,2.3889274616538194,0.0,01-pH1.2T-亲水凝胶空白制剂-251217-Side-24h-750X-2.mp4,0.0,5.0
01 high viscosity,pH 1.2,23.83333333333333,1,2.3773447758741417,0.0,01-pH1.2T-亲水凝胶空白制剂-251217-Side-24h-750X-2.mp4,0.0,5.0
01 high viscosity,pH 1.2,23.991666666666667,1,2.3611787573779663,0.0,01-pH1.2T-亲水凝胶空白制剂-251217-Side-24h-750X-2.mp4,0.0,5.0
01 high viscosity,pH 4.5,0.0,1,1.0,0.0,01-pH4.5T-亲水凝胶空白制剂-251217-Side-24h-750X-1.mp4,0.0,5.0
01 high viscosity,pH 4.5,0.1666666666666666,1,1.2448234164606058,0.0,01-pH4.5T-亲水凝胶空白制剂-251217-Side-24h-750X-1.mp4,0.0,5.0
01 high viscosity,pH 4.5,0.3333333333333333,1,1.4608727607288814,0.0,01-pH4.5T-亲水凝胶空白制剂-251217-Side-24h-750X-1.mp4,0.0,5.0
01 high viscosity,pH 4.5,0.5,1,1.5466041558594097,0.0,01-pH4.5T-亲水凝胶空白制剂-251217-Side-24h-750X-1.mp4,0.0,5.0
01 high viscosity,pH 4.5,0.6666666666666666,1,1.633683584862514,0.0,01-pH4.5T-亲水凝胶空白制剂-251217-Side-24h-750X-1.mp4,0.0,5.0
01 high viscosity,pH 4.5,0.8333333333333334,1,1.7082062785456182,0.0,01-pH4.5T-亲水凝胶空白制剂-251217-Side-24h-750X-1.mp4,0.0,5.0
01 high viscosity,pH 4.5,1.0,1,1.7648308195245133,0.0,01-pH4.5T-亲水凝胶空白制剂-251217-Side-24h-750X-1.mp4,0.0,5.0
01 high viscosity,pH 4.5,1.1666666666666667,1,1.8435906995450495,0.0,01-pH4.5T-亲水凝胶空白制剂-251217-Side-24h-750X-1.mp4,0.0,5.0
01 high viscosity,pH 4.5,1.3333333333333333,1,1.871061227431555,0.0,01-pH4.5T-亲水凝胶空白制剂-251217-Side-24h-750X-1.mp4,0.0,5.0
01 high viscosity,pH 4.5,1.5,1,1.944420074048435,0.0,01-pH4.5T-亲水凝胶空白制剂-251217-Side-24h-750X-1.mp4,0.0,5.0
01 high viscosity,pH 4.5,1.6666666666666667,1,1.9863363642592176,0.0,01-pH4.5T-亲水凝胶空白制剂-251217-Side-24h-750X-1.mp4,0.0,5.0
01 high viscosity,pH 4.5,1.8333333333333333,1,2.028783859897016,0.0,01-pH4.5T-亲水凝胶空白制剂-251217-Side-24h-750X-1.mp4,0.0,5.0
01 high viscosity,pH 4.5,2.0,1,2.0746606113400348,0.0,01-pH4.5T-亲水凝胶空白制剂-251217-Side-24h-750X-1.mp4,0.0,5.0
01 high viscosity,pH 4.5,2.1666666666666665,1,2.1164202982758518,0.0,01-pH4.5T-亲水凝胶空白制剂-251217-Side-24h-750X-1.mp4,0.0,5.0
01 high viscosity,pH 4.5,2.333333333333333,1,2.1526970910051886,0.0,01-pH4.5T-亲水凝胶空白制剂-251217-Side-24h-750X-1.mp4,0.0,5.0
01 high viscosity,pH 4.5,2.5,1,2.1917971916405885,0.0,01-pH4.5T-亲水凝胶空白制剂-251217-Side-24h-750X-1.mp4,0.0,5.0
01 high viscosity,pH 4.5,2.6666666666666665,1,2.23133595940416,0.0,01-pH4.5T-亲水凝胶空白制剂-251217-Side-24h-750X-1.mp4,0.0,5.0
01 high viscosity,pH 4.5,2.833333333333333,1,2.270370215480768,0.0,01-pH4.5T-亲水凝胶空白制剂-251217-Side-24h-750X-1.mp4,0.0,5.0
01 high viscosity,pH 4.5,3.0,1,2.3082139307511,0.0,01-pH4.5T-亲水凝胶空白制剂-251217-Side-24h-750X-1.mp4,0.0,5.0
01 high viscosity,pH 4.5,3.1666666666666665,1,2.38630290810502,0.0,01-pH4.5T-亲水凝胶空白制剂-251217-Side-24h-750X-1.mp4,0.0,5.0
01 high viscosity,pH 4.5,3.333333333333333,1,2.410771280027121,0.0,01-pH4.5T-亲水凝胶空白制剂-251217-Side-24h-750X-1.mp4,0.0,5.0
01 high viscosity,pH 4.5,3.5,1,2.4517488403794427,0.0,01-pH4.5T-亲水凝胶空白制剂-251217-Side-24h-750X-1.mp4,0.0,5.0
01 high viscosity,pH 4.5,3.666666666666667,1,2.4737142292760925,0.0,01-pH4.5T-亲水凝胶空白制剂-251217-Side-24h-750X-1.mp4,0.0,5.0
01 high viscosity,pH 4.5,3.833333333333333,1,2.505187928378916,0.0,01-pH4.5T-亲水凝胶空白制剂-251217-Side-24h-750X-1.mp4,0.0,5.0
01 high viscosity,pH 4.5,4.0,1,2.530324533593627,0.0,01-pH4.5T-亲水凝胶空白制剂-251217-Side-24h-750X-1.mp4,0.0,5.0
01 high viscosity,pH 4.5,4.166666666666667,1,2.5591324178566883,0.0,01-pH4.5T-亲水凝胶空白制剂-251217-Side-24h-750X-1.mp4,0.0,5.0
01 high viscosity,pH 4.5,4.333333333333333,1,2.592773648651655,0.0,01-pH4.5T-亲水凝胶空白制剂-251217-Side-24h-750X-1.mp4,0.0,5.0
01 high viscosity,pH 4.5,4.500000000000001,1,2.6307196899255154,0.0,01-pH4.5T-亲水凝胶空白制剂-251217-Side-24h-750X-1.mp4,0.0,5.0
01 high viscosity,pH 4.5,4.666666666666667,1,2.6592312736740107,0.0,01-pH4.5T-亲水凝胶空白制剂-251217-Side-24h-750X-1.mp4,0.0,5.0
01 high viscosity,pH 4.5,4.833333333333333,1,2.689878356626588,0.0,01-pH4.5T-亲水凝胶空白制剂-251217-Side-24h-750X-1.mp4,0.0,5.0
01 high viscosity,pH 4.5,5.0,1,2.722219602281069,0.0,01-pH4.5T-亲水凝胶空白制剂-251217-Side-24h-750X-1.mp4,0.0,5.0
01 high viscosity,pH 4.5,5.166666666666667,1,2.746799198120049,0.0,01-pH4.5T-亲水凝胶空白制剂-251217-Side-24h-750X-1.mp4,0.0,5.0
01 high viscosity,pH 4.5,5.333333333333333,1,2.7820936612155083,0.0,01-pH4.5T-亲水凝胶空白制剂-251217-Side-24h-750X-1.mp4,0.0,5.0
01 high viscosity,pH 4.5,5.5,1,2.811970184871946,0.0,01-pH4.5T-亲水凝胶空白制剂-251217-Side-24h-750X-1.mp4,0.0,5.0
01 high viscosity,pH 4.5,5.666666666666667,1,2.835282717849837,0.0,01-pH4.5T-亲水凝胶空白制剂-251217-Side-24h-750X-1.mp4,0.0,5.0
01 high viscosity,pH 4.5,5.833333333333333,1,2.868392743217788,0.0,01-pH4.5T-亲水凝胶空白制剂-251217-Side-24h-750X-1.mp4,0.0,5.0
01 high viscosity,pH 4.5,6.0,1,2.9021647733390044,0.0,01-pH4.5T-亲水凝胶空白制剂-251217-Side-24h-750X-1.mp4,0.0,5.0
01 high viscosity,pH 4.5,6.166666666666667,1,2.9183073677391915,0.0,01-pH4.5T-亲水凝胶空白制剂-251217-Side-24h-750X-1.mp4,0.0,5.0
01 high viscosity,pH 4.5,6.333333333333333,1,2.9447795497477887,0.0,01-pH4.5T-亲水凝胶空白制剂-251217-Side-24h-750X-1.mp4,0.0,5.0
01 high viscosity,pH 4.5,6.5,1,3.1183858473349413,0.0,01-pH4.5T-亲水凝胶空白制剂-251217-Side-24h-750X-1.mp4,0.0,5.0
01 high viscosity,pH 4.5,6.666666666666667,1,3.1557535242410304,0.0,01-pH4.5T-亲水凝胶空白制剂-251217-Side-24h-750X-1.mp4,0.0,5.0
01 high viscosity,pH 4.5,6.833333333333332,1,3.1781210988211157,0.0,01-pH4.5T-亲水凝胶空白制剂-251217-Side-24h-750X-1.mp4,0.0,5.0
01 high viscosity,pH 4.5,7.0,1,3.1862769261980373,0.0,01-pH4.5T-亲水凝胶空白制剂-251217-Side-24h-750X-1.mp4,0.0,5.0
01 high viscosity,pH 4.5,7.166666666666667,1,3.056530223097381,0.0,01-pH4.5T-亲水凝胶空白制剂-251217-Side-24h-750X-1.mp4,0.0,5.0
01 high viscosity,pH 4.5,7.333333333333334,1,3.2217466781864985,0.0,01-pH4.5T-亲水凝胶空白制剂-251217-Side-24h-750X-1.mp4,0.0,5.0
01 high viscosity,pH 4.5,7.5,1,3.2547196756888543,0.0,01-pH4.5T-亲水凝胶空白制剂-251217-Side-24h-750X-1.mp4,0.0,5.0
01 high viscosity,pH 4.5,7.666666666666666,1,3.282656454234917,0.0,01-pH4.5T-亲水凝胶空白制剂-251217-Side-24h-750X-1.mp4,0.0,5.0
01 high viscosity,pH 4.5,7.833333333333333,1,3.304349566983047,0.0,01-pH4.5T-亲水凝胶空白制剂-251217-Side-24h-750X-1.mp4,0.0,5.0
01 high viscosity,pH 4.5,8.0,1,3.3218117219330896,0.0,01-pH4.5T-亲水凝胶空白制剂-251217-Side-24h-750X-1.mp4,0.0,5.0
01 high viscosity,pH 4.5,8.166666666666668,1,3.340724236759238,0.0,01-pH4.5T-亲水凝胶空白制剂-251217-Side-24h-750X-1.mp4,0.0,5.0
01 high viscosity,pH 4.5,8.333333333333334,1,3.35046567229519,0.0,01-pH4.5T-亲水凝胶空白制剂-251217-Side-24h-750X-1.mp4,0.0,5.0
01 high viscosity,pH 4.5,8.499999999999998,1,3.371959471784272,0.0,01-pH4.5T-亲水凝胶空白制剂-251217-Side-24h-750X-1.mp4,0.0,5.0
01 high viscosity,pH 4.5,8.666666666666666,1,3.3986754566186685,0.0,01-pH4.5T-亲水凝胶空白制剂-251217-Side-24h-750X-1.mp4,0.0,5.0
01 high viscosity,pH 4.5,8.833333333333334,1,3.420794779416279,0.0,01-pH4.5T-亲水凝胶空白制剂-251217-Side-24h-750X-1.mp4,0.0,5.0
01 high viscosity,pH 4.5,9.000000000000002,1,3.435980848131305,0.0,01-pH4.5T-亲水凝胶空白制剂-251217-Side-24h-750X-1.mp4,0.0,5.0
01 high viscosity,pH 4.5,9.166666666666666,1,3.448530465120625,0.0,01-pH4.5T-亲水凝胶空白制剂-251217-Side-24h-750X-1.mp4,0.0,5.0
01 high viscosity,pH 4.5,9.333333333333334,1,3.4659152082245197,0.0,01-pH4.5T-亲水凝胶空白制剂-251217-Side-24h-750X-1.mp4,0.0,5.0
01 high viscosity,pH 4.5,9.5,1,3.480091363774281,0.0,01-pH4.5T-亲水凝胶空白制剂-251217-Side-24h-750X-1.mp4,0.0,5.0
01 high viscosity,pH 4.5,9.666666666666666,1,3.5540721745343498,0.0,01-pH4.5T-亲水凝胶空白制剂-251217-Side-24h-750X-1.mp4,0.0,5.0
01 high viscosity,pH 4.5,9.833333333333334,1,3.565022836494613,0.0,01-pH4.5T-亲水凝胶空白制剂-251217-Side-24h-750X-1.mp4,0.0,5.0
01 high viscosity,pH 4.5,10.0,1,3.57094172845526,0.0,01-pH4.5T-亲水凝胶空白制剂-251217-Side-24h-750X-1.mp4,0.0,5.0
01 high viscosity,pH 4.5,10.166666666666666,1,3.598331285330277,0.0,01-pH4.5T-亲水凝胶空白制剂-251217-Side-24h-750X-1.mp4,0.0,5.0
01 high viscosity,pH 4.5,10.333333333333334,1,3.611430793364648,0.0,01-pH4.5T-亲水凝胶空白制剂-251217-Side-24h-750X-1.mp4,0.0,5.0
01 high viscosity,pH 4.5,10.5,1,3.621988167554827,0.0,01-pH4.5T-亲水凝胶空白制剂-251217-Side-24h-750X-1.mp4,0.0,5.0
01 high viscosity,pH 4.5,10.666666666666666,1,3.635254066568849,0.0,01-pH4.5T-亲水凝胶空白制剂-251217-Side-24h-750X-1.mp4,0.0,5.0
01 high viscosity,pH 4.5,10.833333333333334,1,3.632648757539869,0.0,01-pH4.5T-亲水凝胶空白制剂-251217-Side-24h-750X-1.mp4,0.0,5.0
01 high viscosity,pH 4.5,11.0,1,3.643585182838773,0.0,01-pH4.5T-亲水凝胶空白制剂-251217-Side-24h-750X-1.mp4,0.0,5.0
01 high viscosity,pH 4.5,11.166666666666666,1,3.651547925495992,0.0,01-pH4.5T-亲水凝胶空白制剂-251217-Side-24h-750X-1.mp4,0.0,5.0
01 high viscosity,pH 4.5,11.333333333333334,1,3.6592250451346655,0.0,01-pH4.5T-亲水凝胶空白制剂-251217-Side-24h-750X-1.mp4,0.0,5.0
01 high viscosity,pH 4.5,11.5,1,3.679797910591987,0.0,01-pH4.5T-亲水凝胶空白制剂-251217-Side-24h-750X-1.mp4,0.0,5.0
01 high viscosity,pH 4.5,11.666666666666666,1,3.678754185355992,0.0,01-pH4.5T-亲水凝胶空白制剂-251217-Side-24h-750X-1.mp4,0.0,5.0
01 high viscosity,pH 4.5,11.833333333333334,1,3.689153176688535,0.0,01-pH4.5T-亲水凝胶空白制剂-251217-Side-24h-750X-1.mp4,0.0,5.0
01 high viscosity,pH 4.5,12.0,1,3.695484931828637,0.0,01-pH4.5T-亲水凝胶空白制剂-251217-Side-24h-750X-1.mp4,0.0,5.0
01 high viscosity,pH 4.5,12.166666666666666,1,3.708348645159224,0.0,01-pH4.5T-亲水凝胶空白制剂-251217-Side-24h-750X-1.mp4,0.0,5.0
01 high viscosity,pH 4.5,12.333333333333334,1,3.710947725648858,0.0,01-pH4.5T-亲水凝胶空白制剂-251217-Side-24h-750X-1.mp4,0.0,5.0
01 high viscosity,pH 4.5,12.5,1,3.7230960467460776,0.0,01-pH4.5T-亲水凝胶空白制剂-251217-Side-24h-750X-1.mp4,0.0,5.0
01 high viscosity,pH 4.5,12.666666666666666,1,3.7321941631468,0.0,01-pH4.5T-亲水凝胶空白制剂-251217-Side-24h-750X-1.mp4,0.0,5.0
01 high viscosity,pH 4.5,12.833333333333334,1,3.7413314303662646,0.0,01-pH4.5T-亲水凝胶空白制剂-251217-Side-24h-750X-1.mp4,0.0,5.0
01 high viscosity,pH 4.5,13.0,1,3.742094871331724,0.0,01-pH4.5T-亲水凝胶空白制剂-251217-Side-24h-750X-1.mp4,0.0,5.0
01 high viscosity,pH 4.5,13.166666666666666,1,3.7531193859727954,0.0,01-pH4.5T-亲水凝胶空白制剂-251217-Side-24h-750X-1.mp4,0.0,5.0
01 high viscosity,pH 4.5,13.333333333333334,1,3.7635254956360185,0.0,01-pH4.5T-亲水凝胶空白制剂-251217-Side-24h-750X-1.mp4,0.0,5.0
01 high viscosity,pH 4.5,13.5,1,3.7710460119997258,0.0,01-pH4.5T-亲水凝胶空白制剂-251217-Side-24h-750X-1.mp4,0.0,5.0
01 high viscosity,pH 4.5,13.666666666666664,1,3.788231441844573,0.0,01-pH4.5T-亲水凝胶空白制剂-251217-Side-24h-750X-1.mp4,0.0,5.0
01 high viscosity,pH 4.5,13.833333333333336,1,3.796833054680347,0.0,01-pH4.5T-亲水凝胶空白制剂-251217-Side-24h-750X-1.mp4,0.0,5.0
01 high viscosity,pH 4.5,14.0,1,3.80986760794726,0.0,01-pH4.5T-亲水凝胶空白制剂-251217-Side-24h-750X-1.mp4,0.0,5.0
01 high viscosity,pH 4.5,14.166666666666666,1,3.787950267782702,0.0,01-pH4.5T-亲水凝胶空白制剂-251217-Side-24h-750X-1.mp4,0.0,5.0
01 high viscosity,pH 4.5,14.333333333333334,1,3.781592708693884,0.0,01-pH4.5T-亲水凝胶空白制剂-251217-Side-24h-750X-1.mp4,0.0,5.0
01 high viscosity,pH 4.5,14.499999999999998,1,3.791761244070653,0.0,01-pH4.5T-亲水凝胶空白制剂-251217-Side-24h-750X-1.mp4,0.0,5.0
01 high viscosity,pH 4.5,14.666666666666668,1,3.798272737060432,0.0,01-pH4.5T-亲水凝胶空白制剂-251217-Side-24h-750X-1.mp4,0.0,5.0
01 high viscosity,pH 4.5,14.833333333333334,1,3.802565980251971,0.0,01-pH4.5T-亲水凝胶空白制剂-251217-Side-24h-750X-1.mp4,0.0,5.0
01 high viscosity,pH 4.5,15.0,1,3.820879665509641,0.0,01-pH4.5T-亲水凝胶空白制剂-251217-Side-24h-750X-1.mp4,0.0,5.0
01 high viscosity,pH 4.5,15.166666666666666,1,3.820166052858944,0.0,01-pH4.5T-亲水凝胶空白制剂-251217-Side-24h-750X-1.mp4,0.0,5.0
01 high viscosity,pH 4.5,15.333333333333332,1,3.82815815863022,0.0,01-pH4.5T-亲水凝胶空白制剂-251217-Side-24h-750X-1.mp4,0.0,5.0
01 high viscosity,pH 4.5,15.500000000000002,1,3.82528947136607,0.0,01-pH4.5T-亲水凝胶空白制剂-251217-Side-24h-750X-1.mp4,0.0,5.0
01 high viscosity,pH 4.5,15.666666666666666,1,3.826043124626844,0.0,01-pH4.5T-亲水凝胶空白制剂-251217-Side-24h-750X-1.mp4,0.0,5.0
01 high viscosity,pH 4.5,15.833333333333334,1,3.8184505351649984,0.0,01-pH4.5T-亲水凝胶空白制剂-251217-Side-24h-750X-1.mp4,0.0,5.0
01 high viscosity,pH 4.5,16.0,1,3.8181426673630767,0.0,01-pH4.5T-亲水凝胶空白制剂-251217-Side-24h-750X-1.mp4,0.0,5.0
01 high viscosity,pH 4.5,16.166666666666664,1,3.815185890756759,0.0,01-pH4.5T-亲水凝胶空白制剂-251217-Side-24h-750X-1.mp4,0.0,5.0
01 high viscosity,pH 4.5,16.333333333333336,1,3.799664370708425,0.0,01-pH4.5T-亲水凝胶空白制剂-251217-Side-24h-750X-1.mp4,0.0,5.0
01 high viscosity,pH 4.5,16.5,1,3.8013149336349135,0.0,01-pH4.5T-亲水凝胶空白制剂-251217-Side-24h-750X-1.mp4,0.0,5.0
01 high viscosity,pH 4.5,16.666666666666668,1,3.7952830381747176,0.0,01-pH4.5T-亲水凝胶空白制剂-251217-Side-24h-750X-1.mp4,0.0,5.0
01 high viscosity,pH 4.5,16.833333333333332,1,3.793162665423332,0.0,01-pH4.5T-亲水凝胶空白制剂-251217-Side-24h-750X-1.mp4,0.0,5.0
01 high viscosity,pH 4.5,16.999999999999996,1,3.790299316907192,0.0,01-pH4.5T-亲水凝胶空白制剂-251217-Side-24h-750X-1.mp4,0.0,5.0
01 high viscosity,pH 4.5,17.166666666666668,1,3.7853351710490375,0.0,01-pH4.5T-亲水凝胶空白制剂-251217-Side-24h-750X-1.mp4,0.0,5.0
01 high viscosity,pH 4.5,17.333333333333332,1,3.788463677383017,0.0,01-pH4.5T-亲水凝胶空白制剂-251217-Side-24h-750X-1.mp4,0.0,5.0
01 high viscosity,pH 4.5,17.5,1,3.775544796989658,0.0,01-pH4.5T-亲水凝胶空白制剂-251217-Side-24h-750X-1.mp4,0.0,5.0
01 high viscosity,pH 4.5,17.666666666666668,1,3.7690662262792753,0.0,01-pH4.5T-亲水凝胶空白制剂-251217-Side-24h-750X-1.mp4,0.0,5.0
01 high viscosity,pH 4.5,17.833333333333332,1,3.774294640163935,0.0,01-pH4.5T-亲水凝胶空白制剂-251217-Side-24h-750X-1.mp4,0.0,5.0
01 high viscosity,pH 4.5,18.000000000000004,1,3.761584860734309,0.0,01-pH4.5T-亲水凝胶空白制剂-251217-Side-24h-750X-1.mp4,0.0,5.0
01 high viscosity,pH 4.5,18.166666666666668,1,3.750530093187847,0.0,01-pH4.5T-亲水凝胶空白制剂-251217-Side-24h-750X-1.mp4,0.0,5.0
01 high viscosity,pH 4.5,18.33333333333333,1,3.704763675870372,0.0,01-pH4.5T-亲水凝胶空白制剂-251217-Side-24h-750X-1.mp4,0.0,5.0
01 high viscosity,pH 4.5,18.5,1,3.696420992313093,0.0,01-pH4.5T-亲水凝胶空白制剂-251217-Side-24h-750X-1.mp4,0.0,5.0
01 high viscosity,pH 4.5,18.666666666666668,1,3.674114813335125,0.0,01-pH4.5T-亲水凝胶空白制剂-251217-Side-24h-750X-1.mp4,0.0,5.0
01 high viscosity,pH 4.5,18.83333333333333,1,3.686633287627719,0.0,01-pH4.5T-亲水凝胶空白制剂-251217-Side-24h-750X-1.mp4,0.0,5.0
01 high viscosity,pH 4.5,19.0,1,3.684446180526205,0.0,01-pH4.5T-亲水凝胶空白制剂-251217-Side-24h-750X-1.mp4,0.0,5.0
01 high viscosity,pH 4.5,19.166666666666668,1,3.672719620521792,0.0,01-pH4.5T-亲水凝胶空白制剂-251217-Side-24h-750X-1.mp4,0.0,5.0
01 high viscosity,pH 4.5,19.33333333333333,1,3.65736983020112,0.0,01-pH4.5T-亲水凝胶空白制剂-251217-Side-24h-750X-1.mp4,0.0,5.0
01 high viscosity,pH 4.5,19.5,1,3.64664072628328,0.0,01-pH4.5T-亲水凝胶空白制剂-251217-Side-24h-750X-1.mp4,0.0,5.0
01 high viscosity,pH 4.5,19.666666666666668,1,3.6303086063287298,0.0,01-pH4.5T-亲水凝胶空白制剂-251217-Side-24h-750X-1.mp4,0.0,5.0
01 high viscosity,pH 4.5,19.83333333333333,1,3.623727709614818,0.0,01-pH4.5T-亲水凝胶空白制剂-251217-Side-24h-750X-1.mp4,0.0,5.0
01 high viscosity,pH 4.5,20.0,1,3.610415541451374,0.0,01-pH4.5T-亲水凝胶空白制剂-251217-Side-24h-750X-1.mp4,0.0,5.0
01 high viscosity,pH 4.5,20.166666666666668,1,3.609444779104852,0.0,01-pH4.5T-亲水凝胶空白制剂-251217-Side-24h-750X-1.mp4,0.0,5.0
01 high viscosity,pH 4.5,20.33333333333333,1,3.612998605696978,0.0,01-pH4.5T-亲水凝胶空白制剂-251217-Side-24h-750X-1.mp4,0.0,5.0
01 high viscosity,pH 4.5,20.5,1,3.595871902080243,0.0,01-pH4.5T-亲水凝胶空白制剂-251217-Side-24h-750X-1.mp4,0.0,5.0
01 high viscosity,pH 4.5,20.666666666666668,1,3.574946679254248,0.0,01-pH4.5T-亲水凝胶空白制剂-251217-Side-24h-750X-1.mp4,0.0,5.0
01 high viscosity,pH 4.5,20.83333333333333,1,3.5565013048789926,0.0,01-pH4.5T-亲水凝胶空白制剂-251217-Side-24h-750X-1.mp4,0.0,5.0
01 high viscosity,pH 4.5,21.0,1,3.5509650231924117,0.0,01-pH4.5T-亲水凝胶空白制剂-251217-Side-24h-750X-1.mp4,0.0,5.0
01 high viscosity,pH 4.5,21.166666666666668,1,3.5477074971148514,0.0,01-pH4.5T-亲水凝胶空白制剂-251217-Side-24h-750X-1.mp4,0.0,5.0
01 high viscosity,pH 4.5,21.33333333333333,1,3.5405153137537715,0.0,01-pH4.5T-亲水凝胶空白制剂-251217-Side-24h-750X-1.mp4,0.0,5.0
01 high viscosity,pH 4.5,21.5,1,3.5329850096853788,0.0,01-pH4.5T-亲水凝胶空白制剂-251217-Side-24h-750X-1.mp4,0.0,5.0
01 high viscosity,pH 4.5,21.666666666666668,1,3.50751295313736,0.0,01-pH4.5T-亲水凝胶空白制剂-251217-Side-24h-750X-1.mp4,0.0,5.0
01 high viscosity,pH 4.5,21.83333333333333,1,3.500721175877045,0.0,01-pH4.5T-亲水凝胶空白制剂-251217-Side-24h-750X-1.mp4,0.0,5.0
01 high viscosity,pH 4.5,22.0,1,3.494424122599009,0.0,01-pH4.5T-亲水凝胶空白制剂-251217-Side-24h-750X-1.mp4,0.0,5.0
01 high viscosity,pH 4.5,22.166666666666668,1,3.4862967685448085,0.0,01-pH4.5T-亲水凝胶空白制剂-251217-Side-24h-750X-1.mp4,0.0,5.0
01 high viscosity,pH 4.5,22.33333333333333,1,3.483792005936688,0.0,01-pH4.5T-亲水凝胶空白制剂-251217-Side-24h-750X-1.mp4,0.0,5.0
01 high viscosity,pH 4.5,22.5,1,3.4633508295969517,0.0,01-pH4.5T-亲水凝胶空白制剂-251217-Side-24h-750X-1.mp4,0.0,5.0
01 high viscosity,pH 4.5,22.666666666666668,1,3.457224616255242,0.0,01-pH4.5T-亲水凝胶空白制剂-251217-Side-24h-750X-1.mp4,0.0,5.0
01 high viscosity,pH 4.5,22.83333333333333,1,3.4566827333322063,0.0,01-pH4.5T-亲水凝胶空白制剂-251217-Side-24h-750X-1.mp4,0.0,5.0
01 high viscosity,pH 4.5,23.0,1,3.44919424945656,0.0,01-pH4.5T-亲水凝胶空白制剂-251217-Side-24h-750X-1.mp4,0.0,5.0
01 high viscosity,pH 4.5,23.166666666666668,1,3.442278791200676,0.0,01-pH4.5T-亲水凝胶空白制剂-251217-Side-24h-750X-1.mp4,0.0,5.0
01 high viscosity,pH 4.5,23.33333333333333,1,3.429718496715336,0.0,01-pH4.5T-亲水凝胶空白制剂-251217-Side-24h-750X-1.mp4,0.0,5.0
01 high viscosity,pH 4.5,23.5,1,3.4322632999335325,0.0,01-pH4.5T-亲水凝胶空白制剂-251217-Side-24h-750X-1.mp4,0.0,5.0
01 high viscosity,pH 4.5,23.666666666666668,1,3.4040382289949185,0.0,01-pH4.5T-亲水凝胶空白制剂-251217-Side-24h-750X-1.mp4,0.0,5.0
01 high viscosity,pH 4.5,23.83333333333333,1,3.399222678289714,0.0,01-pH4.5T-亲水凝胶空白制剂-251217-Side-24h-750X-1.mp4,0.0,5.0
01 high viscosity,pH 4.5,23.991666666666667,1,3.378871370874816,0.0,01-pH4.5T-亲水凝胶空白制剂-251217-Side-24h-750X-1.mp4,0.0,5.0
01 high viscosity,pH 6.8,0.0,1,1.0,0.0,01-pH6.8T-亲水凝胶空白制剂-251217-Side-24h-750X-1.mp4,0.0,5.0
01 high viscosity,pH 6.8,0.1666666666666666,1,1.246013183384104,0.0,01-pH6.8T-亲水凝胶空白制剂-251217-Side-24h-750X-1.mp4,0.0,5.0
01 high viscosity,pH 6.8,0.3333333333333333,1,1.3814492407692296,0.0,01-pH6.8T-亲水凝胶空白制剂-251217-Side-24h-750X-1.mp4,0.0,5.0
01 high viscosity,pH 6.8,0.5,1,1.5162856564839169,0.0,01-pH6.8T-亲水凝胶空白制剂-251217-Side-24h-750X-1.mp4,0.0,5.0
01 high viscosity,pH 6.8,0.6666666666666666,1,1.6044751898258856,0.0,01-pH6.8T-亲水凝胶空白制剂-251217-Side-24h-750X-1.mp4,0.0,5.0
01 high viscosity,pH 6.8,0.8333333333333334,1,1.694780934305762,0.0,01-pH6.8T-亲水凝胶空白制剂-251217-Side-24h-750X-1.mp4,0.0,5.0
01 high viscosity,pH 6.8,1.0,1,1.7861214972994293,0.0,01-pH6.8T-亲水凝胶空白制剂-251217-Side-24h-750X-1.mp4,0.0,5.0
01 high viscosity,pH 6.8,1.1666666666666667,1,1.8461322384536232,0.0,01-pH6.8T-亲水凝胶空白制剂-251217-Side-24h-750X-1.mp4,0.0,5.0
01 high viscosity,pH 6.8,1.3333333333333333,1,1.8931837334097923,0.0,01-pH6.8T-亲水凝胶空白制剂-251217-Side-24h-750X-1.mp4,0.0,5.0
01 high viscosity,pH 6.8,1.5,1,1.9437486628136291,0.0,01-pH6.8T-亲水凝胶空白制剂-251217-Side-24h-750X-1.mp4,0.0,5.0
01 high viscosity,pH 6.8,1.6666666666666667,1,1.9849551069239693,0.0,01-pH6.8T-亲水凝胶空白制剂-251217-Side-24h-750X-1.mp4,0.0,5.0
01 high viscosity,pH 6.8,1.8333333333333333,1,2.024829822567194,0.0,01-pH6.8T-亲水凝胶空白制剂-251217-Side-24h-750X-1.mp4,0.0,5.0
01 high viscosity,pH 6.8,2.0,1,2.0626771089703198,0.0,01-pH6.8T-亲水凝胶空白制剂-251217-Side-24h-750X-1.mp4,0.0,5.0
01 high viscosity,pH 6.8,2.1666666666666665,1,2.1119481513716805,0.0,01-pH6.8T-亲水凝胶空白制剂-251217-Side-24h-750X-1.mp4,0.0,5.0
01 high viscosity,pH 6.8,2.333333333333333,1,2.1502931985789075,0.0,01-pH6.8T-亲水凝胶空白制剂-251217-Side-24h-750X-1.mp4,0.0,5.0
01 high viscosity,pH 6.8,2.5,1,2.1901708251040275,0.0,01-pH6.8T-亲水凝胶空白制剂-251217-Side-24h-750X-1.mp4,0.0,5.0
01 high viscosity,pH 6.8,2.6666666666666665,1,2.2042129193671163,0.0,01-pH6.8T-亲水凝胶空白制剂-251217-Side-24h-750X-1.mp4,0.0,5.0
01 high viscosity,pH 6.8,2.833333333333333,1,2.2395219167575102,0.0,01-pH6.8T-亲水凝胶空白制剂-251217-Side-24h-750X-1.mp4,0.0,5.0
01 high viscosity,pH 6.8,3.0,1,2.280505678402857,0.0,01-pH6.8T-亲水凝胶空白制剂-251217-Side-24h-750X-1.mp4,0.0,5.0
01 high viscosity,pH 6.8,3.1666666666666665,1,2.528044163900116,0.0,01-pH6.8T-亲水凝胶空白制剂-251217-Side-24h-750X-1.mp4,0.0,5.0
01 high viscosity,pH 6.8,3.333333333333333,1,2.354101505362572,0.0,01-pH6.8T-亲水凝胶空白制剂-251217-Side-24h-750X-1.mp4,0.0,5.0
01 high viscosity,pH 6.8,3.5,1,2.377599599462651,0.0,01-pH6.8T-亲水凝胶空白制剂-251217-Side-24h-750X-1.mp4,0.0,5.0
01 high viscosity,pH 6.8,3.666666666666667,1,2.4011238914997883,0.0,01-pH6.8T-亲水凝胶空白制剂-251217-Side-24h-750X-1.mp4,0.0,5.0
01 high viscosity,pH 6.8,3.833333333333333,1,2.4394209091557424,0.0,01-pH6.8T-亲水凝胶空白制剂-251217-Side-24h-750X-1.mp4,0.0,5.0
01 high viscosity,pH 6.8,4.0,1,2.470290811655753,0.0,01-pH6.8T-亲水凝胶空白制剂-251217-Side-24h-750X-1.mp4,0.0,5.0
01 high viscosity,pH 6.8,4.166666666666667,1,2.492756998123937,0.0,01-pH6.8T-亲水凝胶空白制剂-251217-Side-24h-750X-1.mp4,0.0,5.0
01 high viscosity,pH 6.8,4.333333333333333,1,2.5210726017607925,0.0,01-pH6.8T-亲水凝胶空白制剂-251217-Side-24h-750X-1.mp4,0.0,5.0
01 high viscosity,pH 6.8,4.500000000000001,1,2.756817649259108,0.0,01-pH6.8T-亲水凝胶空白制剂-251217-Side-24h-750X-1.mp4,0.0,5.0
01 high viscosity,pH 6.8,4.666666666666667,1,2.7899201981728394,0.0,01-pH6.8T-亲水凝胶空白制剂-251217-Side-24h-750X-1.mp4,0.0,5.0
01 high viscosity,pH 6.8,4.833333333333333,1,2.8078541415299885,0.0,01-pH6.8T-亲水凝胶空白制剂-251217-Side-24h-750X-1.mp4,0.0,5.0
01 high viscosity,pH 6.8,5.0,1,2.828084770702556,0.0,01-pH6.8T-亲水凝胶空白制剂-251217-Side-24h-750X-1.mp4,0.0,5.0
01 high viscosity,pH 6.8,5.166666666666667,1,2.8568733926474037,0.0,01-pH6.8T-亲水凝胶空白制剂-251217-Side-24h-750X-1.mp4,0.0,5.0
01 high viscosity,pH 6.8,5.333333333333333,1,2.8755670761792347,0.0,01-pH6.8T-亲水凝胶空白制剂-251217-Side-24h-750X-1.mp4,0.0,5.0
01 high viscosity,pH 6.8,5.5,1,2.8900356146399893,0.0,01-pH6.8T-亲水凝胶空白制剂-251217-Side-24h-750X-1.mp4,0.0,5.0
01 high viscosity,pH 6.8,5.666666666666667,1,2.9140314695441702,0.0,01-pH6.8T-亲水凝胶空白制剂-251217-Side-24h-750X-1.mp4,0.0,5.0
01 high viscosity,pH 6.8,5.833333333333333,1,2.9446874222248742,0.0,01-pH6.8T-亲水凝胶空白制剂-251217-Side-24h-750X-1.mp4,0.0,5.0
01 high viscosity,pH 6.8,6.0,1,2.972166147316822,0.0,01-pH6.8T-亲水凝胶空白制剂-251217-Side-24h-750X-1.mp4,0.0,5.0
01 high viscosity,pH 6.8,6.166666666666667,1,3.003140841565065,0.0,01-pH6.8T-亲水凝胶空白制剂-251217-Side-24h-750X-1.mp4,0.0,5.0
01 high viscosity,pH 6.8,6.333333333333333,1,3.012414911283597,0.0,01-pH6.8T-亲水凝胶空白制剂-251217-Side-24h-750X-1.mp4,0.0,5.0
01 high viscosity,pH 6.8,6.5,1,3.049873594953695,0.0,01-pH6.8T-亲水凝胶空白制剂-251217-Side-24h-750X-1.mp4,0.0,5.0
01 high viscosity,pH 6.8,6.666666666666667,1,3.0644105391389904,0.0,01-pH6.8T-亲水凝胶空白制剂-251217-Side-24h-750X-1.mp4,0.0,5.0
01 high viscosity,pH 6.8,6.833333333333332,1,3.0876117232857454,0.0,01-pH6.8T-亲水凝胶空白制剂-251217-Side-24h-750X-1.mp4,0.0,5.0
01 high viscosity,pH 6.8,7.0,1,3.106395644156332,0.0,01-pH6.8T-亲水凝胶空白制剂-251217-Side-24h-750X-1.mp4,0.0,5.0
01 high viscosity,pH 6.8,7.166666666666667,1,3.1346210104544325,0.0,01-pH6.8T-亲水凝胶空白制剂-251217-Side-24h-750X-1.mp4,0.0,5.0
01 high viscosity,pH 6.8,7.333333333333334,1,3.1755290891705004,0.0,01-pH6.8T-亲水凝胶空白制剂-251217-Side-24h-750X-1.mp4,0.0,5.0
01 high viscosity,pH 6.8,7.5,1,3.196235647532955,0.0,01-pH6.8T-亲水凝胶空白制剂-251217-Side-24h-750X-1.mp4,0.0,5.0
01 high viscosity,pH 6.8,7.666666666666666,1,3.2176524610778703,0.0,01-pH6.8T-亲水凝胶空白制剂-251217-Side-24h-750X-1.mp4,0.0,5.0
01 high viscosity,pH 6.8,7.833333333333333,1,3.2314616847893323,0.0,01-pH6.8T-亲水凝胶空白制剂-251217-Side-24h-750X-1.mp4,0.0,5.0
01 high viscosity,pH 6.8,8.0,1,3.249960339234176,0.0,01-pH6.8T-亲水凝胶空白制剂-251217-Side-24h-750X-1.mp4,0.0,5.0
01 high viscosity,pH 6.8,8.166666666666668,1,3.2747552312186263,0.0,01-pH6.8T-亲水凝胶空白制剂-251217-Side-24h-750X-1.mp4,0.0,5.0
01 high viscosity,pH 6.8,8.333333333333334,1,3.305783776781933,0.0,01-pH6.8T-亲水凝胶空白制剂-251217-Side-24h-750X-1.mp4,0.0,5.0
01 high viscosity,pH 6.8,8.499999999999998,1,3.3291654356061984,0.0,01-pH6.8T-亲水凝胶空白制剂-251217-Side-24h-750X-1.mp4,0.0,5.0
01 high viscosity,pH 6.8,8.666666666666666,1,3.3426151654035867,0.0,01-pH6.8T-亲水凝胶空白制剂-251217-Side-24h-750X-1.mp4,0.0,5.0
01 high viscosity,pH 6.8,8.833333333333334,1,3.359840309019222,0.0,01-pH6.8T-亲水凝胶空白制剂-251217-Side-24h-750X-1.mp4,0.0,5.0
01 high viscosity,pH 6.8,9.000000000000002,1,3.386386096463715,0.0,01-pH6.8T-亲水凝胶空白制剂-251217-Side-24h-750X-1.mp4,0.0,5.0
01 high viscosity,pH 6.8,9.166666666666666,1,3.4055484319806952,0.0,01-pH6.8T-亲水凝胶空白制剂-251217-Side-24h-750X-1.mp4,0.0,5.0
01 high viscosity,pH 6.8,9.333333333333334,1,3.413634861885931,0.0,01-pH6.8T-亲水凝胶空白制剂-251217-Side-24h-750X-1.mp4,0.0,5.0
01 high viscosity,pH 6.8,9.5,1,3.426137099626388,0.0,01-pH6.8T-亲水凝胶空白制剂-251217-Side-24h-750X-1.mp4,0.0,5.0
01 high viscosity,pH 6.8,9.666666666666666,1,3.4413115269467616,0.0,01-pH6.8T-亲水凝胶空白制剂-251217-Side-24h-750X-1.mp4,0.0,5.0
01 high viscosity,pH 6.8,9.833333333333334,1,3.473990542544722,0.0,01-pH6.8T-亲水凝胶空白制剂-251217-Side-24h-750X-1.mp4,0.0,5.0
01 high viscosity,pH 6.8,10.0,1,3.4799898701310044,0.0,01-pH6.8T-亲水凝胶空白制剂-251217-Side-24h-750X-1.mp4,0.0,5.0
01 high viscosity,pH 6.8,10.166666666666666,1,3.5023570866147464,0.0,01-pH6.8T-亲水凝胶空白制剂-251217-Side-24h-750X-1.mp4,0.0,5.0
01 high viscosity,pH 6.8,10.333333333333334,1,3.5133733191476355,0.0,01-pH6.8T-亲水凝胶空白制剂-251217-Side-24h-750X-1.mp4,0.0,5.0
01 high viscosity,pH 6.8,10.5,1,3.5618773441695764,0.0,01-pH6.8T-亲水凝胶空白制剂-251217-Side-24h-750X-1.mp4,0.0,5.0
01 high viscosity,pH 6.8,10.666666666666666,1,3.584385738425242,0.0,01-pH6.8T-亲水凝胶空白制剂-251217-Side-24h-750X-1.mp4,0.0,5.0
01 high viscosity,pH 6.8,10.833333333333334,1,3.5987902374842995,0.0,01-pH6.8T-亲水凝胶空白制剂-251217-Side-24h-750X-1.mp4,0.0,5.0
01 high viscosity,pH 6.8,11.0,1,3.652679394012607,0.0,01-pH6.8T-亲水凝胶空白制剂-251217-Side-24h-750X-1.mp4,0.0,5.0
01 high viscosity,pH 6.8,11.166666666666666,1,3.673177824319545,0.0,01-pH6.8T-亲水凝胶空白制剂-251217-Side-24h-750X-1.mp4,0.0,5.0
01 high viscosity,pH 6.8,11.333333333333334,1,3.689755296713469,0.0,01-pH6.8T-亲水凝胶空白制剂-251217-Side-24h-750X-1.mp4,0.0,5.0
01 high viscosity,pH 6.8,11.5,1,3.721098217521472,0.0,01-pH6.8T-亲水凝胶空白制剂-251217-Side-24h-750X-1.mp4,0.0,5.0
01 high viscosity,pH 6.8,11.666666666666666,1,3.786310704622626,0.0,01-pH6.8T-亲水凝胶空白制剂-251217-Side-24h-750X-1.mp4,0.0,5.0
01 high viscosity,pH 6.8,11.833333333333334,1,3.8193186498747593,0.0,01-pH6.8T-亲水凝胶空白制剂-251217-Side-24h-750X-1.mp4,0.0,5.0
01 high viscosity,pH 6.8,12.0,1,3.831349324748172,0.0,01-pH6.8T-亲水凝胶空白制剂-251217-Side-24h-750X-1.mp4,0.0,5.0
01 high viscosity,pH 6.8,12.166666666666666,1,3.846331633863453,0.0,01-pH6.8T-亲水凝胶空白制剂-251217-Side-24h-750X-1.mp4,0.0,5.0
01 high viscosity,pH 6.8,12.333333333333334,1,3.856949075576682,0.0,01-pH6.8T-亲水凝胶空白制剂-251217-Side-24h-750X-1.mp4,0.0,5.0
01 high viscosity,pH 6.8,12.5,1,3.877106932701866,0.0,01-pH6.8T-亲水凝胶空白制剂-251217-Side-24h-750X-1.mp4,0.0,5.0
01 high viscosity,pH 6.8,12.666666666666666,1,3.896027665021533,0.0,01-pH6.8T-亲水凝胶空白制剂-251217-Side-24h-750X-1.mp4,0.0,5.0
01 high viscosity,pH 6.8,12.833333333333334,1,3.924478624666522,0.0,01-pH6.8T-亲水凝胶空白制剂-251217-Side-24h-750X-1.mp4,0.0,5.0
01 high viscosity,pH 6.8,13.0,1,3.9356040152704863,0.0,01-pH6.8T-亲水凝胶空白制剂-251217-Side-24h-750X-1.mp4,0.0,5.0
01 high viscosity,pH 6.8,13.166666666666666,1,3.954408312314341,0.0,01-pH6.8T-亲水凝胶空白制剂-251217-Side-24h-750X-1.mp4,0.0,5.0
01 high viscosity,pH 6.8,13.333333333333334,1,3.9642369050339337,0.0,01-pH6.8T-亲水凝胶空白制剂-251217-Side-24h-750X-1.mp4,0.0,5.0
01 high viscosity,pH 6.8,13.5,1,3.975945927457912,0.0,01-pH6.8T-亲水凝胶空白制剂-251217-Side-24h-750X-1.mp4,0.0,5.0
01 high viscosity,pH 6.8,13.666666666666664,1,4.005716972042435,0.0,01-pH6.8T-亲水凝胶空白制剂-251217-Side-24h-750X-1.mp4,0.0,5.0
01 high viscosity,pH 6.8,13.833333333333336,1,4.045702301197682,0.0,01-pH6.8T-亲水凝胶空白制剂-251217-Side-24h-750X-1.mp4,0.0,5.0
01 high viscosity,pH 6.8,14.0,1,4.0686284070053285,0.0,01-pH6.8T-亲水凝胶空白制剂-251217-Side-24h-750X-1.mp4,0.0,5.0
01 high viscosity,pH 6.8,14.166666666666666,1,4.0727793245880735,0.0,01-pH6.8T-亲水凝胶空白制剂-251217-Side-24h-750X-1.mp4,0.0,5.0
01 high viscosity,pH 6.8,14.333333333333334,1,4.092387025035039,0.0,01-pH6.8T-亲水凝胶空白制剂-251217-Side-24h-750X-1.mp4,0.0,5.0
01 high viscosity,pH 6.8,14.499999999999998,1,4.106132209344804,0.0,01-pH6.8T-亲水凝胶空白制剂-251217-Side-24h-750X-1.mp4,0.0,5.0
01 high viscosity,pH 6.8,14.666666666666668,1,4.121832050847285,0.0,01-pH6.8T-亲水凝胶空白制剂-251217-Side-24h-750X-1.mp4,0.0,5.0
01 high viscosity,pH 6.8,14.833333333333334,1,4.179518452808055,0.0,01-pH6.8T-亲水凝胶空白制剂-251217-Side-24h-750X-1.mp4,0.0,5.0
01 high viscosity,pH 6.8,15.0,1,4.164968409654231,0.0,01-pH6.8T-亲水凝胶空白制剂-251217-Side-24h-750X-1.mp4,0.0,5.0
01 high viscosity,pH 6.8,15.166666666666666,1,4.178025170395749,0.0,01-pH6.8T-亲水凝胶空白制剂-251217-Side-24h-750X-1.mp4,0.0,5.0
01 high viscosity,pH 6.8,15.333333333333332,1,4.197255911637269,0.0,01-pH6.8T-亲水凝胶空白制剂-251217-Side-24h-750X-1.mp4,0.0,5.0
01 high viscosity,pH 6.8,15.500000000000002,1,4.247074199834953,0.0,01-pH6.8T-亲水凝胶空白制剂-251217-Side-24h-750X-1.mp4,0.0,5.0
01 high viscosity,pH 6.8,15.666666666666666,1,4.258083155163104,0.0,01-pH6.8T-亲水凝胶空白制剂-251217-Side-24h-750X-1.mp4,0.0,5.0
01 high viscosity,pH 6.8,15.833333333333334,1,4.2702113445800105,0.0,01-pH6.8T-亲水凝胶空白制剂-251217-Side-24h-750X-1.mp4,0.0,5.0
01 high viscosity,pH 6.8,16.0,1,4.281709328066578,0.0,01-pH6.8T-亲水凝胶空白制剂-251217-Side-24h-750X-1.mp4,0.0,5.0
01 high viscosity,pH 6.8,16.166666666666664,1,4.303594793596642,0.0,01-pH6.8T-亲水凝胶空白制剂-251217-Side-24h-750X-1.mp4,0.0,5.0
01 high viscosity,pH 6.8,16.333333333333336,1,4.310163198593462,0.0,01-pH6.8T-亲水凝胶空白制剂-251217-Side-24h-750X-1.mp4,0.0,5.0
01 high viscosity,pH 6.8,16.5,1,4.321969735560934,0.0,01-pH6.8T-亲水凝胶空白制剂-251217-Side-24h-750X-1.mp4,0.0,5.0
01 high viscosity,pH 6.8,16.666666666666668,1,4.2718807353469845,0.0,01-pH6.8T-亲水凝胶空白制剂-251217-Side-24h-750X-1.mp4,0.0,5.0
01 high viscosity,pH 6.8,16.833333333333332,1,4.282503998824004,0.0,01-pH6.8T-亲水凝胶空白制剂-251217-Side-24h-750X-1.mp4,0.0,5.0
01 high viscosity,pH 6.8,16.999999999999996,1,4.294509931201306,0.0,01-pH6.8T-亲水凝胶空白制剂-251217-Side-24h-750X-1.mp4,0.0,5.0
01 high viscosity,pH 6.8,17.166666666666668,1,4.306226230830023,0.0,01-pH6.8T-亲水凝胶空白制剂-251217-Side-24h-750X-1.mp4,0.0,5.0
01 high viscosity,pH 6.8,17.333333333333332,1,4.321231827000467,0.0,01-pH6.8T-亲水凝胶空白制剂-251217-Side-24h-750X-1.mp4,0.0,5.0
01 high viscosity,pH 6.8,17.5,1,4.322441298427978,0.0,01-pH6.8T-亲水凝胶空白制剂-251217-Side-24h-750X-1.mp4,0.0,5.0
01 high viscosity,pH 6.8,17.666666666666668,1,4.338336169017446,0.0,01-pH6.8T-亲水凝胶空白制剂-251217-Side-24h-750X-1.mp4,0.0,5.0
01 high viscosity,pH 6.8,17.833333333333332,1,4.341504663960516,0.0,01-pH6.8T-亲水凝胶空白制剂-251217-Side-24h-750X-1.mp4,0.0,5.0
01 high viscosity,pH 6.8,18.000000000000004,1,4.36696469245805,0.0,01-pH6.8T-亲水凝胶空白制剂-251217-Side-24h-750X-1.mp4,0.0,5.0
01 high viscosity,pH 6.8,18.166666666666668,1,4.379603741647588,0.0,01-pH6.8T-亲水凝胶空白制剂-251217-Side-24h-750X-1.mp4,0.0,5.0
01 high viscosity,pH 6.8,18.33333333333333,1,4.369955623605506,0.0,01-pH6.8T-亲水凝胶空白制剂-251217-Side-24h-750X-1.mp4,0.0,5.0
01 high viscosity,pH 6.8,18.5,1,4.37798092499094,0.0,01-pH6.8T-亲水凝胶空白制剂-251217-Side-24h-750X-1.mp4,0.0,5.0
01 high viscosity,pH 6.8,18.666666666666668,1,4.375023468985281,0.0,01-pH6.8T-亲水凝胶空白制剂-251217-Side-24h-750X-1.mp4,0.0,5.0
01 high viscosity,pH 6.8,18.83333333333333,1,4.376232940412792,0.0,01-pH6.8T-亲水凝胶空白制剂-251217-Side-24h-750X-1.mp4,0.0,5.0
01 high viscosity,pH 6.8,19.0,1,4.382450584141225,0.0,01-pH6.8T-亲水凝胶空白制剂-251217-Side-24h-750X-1.mp4,0.0,5.0
01 high viscosity,pH 6.8,19.166666666666668,1,4.390145500431538,0.0,01-pH6.8T-亲水凝胶空白制剂-251217-Side-24h-750X-1.mp4,0.0,5.0
01 high viscosity,pH 6.8,19.33333333333333,1,4.396919122601979,0.0,01-pH6.8T-亲水凝胶空白制剂-251217-Side-24h-750X-1.mp4,0.0,5.0
01 high viscosity,pH 6.8,19.5,1,4.400610120845262,0.0,01-pH6.8T-亲水凝胶空白制剂-251217-Side-24h-750X-1.mp4,0.0,5.0
01 high viscosity,pH 6.8,19.666666666666668,1,4.396773578507212,0.0,01-pH6.8T-亲水凝胶空白制剂-251217-Side-24h-750X-1.mp4,0.0,5.0
01 high viscosity,pH 6.8,19.83333333333333,1,4.3984589791246105,0.0,01-pH6.8T-亲水凝胶空白制剂-251217-Side-24h-750X-1.mp4,0.0,5.0
01 high viscosity,pH 6.8,20.0,1,4.409182668027019,0.0,01-pH6.8T-亲水凝胶空白制剂-251217-Side-24h-750X-1.mp4,0.0,5.0
01 high viscosity,pH 6.8,20.166666666666668,1,4.453253419922366,0.0,01-pH6.8T-亲水凝胶空白制剂-251217-Side-24h-750X-1.mp4,0.0,5.0
01 high viscosity,pH 6.8,20.33333333333333,1,4.421305035680135,0.0,01-pH6.8T-亲水凝胶空白制剂-251217-Side-24h-750X-1.mp4,0.0,5.0
01 high viscosity,pH 6.8,20.5,1,4.470644483806036,0.0,01-pH6.8T-亲水凝胶空白制剂-251217-Side-24h-750X-1.mp4,0.0,5.0
01 high viscosity,pH 6.8,20.666666666666668,1,4.439068692446407,0.0,01-pH6.8T-亲水凝胶空白制剂-251217-Side-24h-750X-1.mp4,0.0,5.0
01 high viscosity,pH 6.8,20.83333333333333,1,4.484359103855899,0.0,01-pH6.8T-亲水凝胶空白制剂-251217-Side-24h-750X-1.mp4,0.0,5.0
01 high viscosity,pH 6.8,21.0,1,4.463771891651154,0.0,01-pH6.8T-亲水凝胶空白制剂-251217-Side-24h-750X-1.mp4,0.0,5.0
01 high viscosity,pH 6.8,21.166666666666668,1,4.469761031150803,0.0,01-pH6.8T-亲水凝胶空白制剂-251217-Side-24h-750X-1.mp4,0.0,5.0
01 high viscosity,pH 6.8,21.33333333333333,1,4.47683010783362,0.0,01-pH6.8T-亲水凝胶空白制剂-251217-Side-24h-750X-1.mp4,0.0,5.0
01 high viscosity,pH 6.8,21.5,1,4.4861056329931,0.0,01-pH6.8T-亲水凝胶空白制剂-251217-Side-24h-750X-1.mp4,0.0,5.0
01 high viscosity,pH 6.8,21.666666666666668,1,4.482533980907526,0.0,01-pH6.8T-亲水凝胶空白制剂-251217-Side-24h-750X-1.mp4,0.0,5.0
01 high viscosity,pH 6.8,21.83333333333333,1,4.500304914878536,0.0,01-pH6.8T-亲水凝胶空白制剂-251217-Side-24h-750X-1.mp4,0.0,5.0
01 high viscosity,pH 6.8,22.0,1,4.503035322096359,0.0,01-pH6.8T-亲水凝胶空白制剂-251217-Side-24h-750X-1.mp4,0.0,5.0
01 high viscosity,pH 6.8,22.166666666666668,1,4.511562750608738,0.0,01-pH6.8T-亲水凝胶空白制剂-251217-Side-24h-750X-1.mp4,0.0,5.0
01 high viscosity,pH 6.8,22.33333333333333,1,4.521868727959166,0.0,01-pH6.8T-亲水凝胶空白制剂-251217-Side-24h-750X-1.mp4,0.0,5.0
01 high viscosity,pH 6.8,22.5,1,4.526083684943609,0.0,01-pH6.8T-亲水凝胶空白制剂-251217-Side-24h-750X-1.mp4,0.0,5.0
01 high viscosity,pH 6.8,22.666666666666668,1,4.547644587142344,0.0,01-pH6.8T-亲水凝胶空白制剂-251217-Side-24h-750X-1.mp4,0.0,5.0
01 high viscosity,pH 6.8,22.83333333333333,1,4.509755092951736,0.0,01-pH6.8T-亲水凝胶空白制剂-251217-Side-24h-750X-1.mp4,0.0,5.0
01 high viscosity,pH 6.8,23.0,1,4.472047528879587,0.0,01-pH6.8T-亲水凝胶空白制剂-251217-Side-24h-750X-1.mp4,0.0,5.0
01 high viscosity,pH 6.8,23.166666666666668,1,4.478550439033762,0.0,01-pH6.8T-亲水凝胶空白制剂-251217-Side-24h-750X-1.mp4,0.0,5.0
01 high viscosity,pH 6.8,23.33333333333333,1,4.486719829073016,0.0,01-pH6.8T-亲水凝胶空白制剂-251217-Side-24h-750X-1.mp4,0.0,5.0
01 high viscosity,pH 6.8,23.5,1,4.487903102563468,0.0,01-pH6.8T-亲水凝胶空白制剂-251217-Side-24h-750X-1.mp4,0.0,5.0
01 high viscosity,pH 6.8,23.666666666666668,1,4.509709974282359,0.0,01-pH6.8T-亲水凝胶空白制剂-251217-Side-24h-750X-1.mp4,0.0,5.0
01 high viscosity,pH 6.8,23.83333333333333,1,4.518005987684059,0.0,01-pH6.8T-亲水凝胶空白制剂-251217-Side-24h-750X-1.mp4,0.0,5.0
01 high viscosity,pH 6.8,23.991666666666667,1,4.516870743744879,0.0,01-pH6.8T-亲水凝胶空白制剂-251217-Side-24h-750X-1.mp4,0.0,5.0
02 low viscosity,pH 1.2,0.0,1,1.0,0.0,02-pH1.2T-亲水凝胶空白制剂-251217-Side-24h-750X-1.mp4,0.0,5.0
02 low viscosity,pH 1.2,0.1666666666666666,1,1.1893942353797795,0.0,02-pH1.2T-亲水凝胶空白制剂-251217-Side-24h-750X-1.mp4,0.0,5.0
02 low viscosity,pH 1.2,0.3333333333333333,1,1.276859827025875,0.0,02-pH1.2T-亲水凝胶空白制剂-251217-Side-24h-750X-1.mp4,0.0,5.0
02 low viscosity,pH 1.2,0.5,1,1.3844873821236392,0.0,02-pH1.2T-亲水凝胶空白制剂-251217-Side-24h-750X-1.mp4,0.0,5.0
02 low viscosity,pH 1.2,0.6666666666666666,1,1.4575423111758334,0.0,02-pH1.2T-亲水凝胶空白制剂-251217-Side-24h-750X-1.mp4,0.0,5.0
02 low viscosity,pH 1.2,0.8333333333333334,1,1.5272301053117618,0.0,02-pH1.2T-亲水凝胶空白制剂-251217-Side-24h-750X-1.mp4,0.0,5.0
02 low viscosity,pH 1.2,1.0,1,1.5884059386598943,0.0,02-pH1.2T-亲水凝胶空白制剂-251217-Side-24h-750X-1.mp4,0.0,5.0
02 low viscosity,pH 1.2,1.1666666666666667,1,1.6467438597737485,0.0,02-pH1.2T-亲水凝胶空白制剂-251217-Side-24h-750X-1.mp4,0.0,5.0
02 low viscosity,pH 1.2,1.3333333333333333,1,1.6993384716475164,0.0,02-pH1.2T-亲水凝胶空白制剂-251217-Side-24h-750X-1.mp4,0.0,5.0
02 low viscosity,pH 1.2,1.5,1,1.739803583796551,0.0,02-pH1.2T-亲水凝胶空白制剂-251217-Side-24h-750X-1.mp4,0.0,5.0
02 low viscosity,pH 1.2,1.6666666666666667,1,1.7841073363050313,0.0,02-pH1.2T-亲水凝胶空白制剂-251217-Side-24h-750X-1.mp4,0.0,5.0
02 low viscosity,pH 1.2,1.8333333333333333,1,1.7771821556056755,0.0,02-pH1.2T-亲水凝胶空白制剂-251217-Side-24h-750X-1.mp4,0.0,5.0
02 low viscosity,pH 1.2,2.0,1,1.8218428670372409,0.0,02-pH1.2T-亲水凝胶空白制剂-251217-Side-24h-750X-1.mp4,0.0,5.0
02 low viscosity,pH 1.2,2.1666666666666665,1,1.8619421406879892,0.0,02-pH1.2T-亲水凝胶空白制剂-251217-Side-24h-750X-1.mp4,0.0,5.0
02 low viscosity,pH 1.2,2.333333333333333,1,1.9284981086504824,0.0,02-pH1.2T-亲水凝胶空白制剂-251217-Side-24h-750X-1.mp4,0.0,5.0
02 low viscosity,pH 1.2,2.5,1,1.953827984869204,0.0,02-pH1.2T-亲水凝胶空白制剂-251217-Side-24h-750X-1.mp4,0.0,5.0
02 low viscosity,pH 1.2,2.6666666666666665,1,1.9846472144772596,0.0,02-pH1.2T-亲水凝胶空白制剂-251217-Side-24h-750X-1.mp4,0.0,5.0
02 low viscosity,pH 1.2,2.833333333333333,1,2.0167264558063542,0.0,02-pH1.2T-亲水凝胶空白制剂-251217-Side-24h-750X-1.mp4,0.0,5.0
02 low viscosity,pH 1.2,3.0,1,2.039122520378625,0.0,02-pH1.2T-亲水凝胶空白制剂-251217-Side-24h-750X-1.mp4,0.0,5.0
02 low viscosity,pH 1.2,3.1666666666666665,1,2.0583405849864143,0.0,02-pH1.2T-亲水凝胶空白制剂-251217-Side-24h-750X-1.mp4,0.0,5.0
02 low viscosity,pH 1.2,3.333333333333333,1,2.0907750093235538,0.0,02-pH1.2T-亲水凝胶空白制剂-251217-Side-24h-750X-1.mp4,0.0,5.0
02 low viscosity,pH 1.2,3.5,1,2.1171961853344934,0.0,02-pH1.2T-亲水凝胶空白制剂-251217-Side-24h-750X-1.mp4,0.0,5.0
02 low viscosity,pH 1.2,3.666666666666667,1,2.1382869523522,0.0,02-pH1.2T-亲水凝胶空白制剂-251217-Side-24h-750X-1.mp4,0.0,5.0
02 low viscosity,pH 1.2,3.833333333333333,1,2.166330426752384,0.0,02-pH1.2T-亲水凝胶空白制剂-251217-Side-24h-750X-1.mp4,0.0,5.0
02 low viscosity,pH 1.2,4.0,1,2.2042533165213376,0.0,02-pH1.2T-亲水凝胶空白制剂-251217-Side-24h-750X-1.mp4,0.0,5.0
02 low viscosity,pH 1.2,4.166666666666667,1,2.206714734767089,0.0,02-pH1.2T-亲水凝胶空白制剂-251217-Side-24h-750X-1.mp4,0.0,5.0
02 low viscosity,pH 1.2,4.333333333333333,1,2.2282929904633364,0.0,02-pH1.2T-亲水凝胶空白制剂-251217-Side-24h-750X-1.mp4,0.0,5.0
02 low viscosity,pH 1.2,4.500000000000001,1,2.254087268465077,0.0,02-pH1.2T-亲水凝胶空白制剂-251217-Side-24h-750X-1.mp4,0.0,5.0
02 low viscosity,pH 1.2,4.666666666666667,1,2.2734696052140864,0.0,02-pH1.2T-亲水凝胶空白制剂-251217-Side-24h-750X-1.mp4,0.0,5.0
02 low viscosity,pH 1.2,4.833333333333333,1,2.286298815464668,0.0,02-pH1.2T-亲水凝胶空白制剂-251217-Side-24h-750X-1.mp4,0.0,5.0
02 low viscosity,pH 1.2,5.0,1,2.2824894777033866,0.0,02-pH1.2T-亲水凝胶空白制剂-251217-Side-24h-750X-1.mp4,0.0,5.0
02 low viscosity,pH 1.2,5.166666666666667,1,2.293925482604912,0.0,02-pH1.2T-亲水凝胶空白制剂-251217-Side-24h-750X-1.mp4,0.0,5.0
02 low viscosity,pH 1.2,5.333333333333333,1,2.3037676037578363,0.0,02-pH1.2T-亲水凝胶空白制剂-251217-Side-24h-750X-1.mp4,0.0,5.0
02 low viscosity,pH 1.2,5.5,1,2.3170612157914365,0.0,02-pH1.2T-亲水凝胶空白制剂-251217-Side-24h-750X-1.mp4,0.0,5.0
02 low viscosity,pH 1.2,5.666666666666667,1,2.3372933278871937,0.0,02-pH1.2T-亲水凝胶空白制剂-251217-Side-24h-750X-1.mp4,0.0,5.0
02 low viscosity,pH 1.2,5.833333333333333,1,2.3475900832904157,0.0,02-pH1.2T-亲水凝胶空白制剂-251217-Side-24h-750X-1.mp4,0.0,5.0
02 low viscosity,pH 1.2,6.0,1,2.3537294215844717,0.0,02-pH1.2T-亲水凝胶空白制剂-251217-Side-24h-750X-1.mp4,0.0,5.0
02 low viscosity,pH 1.2,6.166666666666667,1,2.370971780710011,0.0,02-pH1.2T-亲水凝胶空白制剂-251217-Side-24h-750X-1.mp4,0.0,5.0
02 low viscosity,pH 1.2,6.333333333333333,1,2.3821085439272585,0.0,02-pH1.2T-亲水凝胶空白制剂-251217-Side-24h-750X-1.mp4,0.0,5.0
02 low viscosity,pH 1.2,6.5,1,2.388616384592161,0.0,02-pH1.2T-亲水凝胶空白制剂-251217-Side-24h-750X-1.mp4,0.0,5.0
02 low viscosity,pH 1.2,6.666666666666667,1,2.3787707116091568,0.0,02-pH1.2T-亲水凝胶空白制剂-251217-Side-24h-750X-1.mp4,0.0,5.0
02 low viscosity,pH 1.2,6.833333333333332,1,2.3787680477365964,0.0,02-pH1.2T-亲水凝胶空白制剂-251217-Side-24h-750X-1.mp4,0.0,5.0
02 low viscosity,pH 1.2,7.0,1,2.3787449608410736,0.0,02-pH1.2T-亲水凝胶空白制剂-251217-Side-24h-750X-1.mp4,0.0,5.0
02 low viscosity,pH 1.2,7.166666666666667,1,2.3766973307996944,0.0,02-pH1.2T-亲水凝胶空白制剂-251217-Side-24h-750X-1.mp4,0.0,5.0
02 low viscosity,pH 1.2,7.333333333333334,1,2.370939814239287,0.0,02-pH1.2T-亲水凝胶空白制剂-251217-Side-24h-750X-1.mp4,0.0,5.0
02 low viscosity,pH 1.2,7.5,1,2.3761219343266617,0.0,02-pH1.2T-亲水凝胶空白制剂-251217-Side-24h-750X-1.mp4,0.0,5.0
02 low viscosity,pH 1.2,7.666666666666666,1,2.36171038377524,0.0,02-pH1.2T-亲水凝胶空白制剂-251217-Side-24h-750X-1.mp4,0.0,5.0
02 low viscosity,pH 1.2,7.833333333333333,1,2.359464739206876,0.0,02-pH1.2T-亲水凝胶空白制剂-251217-Side-24h-750X-1.mp4,0.0,5.0
02 low viscosity,pH 1.2,8.0,1,2.349613738478751,0.0,02-pH1.2T-亲水凝胶空白制剂-251217-Side-24h-750X-1.mp4,0.0,5.0
02 low viscosity,pH 1.2,8.166666666666668,1,2.3198005647409827,0.0,02-pH1.2T-亲水凝胶空白制剂-251217-Side-24h-750X-1.mp4,0.0,5.0
02 low viscosity,pH 1.2,8.333333333333334,1,2.302482729226234,0.0,02-pH1.2T-亲水凝胶空白制剂-251217-Side-24h-750X-1.mp4,0.0,5.0
02 low viscosity,pH 1.2,8.499999999999998,1,2.26946314088334,0.0,02-pH1.2T-亲水凝胶空白制剂-251217-Side-24h-750X-1.mp4,0.0,5.0
02 low viscosity,pH 1.2,8.666666666666666,1,2.248606794650944,0.0,02-pH1.2T-亲水凝胶空白制剂-251217-Side-24h-750X-1.mp4,0.0,5.0
02 low viscosity,pH 1.2,8.833333333333334,1,2.231106927844572,0.0,02-pH1.2T-亲水凝胶空白制剂-251217-Side-24h-750X-1.mp4,0.0,5.0
02 low viscosity,pH 1.2,9.000000000000002,1,2.1981938944040915,0.0,02-pH1.2T-亲水凝胶空白制剂-251217-Side-24h-750X-1.mp4,0.0,5.0
02 low viscosity,pH 1.2,9.166666666666666,1,2.181954927276279,0.0,02-pH1.2T-亲水凝胶空白制剂-251217-Side-24h-750X-1.mp4,0.0,5.0
02 low viscosity,pH 1.2,9.333333333333334,1,2.146162247598075,0.0,02-pH1.2T-亲水凝胶空白制剂-251217-Side-24h-750X-1.mp4,0.0,5.0
02 low viscosity,pH 1.2,9.5,1,2.1102789962528195,0.0,02-pH1.2T-亲水凝胶空白制剂-251217-Side-24h-750X-1.mp4,0.0,5.0
02 low viscosity,pH 1.2,9.666666666666666,1,2.0742279209362624,0.0,02-pH1.2T-亲水凝胶空白制剂-251217-Side-24h-750X-1.mp4,0.0,5.0
02 low viscosity,pH 1.2,9.833333333333334,1,2.0348914027952905,0.0,02-pH1.2T-亲水凝胶空白制剂-251217-Side-24h-750X-1.mp4,0.0,5.0
02 low viscosity,pH 1.2,10.0,1,1.988226571240832,0.0,02-pH1.2T-亲水凝胶空白制剂-251217-Side-24h-750X-1.mp4,0.0,5.0
02 low viscosity,pH 1.2,10.166666666666666,1,1.9472642028805345,0.0,02-pH1.2T-亲水凝胶空白制剂-251217-Side-24h-750X-1.mp4,0.0,5.0
02 low viscosity,pH 1.2,10.333333333333334,1,1.904240885116056,0.0,02-pH1.2T-亲水凝胶空白制剂-251217-Side-24h-750X-1.mp4,0.0,5.0
02 low viscosity,pH 1.2,10.5,1,1.8629703954962795,0.0,02-pH1.2T-亲水凝胶空白制剂-251217-Side-24h-750X-1.mp4,0.0,5.0
02 low viscosity,pH 1.2,10.666666666666666,1,1.8319176330604343,0.0,02-pH1.2T-亲水凝胶空白制剂-251217-Side-24h-750X-1.mp4,0.0,5.0
02 low viscosity,pH 1.2,10.833333333333334,1,1.7868697721501003,0.0,02-pH1.2T-亲水凝胶空白制剂-251217-Side-24h-750X-1.mp4,0.0,5.0
02 low viscosity,pH 1.2,11.0,1,1.7572741480047596,0.0,02-pH1.2T-亲水凝胶空白制剂-251217-Side-24h-750X-1.mp4,0.0,5.0
02 low viscosity,pH 1.2,11.166666666666666,1,1.714249054325241,0.0,02-pH1.2T-亲水凝胶空白制剂-251217-Side-24h-750X-1.mp4,0.0,5.0
02 low viscosity,pH 1.2,11.333333333333334,1,1.686954128114511,0.0,02-pH1.2T-亲水凝胶空白制剂-251217-Side-24h-750X-1.mp4,0.0,5.0
02 low viscosity,pH 1.2,11.5,1,1.656288515157435,0.0,02-pH1.2T-亲水凝胶空白制剂-251217-Side-24h-750X-1.mp4,0.0,5.0
02 low viscosity,pH 1.2,11.666666666666666,1,1.6067058551918876,0.0,02-pH1.2T-亲水凝胶空白制剂-251217-Side-24h-750X-1.mp4,0.0,5.0
02 low viscosity,pH 1.2,11.833333333333334,1,1.571938766449413,0.0,02-pH1.2T-亲水凝胶空白制剂-251217-Side-24h-750X-1.mp4,0.0,5.0
02 low viscosity,pH 1.2,12.0,1,1.5368537889147382,0.0,02-pH1.2T-亲水凝胶空白制剂-251217-Side-24h-750X-1.mp4,0.0,5.0
02 low viscosity,pH 1.2,12.166666666666666,1,1.5054991209220552,0.0,02-pH1.2T-亲水凝胶空白制剂-251217-Side-24h-750X-1.mp4,0.0,5.0
02 low viscosity,pH 1.2,12.333333333333334,1,1.4818883304622708,0.0,02-pH1.2T-亲水凝胶空白制剂-251217-Side-24h-750X-1.mp4,0.0,5.0
02 low viscosity,pH 1.2,12.5,1,1.4492097178071002,0.0,02-pH1.2T-亲水凝胶空白制剂-251217-Side-24h-750X-1.mp4,0.0,5.0
02 low viscosity,pH 1.2,12.666666666666666,1,1.417253014615781,0.0,02-pH1.2T-亲水凝胶空白制剂-251217-Side-24h-750X-1.mp4,0.0,5.0
02 low viscosity,pH 1.2,12.833333333333334,1,1.3772505283347245,0.0,02-pH1.2T-亲水凝胶空白制剂-251217-Side-24h-750X-1.mp4,0.0,5.0
02 low viscosity,pH 1.2,13.0,1,1.3531851036246425,0.0,02-pH1.2T-亲水凝胶空白制剂-251217-Side-24h-750X-1.mp4,0.0,5.0
02 low viscosity,pH 1.2,13.166666666666666,1,1.32175762311531,0.0,02-pH1.2T-亲水凝胶空白制剂-251217-Side-24h-750X-1.mp4,0.0,5.0
02 low viscosity,pH 1.2,13.333333333333334,1,1.3019890248450514,0.0,02-pH1.2T-亲水凝胶空白制剂-251217-Side-24h-750X-1.mp4,0.0,5.0
02 low viscosity,pH 1.2,13.5,1,1.2769992363565328,0.0,02-pH1.2T-亲水凝胶空白制剂-251217-Side-24h-750X-1.mp4,0.0,5.0
02 low viscosity,pH 1.2,13.666666666666664,1,1.247213589301888,0.0,02-pH1.2T-亲水凝胶空白制剂-251217-Side-24h-750X-1.mp4,0.0,5.0
02 low viscosity,pH 1.2,13.833333333333336,1,1.2300502583956383,0.0,02-pH1.2T-亲水凝胶空白制剂-251217-Side-24h-750X-1.mp4,0.0,5.0
02 low viscosity,pH 1.2,14.0,1,1.196804240885116,0.0,02-pH1.2T-亲水凝胶空白制剂-251217-Side-24h-750X-1.mp4,0.0,5.0
02 low viscosity,pH 1.2,14.166666666666666,1,1.1851382549858815,0.0,02-pH1.2T-亲水凝胶空白制剂-251217-Side-24h-750X-1.mp4,0.0,5.0
02 low viscosity,pH 1.2,14.333333333333334,1,1.1423076240032677,0.0,02-pH1.2T-亲水凝胶空白制剂-251217-Side-24h-750X-1.mp4,0.0,5.0
02 low viscosity,pH 1.2,14.499999999999998,1,1.1141424994228275,0.0,02-pH1.2T-亲水凝胶空白制剂-251217-Side-24h-750X-1.mp4,0.0,5.0
02 low viscosity,pH 1.2,14.666666666666668,1,1.0926166332202667,0.0,02-pH1.2T-亲水凝胶空白制剂-251217-Side-24h-750X-1.mp4,0.0,5.0
02 low viscosity,pH 1.2,14.833333333333334,1,1.0720906071853522,0.0,02-pH1.2T-亲水凝胶空白制剂-251217-Side-24h-750X-1.mp4,0.0,5.0
02 low viscosity,pH 1.2,15.0,1,1.0429682643982312,0.0,02-pH1.2T-亲水凝胶空白制剂-251217-Side-24h-750X-1.mp4,0.0,5.0
02 low viscosity,pH 1.2,15.166666666666666,1,1.02832318101902,0.0,02-pH1.2T-亲水凝胶空白制剂-251217-Side-24h-750X-1.mp4,0.0,5.0
02 low viscosity,pH 1.2,15.333333333333332,1,1.0119980820117565,0.0,02-pH1.2T-亲水凝胶空白制剂-251217-Side-24h-750X-1.mp4,0.0,5.0
02 low viscosity,pH 1.2,15.500000000000002,1,0.9892299632385588,0.0,02-pH1.2T-亲水凝胶空白制剂-251217-Side-24h-750X-1.mp4,0.0,5.0
02 low viscosity,pH 1.2,15.666666666666666,1,0.985648830559946,0.0,02-pH1.2T-亲水凝胶空白制剂-251217-Side-24h-750X-1.mp4,0.0,5.0
02 low viscosity,pH 1.2,15.833333333333334,1,0.9607167593102346,0.0,02-pH1.2T-亲水凝胶空白制剂-251217-Side-24h-750X-1.mp4,0.0,5.0
02 low viscosity,pH 1.2,16.0,1,0.9611163401942852,0.0,02-pH1.2T-亲水凝胶空白制剂-251217-Side-24h-750X-1.mp4,0.0,5.0
02 low viscosity,pH 1.2,16.166666666666664,1,0.9880170132660854,0.0,02-pH1.2T-亲水凝胶空白制剂-251217-Side-24h-750X-1.mp4,0.0,5.0
02 low viscosity,pH 1.2,16.333333333333336,1,0.9679793638672326,0.0,02-pH1.2T-亲水凝胶空白制剂-251217-Side-24h-750X-1.mp4,0.0,5.0
02 low viscosity,pH 1.2,16.5,1,0.9334822142108722,0.0,02-pH1.2T-亲水凝胶空白制剂-251217-Side-24h-750X-1.mp4,0.0,5.0
02 low viscosity,pH 1.2,16.666666666666668,1,0.9065406950931468,0.0,02-pH1.2T-亲水凝胶空白制剂-251217-Side-24h-750X-1.mp4,0.0,5.0
02 low viscosity,pH 1.2,16.833333333333332,1,0.877128878154469,0.0,02-pH1.2T-亲水凝胶空白制剂-251217-Side-24h-750X-1.mp4,0.0,5.0
02 low viscosity,pH 1.2,16.999999999999996,1,0.7837317302740237,0.0,02-pH1.2T-亲水凝胶空白制剂-251217-Side-24h-750X-1.mp4,0.0,5.0
02 low viscosity,pH 1.2,17.166666666666668,1,0.7099247012022945,0.0,02-pH1.2T-亲水凝胶空白制剂-251217-Side-24h-750X-1.mp4,0.0,5.0
02 low viscosity,pH 1.2,17.333333333333332,1,0.6665932621783374,0.0,02-pH1.2T-亲水凝胶空白制剂-251217-Side-24h-750X-1.mp4,0.0,5.0
02 low viscosity,pH 1.2,17.5,1,0.6306762684473175,0.0,02-pH1.2T-亲水凝胶空白制剂-251217-Side-24h-750X-1.mp4,0.0,5.0
02 low viscosity,pH 1.2,17.666666666666668,1,0.6083991901827417,0.0,02-pH1.2T-亲水凝胶空白制剂-251217-Side-24h-750X-1.mp4,0.0,5.0
02 low viscosity,pH 1.2,17.833333333333332,1,0.6020103358255341,0.0,02-pH1.2T-亲水凝胶空白制剂-251217-Side-24h-750X-1.mp4,0.0,5.0
02 low viscosity,pH 1.2,18.000000000000004,1,0.5881200163384184,0.0,02-pH1.2T-亲水凝胶空白制剂-251217-Side-24h-750X-1.mp4,0.0,5.0
02 low viscosity,pH 1.2,18.166666666666668,1,0.5581993997407164,0.0,02-pH1.2T-亲水凝胶空白制剂-251217-Side-24h-750X-1.mp4,0.0,5.0
02 low viscosity,pH 1.2,18.33333333333333,1,0.544406755580813,0.0,02-pH1.2T-亲水凝胶空白制剂-251217-Side-24h-750X-1.mp4,0.0,5.0
02 low viscosity,pH 1.2,18.5,1,0.5174821076559697,0.0,02-pH1.2T-亲水凝胶空白制剂-251217-Side-24h-750X-1.mp4,0.0,5.0
02 low viscosity,pH 1.2,18.666666666666668,1,0.5247500399580884,0.0,02-pH1.2T-亲水凝胶空白制剂-251217-Side-24h-750X-1.mp4,0.0,5.0
02 low viscosity,pH 1.2,18.83333333333333,1,0.4931156653465698,0.0,02-pH1.2T-亲水凝胶空白制剂-251217-Side-24h-750X-1.mp4,0.0,5.0
02 low viscosity,pH 1.2,19.0,1,0.480466710472571,0.0,02-pH1.2T-亲水凝胶空白制剂-251217-Side-24h-750X-1.mp4,0.0,5.0
02 low viscosity,pH 1.2,19.166666666666668,1,0.5136718819371682,0.0,02-pH1.2T-亲水凝胶空白制剂-251217-Side-24h-750X-1.mp4,0.0,5.0
02 low viscosity,pH 1.2,19.33333333333333,1,0.5268340762577918,0.0,02-pH1.2T-亲水凝胶空白制剂-251217-Side-24h-750X-1.mp4,0.0,5.0
02 low viscosity,pH 1.2,19.5,1,0.4703919444493775,0.0,02-pH1.2T-亲水凝胶空白制剂-251217-Side-24h-750X-1.mp4,0.0,5.0
02 low viscosity,pH 1.2,19.666666666666668,1,0.4333188300271715,0.0,02-pH1.2T-亲水凝胶空白制剂-251217-Side-24h-750X-1.mp4,0.0,5.0
02 low viscosity,pH 1.2,19.83333333333333,1,0.4051989912802571,0.0,02-pH1.2T-亲水凝胶空白制剂-251217-Side-24h-750X-1.mp4,0.0,5.0
02 low viscosity,pH 1.2,20.0,1,0.3880631870571311,0.0,02-pH1.2T-亲水凝胶空白制剂-251217-Side-24h-750X-1.mp4,0.0,5.0
02 low viscosity,pH 1.2,20.166666666666668,1,0.3754062405654513,0.0,02-pH1.2T-亲水凝胶空白制剂-251217-Side-24h-750X-1.mp4,0.0,5.0
02 low viscosity,pH 1.2,20.33333333333333,1,0.367223712017617,0.0,02-pH1.2T-亲水凝胶空白制剂-251217-Side-24h-750X-1.mp4,0.0,5.0
02 low viscosity,pH 1.2,20.5,1,0.3558818306132235,0.0,02-pH1.2T-亲水凝胶空白制剂-251217-Side-24h-750X-1.mp4,0.0,5.0
02 low viscosity,pH 1.2,20.666666666666668,1,0.3432728338276297,0.0,02-pH1.2T-亲水凝胶空白制剂-251217-Side-24h-750X-1.mp4,0.0,5.0
02 low viscosity,pH 1.2,20.83333333333333,1,0.3217931414161146,0.0,02-pH1.2T-亲水凝胶空白制剂-251217-Side-24h-750X-1.mp4,0.0,5.0
02 low viscosity,pH 1.2,21.0,1,0.3138539132287911,0.0,02-pH1.2T-亲水凝胶空白制剂-251217-Side-24h-750X-1.mp4,0.0,5.0
02 low viscosity,pH 1.2,21.166666666666668,1,0.3135058338809071,0.0,02-pH1.2T-亲水凝胶空白制剂-251217-Side-24h-750X-1.mp4,0.0,5.0
02 low viscosity,pH 1.2,21.33333333333333,1,0.335980926672468,0.0,02-pH1.2T-亲水凝胶空白制剂-251217-Side-24h-750X-1.mp4,0.0,5.0
02 low viscosity,pH 1.2,21.5,1,0.3259221438846366,0.0,02-pH1.2T-亲水凝胶空白制剂-251217-Side-24h-750X-1.mp4,0.0,5.0
02 low viscosity,pH 1.2,21.666666666666668,1,0.3142623736880428,0.0,02-pH1.2T-亲水凝胶空白制剂-251217-Side-24h-750X-1.mp4,0.0,5.0
02 low viscosity,pH 1.2,21.83333333333333,1,0.3260242589994495,0.0,02-pH1.2T-亲水凝胶空白制剂-251217-Side-24h-750X-1.mp4,0.0,5.0
02 low viscosity,pH 1.2,22.0,1,0.3447175407128523,0.0,02-pH1.2T-亲水凝胶空白制剂-251217-Side-24h-750X-1.mp4,0.0,5.0
02 low viscosity,pH 1.2,22.166666666666668,1,0.3834875419559928,0.0,02-pH1.2T-亲水凝胶空白制剂-251217-Side-24h-750X-1.mp4,0.0,5.0
02 low viscosity,pH 1.2,22.33333333333333,1,0.354945035429505,0.0,02-pH1.2T-亲水凝胶空白制剂-251217-Side-24h-750X-1.mp4,0.0,5.0
02 low viscosity,pH 1.2,22.5,1,0.3996590243122769,0.0,02-pH1.2T-亲水凝胶空白制剂-251217-Side-24h-750X-1.mp4,0.0,5.0
02 low viscosity,pH 1.2,22.666666666666668,1,0.4203528743184926,0.0,02-pH1.2T-亲水凝胶空白制剂-251217-Side-24h-750X-1.mp4,0.0,5.0
02 low viscosity,pH 1.2,22.83333333333333,1,0.460277220337779,0.0,02-pH1.2T-亲水凝胶空白制剂-251217-Side-24h-750X-1.mp4,0.0,5.0
02 low viscosity,pH 1.2,23.0,1,0.3943232875739225,0.0,02-pH1.2T-亲水凝胶空白制剂-251217-Side-24h-750X-1.mp4,0.0,5.0
02 low viscosity,pH 1.2,23.166666666666668,1,0.3926201850503472,0.0,02-pH1.2T-亲水凝胶空白制剂-251217-Side-24h-750X-1.mp4,0.0,5.0
02 low viscosity,pH 1.2,23.33333333333333,1,0.3747127457422436,0.0,02-pH1.2T-亲水凝胶空白制剂-251217-Side-24h-750X-1.mp4,0.0,5.0
02 low viscosity,pH 1.2,23.5,1,0.3950762755509776,0.0,02-pH1.2T-亲水凝胶空白制剂-251217-Side-24h-750X-1.mp4,0.0,5.0
02 low viscosity,pH 1.2,23.666666666666668,1,0.3850530110639507,0.0,02-pH1.2T-亲水凝胶空白制剂-251217-Side-24h-750X-1.mp4,0.0,5.0
02 low viscosity,pH 1.2,23.83333333333333,1,0.4382958319274005,0.0,02-pH1.2T-亲水凝胶空白制剂-251217-Side-24h-750X-1.mp4,0.0,5.0
02 low viscosity,pH 1.2,23.991666666666667,1,0.3950372054200927,0.0,02-pH1.2T-亲水凝胶空白制剂-251217-Side-24h-750X-1.mp4,0.0,5.0
02 low viscosity,pH 4.5,0.0,1,1.0,0.0,02-pH4.5T-亲水凝胶空白制剂-251217-Side-24h-750X-1.mp4,0.0,5.0
02 low viscosity,pH 4.5,0.1666666666666666,1,1.1970563669458558,0.0,02-pH4.5T-亲水凝胶空白制剂-251217-Side-24h-750X-1.mp4,0.0,5.0
02 low viscosity,pH 4.5,0.3333333333333333,1,1.429164462103137,0.0,02-pH4.5T-亲水凝胶空白制剂-251217-Side-24h-750X-1.mp4,0.0,5.0
02 low viscosity,pH 4.5,0.5,1,1.5100711117322712,0.0,02-pH4.5T-亲水凝胶空白制剂-251217-Side-24h-750X-1.mp4,0.0,5.0
02 low viscosity,pH 4.5,0.6666666666666666,1,1.5848249493366344,0.0,02-pH4.5T-亲水凝胶空白制剂-251217-Side-24h-750X-1.mp4,0.0,5.0
02 low viscosity,pH 4.5,0.8333333333333334,1,1.6763917035203135,0.0,02-pH4.5T-亲水凝胶空白制剂-251217-Side-24h-750X-1.mp4,0.0,5.0
02 low viscosity,pH 4.5,1.0,1,1.7396086026228483,0.0,02-pH4.5T-亲水凝胶空白制剂-251217-Side-24h-750X-1.mp4,0.0,5.0
02 low viscosity,pH 4.5,1.1666666666666667,1,1.7990186780605164,0.0,02-pH4.5T-亲水凝胶空白制剂-251217-Side-24h-750X-1.mp4,0.0,5.0
02 low viscosity,pH 4.5,1.3333333333333333,1,1.853255932355672,0.0,02-pH4.5T-亲水凝胶空白制剂-251217-Side-24h-750X-1.mp4,0.0,5.0
02 low viscosity,pH 4.5,1.5,1,1.8877585994615875,0.0,02-pH4.5T-亲水凝胶空白制剂-251217-Side-24h-750X-1.mp4,0.0,5.0
02 low viscosity,pH 4.5,1.6666666666666667,1,1.9303574221414717,0.0,02-pH4.5T-亲水凝胶空白制剂-251217-Side-24h-750X-1.mp4,0.0,5.0
02 low viscosity,pH 4.5,1.8333333333333333,1,1.951248365295345,0.0,02-pH4.5T-亲水凝胶空白制剂-251217-Side-24h-750X-1.mp4,0.0,5.0
02 low viscosity,pH 4.5,2.0,1,1.9912732560654611,0.0,02-pH4.5T-亲水凝胶空白制剂-251217-Side-24h-750X-1.mp4,0.0,5.0
02 low viscosity,pH 4.5,2.1666666666666665,1,2.034763887086416,0.0,02-pH4.5T-亲水凝胶空白制剂-251217-Side-24h-750X-1.mp4,0.0,5.0
02 low viscosity,pH 4.5,2.333333333333333,1,2.086821535174851,0.0,02-pH4.5T-亲水凝胶空白制剂-251217-Side-24h-750X-1.mp4,0.0,5.0
02 low viscosity,pH 4.5,2.5,1,2.123051249030824,0.0,02-pH4.5T-亲水凝胶空白制剂-251217-Side-24h-750X-1.mp4,0.0,5.0
02 low viscosity,pH 4.5,2.6666666666666665,1,2.149512666673322,0.0,02-pH4.5T-亲水凝胶空白制剂-251217-Side-24h-750X-1.mp4,0.0,5.0
02 low viscosity,pH 4.5,2.833333333333333,1,2.1735066369840905,0.0,02-pH4.5T-亲水凝胶空白制剂-251217-Side-24h-750X-1.mp4,0.0,5.0
02 low viscosity,pH 4.5,3.0,1,2.2318951260012048,0.0,02-pH4.5T-亲水凝胶空白制剂-251217-Side-24h-750X-1.mp4,0.0,5.0
02 low viscosity,pH 4.5,3.1666666666666665,1,2.258825741315684,0.0,02-pH4.5T-亲水凝胶空白制剂-251217-Side-24h-750X-1.mp4,0.0,5.0
02 low viscosity,pH 4.5,3.333333333333333,1,2.351280976197369,0.0,02-pH4.5T-亲水凝胶空白制剂-251217-Side-24h-750X-1.mp4,0.0,5.0
02 low viscosity,pH 4.5,3.5,1,2.3808637230336127,0.0,02-pH4.5T-亲水凝胶空白制剂-251217-Side-24h-750X-1.mp4,0.0,5.0
02 low viscosity,pH 4.5,3.666666666666667,1,2.409251846009989,0.0,02-pH4.5T-亲水凝胶空白制剂-251217-Side-24h-750X-1.mp4,0.0,5.0
02 low viscosity,pH 4.5,3.833333333333333,1,2.4383304549220832,0.0,02-pH4.5T-亲水凝胶空白制剂-251217-Side-24h-750X-1.mp4,0.0,5.0
02 low viscosity,pH 4.5,4.0,1,2.453542775187762,0.0,02-pH4.5T-亲水凝胶空白制剂-251217-Side-24h-750X-1.mp4,0.0,5.0
02 low viscosity,pH 4.5,4.166666666666667,1,2.473482012425419,0.0,02-pH4.5T-亲水凝胶空白制剂-251217-Side-24h-750X-1.mp4,0.0,5.0
02 low viscosity,pH 4.5,4.333333333333333,1,2.5006056310375926,0.0,02-pH4.5T-亲水凝胶空白制剂-251217-Side-24h-750X-1.mp4,0.0,5.0
02 low viscosity,pH 4.5,4.500000000000001,1,2.575419366217102,0.0,02-pH4.5T-亲水凝胶空白制剂-251217-Side-24h-750X-1.mp4,0.0,5.0
02 low viscosity,pH 4.5,4.666666666666667,1,2.517897728218081,0.0,02-pH4.5T-亲水凝胶空白制剂-251217-Side-24h-750X-1.mp4,0.0,5.0
02 low viscosity,pH 4.5,4.833333333333333,1,2.5998193089816413,0.0,02-pH4.5T-亲水凝胶空白制剂-251217-Side-24h-750X-1.mp4,0.0,5.0
02 low viscosity,pH 4.5,5.0,1,2.687387900024292,0.0,02-pH4.5T-亲水凝胶空白制剂-251217-Side-24h-750X-1.mp4,0.0,5.0
02 low viscosity,pH 4.5,5.166666666666667,1,2.538933423845225,0.0,02-pH4.5T-亲水凝胶空白制剂-251217-Side-24h-750X-1.mp4,0.0,5.0
02 low viscosity,pH 4.5,5.333333333333333,1,2.7233164621830004,0.0,02-pH4.5T-亲水凝胶空白制剂-251217-Side-24h-750X-1.mp4,0.0,5.0
02 low viscosity,pH 4.5,5.5,1,2.6301241543627065,0.0,02-pH4.5T-亲水凝胶空白制剂-251217-Side-24h-750X-1.mp4,0.0,5.0
02 low viscosity,pH 4.5,5.666666666666667,1,2.802988556235504,0.0,02-pH4.5T-亲水凝胶空白制剂-251217-Side-24h-750X-1.mp4,0.0,5.0
02 low viscosity,pH 4.5,5.833333333333333,1,2.819019476694852,0.0,02-pH4.5T-亲水凝胶空白制剂-251217-Side-24h-750X-1.mp4,0.0,5.0
02 low viscosity,pH 4.5,6.0,1,2.882161503828453,0.0,02-pH4.5T-亲水凝胶空白制剂-251217-Side-24h-750X-1.mp4,0.0,5.0
02 low viscosity,pH 4.5,6.166666666666667,1,2.8996782169157407,0.0,02-pH4.5T-亲水凝胶空白制剂-251217-Side-24h-750X-1.mp4,0.0,5.0
02 low viscosity,pH 4.5,6.333333333333333,1,2.871666117605561,0.0,02-pH4.5T-亲水凝胶空白制剂-251217-Side-24h-750X-1.mp4,0.0,5.0
02 low viscosity,pH 4.5,6.5,1,2.922311181213458,0.0,02-pH4.5T-亲水凝胶空白制剂-251217-Side-24h-750X-1.mp4,0.0,5.0
02 low viscosity,pH 4.5,6.666666666666667,1,2.9367065651070003,0.0,02-pH4.5T-亲水凝胶空白制剂-251217-Side-24h-750X-1.mp4,0.0,5.0
02 low viscosity,pH 4.5,6.833333333333332,1,2.799456263123392,0.0,02-pH4.5T-亲水凝胶空白制剂-251217-Side-24h-750X-1.mp4,0.0,5.0
02 low viscosity,pH 4.5,7.0,1,2.9636255336707564,0.0,02-pH4.5T-亲水凝胶空白制剂-251217-Side-24h-750X-1.mp4,0.0,5.0
02 low viscosity,pH 4.5,7.166666666666667,1,2.9731409290113904,0.0,02-pH4.5T-亲水凝胶空白制剂-251217-Side-24h-750X-1.mp4,0.0,5.0
02 low viscosity,pH 4.5,7.333333333333334,1,2.984187040161324,0.0,02-pH4.5T-亲水凝胶空白制剂-251217-Side-24h-750X-1.mp4,0.0,5.0
02 low viscosity,pH 4.5,7.5,1,3.002818513674949,0.0,02-pH4.5T-亲水凝胶空白制剂-251217-Side-24h-750X-1.mp4,0.0,5.0
02 low viscosity,pH 4.5,7.666666666666666,1,3.008004645389717,0.0,02-pH4.5T-亲水凝胶空白制剂-251217-Side-24h-750X-1.mp4,0.0,5.0
02 low viscosity,pH 4.5,7.833333333333333,1,3.0129095912656023,0.0,02-pH4.5T-亲水凝胶空白制剂-251217-Side-24h-750X-1.mp4,0.0,5.0
02 low viscosity,pH 4.5,8.0,1,3.0171989231747047,0.0,02-pH4.5T-亲水凝胶空白制剂-251217-Side-24h-750X-1.mp4,0.0,5.0
02 low viscosity,pH 4.5,8.166666666666668,1,3.030774043053046,0.0,02-pH4.5T-亲水凝胶空白制剂-251217-Side-24h-750X-1.mp4,0.0,5.0
02 low viscosity,pH 4.5,8.333333333333334,1,3.038339439558355,0.0,02-pH4.5T-亲水凝胶空白制剂-251217-Side-24h-750X-1.mp4,0.0,5.0
02 low viscosity,pH 4.5,8.499999999999998,1,3.039861836259996,0.0,02-pH4.5T-亲水凝胶空白制剂-251217-Side-24h-750X-1.mp4,0.0,5.0
02 low viscosity,pH 4.5,8.666666666666666,1,3.0405123904789475,0.0,02-pH4.5T-亲水凝胶空白制剂-251217-Side-24h-750X-1.mp4,0.0,5.0
02 low viscosity,pH 4.5,8.833333333333334,1,3.0473556884394357,0.0,02-pH4.5T-亲水凝胶空白制剂-251217-Side-24h-750X-1.mp4,0.0,5.0
02 low viscosity,pH 4.5,9.000000000000002,1,3.0480395190890244,0.0,02-pH4.5T-亲水凝胶空白制剂-251217-Side-24h-750X-1.mp4,0.0,5.0
02 low viscosity,pH 4.5,9.166666666666666,1,3.044028045375741,0.0,02-pH4.5T-亲水凝胶空白制剂-251217-Side-24h-750X-1.mp4,0.0,5.0
02 low viscosity,pH 4.5,9.333333333333334,1,3.057822789696286,0.0,02-pH4.5T-亲水凝胶空白制剂-251217-Side-24h-750X-1.mp4,0.0,5.0
02 low viscosity,pH 4.5,9.5,1,3.057593182324891,0.0,02-pH4.5T-亲水凝胶空白制剂-251217-Side-24h-750X-1.mp4,0.0,5.0
02 low viscosity,pH 4.5,9.666666666666666,1,3.038252920838699,0.0,02-pH4.5T-亲水凝胶空白制剂-251217-Side-24h-750X-1.mp4,0.0,5.0
02 low viscosity,pH 4.5,9.833333333333334,1,3.023343416091816,0.0,02-pH4.5T-亲水凝胶空白制剂-251217-Side-24h-750X-1.mp4,0.0,5.0
02 low viscosity,pH 4.5,10.0,1,3.022065601155357,0.0,02-pH4.5T-亲水凝胶空白制剂-251217-Side-24h-750X-1.mp4,0.0,5.0
02 low viscosity,pH 4.5,10.166666666666666,1,3.011641759258335,0.0,02-pH4.5T-亲水凝胶空白制剂-251217-Side-24h-750X-1.mp4,0.0,5.0
02 low viscosity,pH 4.5,10.333333333333334,1,2.9979917674110603,0.0,02-pH4.5T-亲水凝胶空白制剂-251217-Side-24h-750X-1.mp4,0.0,5.0
02 low viscosity,pH 4.5,10.5,1,2.9804600799299865,0.0,02-pH4.5T-亲水凝胶空白制剂-251217-Side-24h-750X-1.mp4,0.0,5.0
02 low viscosity,pH 4.5,10.666666666666666,1,2.960790381780489,0.0,02-pH4.5T-亲水凝胶空白制剂-251217-Side-24h-750X-1.mp4,0.0,5.0
02 low viscosity,pH 4.5,10.833333333333334,1,2.9360726491033664,0.0,02-pH4.5T-亲水凝胶空白制剂-251217-Side-24h-750X-1.mp4,0.0,5.0
02 low viscosity,pH 4.5,11.0,1,2.923164721659296,0.0,02-pH4.5T-亲水凝胶空白制剂-251217-Side-24h-750X-1.mp4,0.0,5.0
02 low viscosity,pH 4.5,11.166666666666666,1,2.9080555583285914,0.0,02-pH4.5T-亲水凝胶空白制剂-251217-Side-24h-750X-1.mp4,0.0,5.0
02 low viscosity,pH 4.5,11.333333333333334,1,2.9023403313666964,0.0,02-pH4.5T-亲水凝胶空白制剂-251217-Side-24h-750X-1.mp4,0.0,5.0
02 low viscosity,pH 4.5,11.5,1,2.890375790731183,0.0,02-pH4.5T-亲水凝胶空白制剂-251217-Side-24h-750X-1.mp4,0.0,5.0
02 low viscosity,pH 4.5,11.666666666666666,1,2.8753165420464337,0.0,02-pH4.5T-亲水凝胶空白制剂-251217-Side-24h-750X-1.mp4,0.0,5.0
02 low viscosity,pH 4.5,11.833333333333334,1,2.843890280952904,0.0,02-pH4.5T-亲水凝胶空白制剂-251217-Side-24h-750X-1.mp4,0.0,5.0
02 low viscosity,pH 4.5,12.0,1,2.821165806470934,0.0,02-pH4.5T-亲水凝胶空白制剂-251217-Side-24h-750X-1.mp4,0.0,5.0
02 low viscosity,pH 4.5,12.166666666666666,1,2.8007723459550835,0.0,02-pH4.5T-亲水凝胶空白制剂-251217-Side-24h-750X-1.mp4,0.0,5.0
02 low viscosity,pH 4.5,12.333333333333334,1,2.775404059059009,0.0,02-pH4.5T-亲水凝胶空白制剂-251217-Side-24h-750X-1.mp4,0.0,5.0
02 low viscosity,pH 4.5,12.5,1,2.7710515019316966,0.0,02-pH4.5T-亲水凝胶空白制剂-251217-Side-24h-750X-1.mp4,0.0,5.0
02 low viscosity,pH 4.5,12.666666666666666,1,2.751015763045193,0.0,02-pH4.5T-亲水凝胶空白制剂-251217-Side-24h-750X-1.mp4,0.0,5.0
02 low viscosity,pH 4.5,12.833333333333334,1,2.73495322997674,0.0,02-pH4.5T-亲水凝胶空白制剂-251217-Side-24h-750X-1.mp4,0.0,5.0
02 low viscosity,pH 4.5,13.0,1,2.712217108744048,0.0,02-pH4.5T-亲水凝胶空白制剂-251217-Side-24h-750X-1.mp4,0.0,5.0
02 low viscosity,pH 4.5,13.166666666666666,1,2.6958950195166267,0.0,02-pH4.5T-亲水凝胶空白制剂-251217-Side-24h-750X-1.mp4,0.0,5.0
02 low viscosity,pH 4.5,13.333333333333334,1,2.6728111595837785,0.0,02-pH4.5T-亲水凝胶空白制剂-251217-Side-24h-750X-1.mp4,0.0,5.0
02 low viscosity,pH 4.5,13.5,1,2.6485243566834047,0.0,02-pH4.5T-亲水凝胶空白制剂-251217-Side-24h-750X-1.mp4,0.0,5.0
02 low viscosity,pH 4.5,13.666666666666664,1,2.631769673857703,0.0,02-pH4.5T-亲水凝胶空白制剂-251217-Side-24h-750X-1.mp4,0.0,5.0
02 low viscosity,pH 4.5,13.833333333333336,1,2.6149051788109,0.0,02-pH4.5T-亲水凝胶空白制剂-251217-Side-24h-750X-1.mp4,0.0,5.0
02 low viscosity,pH 4.5,14.0,1,2.6030504503964886,0.0,02-pH4.5T-亲水凝胶空白制剂-251217-Side-24h-750X-1.mp4,0.0,5.0
02 low viscosity,pH 4.5,14.166666666666666,1,2.5800564368263603,0.0,02-pH4.5T-亲水凝胶空白制剂-251217-Side-24h-750X-1.mp4,0.0,5.0
02 low viscosity,pH 4.5,14.333333333333334,1,2.558791133827821,0.0,02-pH4.5T-亲水凝胶空白制剂-251217-Side-24h-750X-1.mp4,0.0,5.0
02 low viscosity,pH 4.5,14.499999999999998,1,2.5305960141491384,0.0,02-pH4.5T-亲水凝胶空白制剂-251217-Side-24h-750X-1.mp4,0.0,5.0
02 low viscosity,pH 4.5,14.666666666666668,1,2.5239041239480486,0.0,02-pH4.5T-亲水凝胶空白制剂-251217-Side-24h-750X-1.mp4,0.0,5.0
02 low viscosity,pH 4.5,14.833333333333334,1,2.4950551224073503,0.0,02-pH4.5T-亲水凝胶空白制剂-251217-Side-24h-750X-1.mp4,0.0,5.0
02 low viscosity,pH 4.5,15.0,1,2.476007693510763,0.0,02-pH4.5T-亲水凝胶空白制剂-251217-Side-24h-750X-1.mp4,0.0,5.0
02 low viscosity,pH 4.5,15.166666666666666,1,2.4625556964257784,0.0,02-pH4.5T-亲水凝胶空白制剂-251217-Side-24h-750X-1.mp4,0.0,5.0
02 low viscosity,pH 4.5,15.333333333333332,1,2.437591718161943,0.0,02-pH4.5T-亲水凝胶空白制剂-251217-Side-24h-750X-1.mp4,0.0,5.0
02 low viscosity,pH 4.5,15.500000000000002,1,2.4193595618159613,0.0,02-pH4.5T-亲水凝胶空白制剂-251217-Side-24h-750X-1.mp4,0.0,5.0
02 low viscosity,pH 4.5,15.666666666666666,1,2.41432317403906,0.0,02-pH4.5T-亲水凝胶空白制剂-251217-Side-24h-750X-1.mp4,0.0,5.0
02 low viscosity,pH 4.5,15.833333333333334,1,2.3973854708448554,0.0,02-pH4.5T-亲水凝胶空白制剂-251217-Side-24h-750X-1.mp4,0.0,5.0
02 low viscosity,pH 4.5,16.0,1,2.381186504410791,0.0,02-pH4.5T-亲水凝胶空白制剂-251217-Side-24h-750X-1.mp4,0.0,5.0
02 low viscosity,pH 4.5,16.166666666666664,1,2.361406994040191,0.0,02-pH4.5T-亲水凝胶空白制剂-251217-Side-24h-750X-1.mp4,0.0,5.0
02 low viscosity,pH 4.5,16.333333333333336,1,2.360082592100841,0.0,02-pH4.5T-亲水凝胶空白制剂-251217-Side-24h-750X-1.mp4,0.0,5.0
02 low viscosity,pH 4.5,16.5,1,2.34460738803313,0.0,02-pH4.5T-亲水凝胶空白制剂-251217-Side-24h-750X-1.mp4,0.0,5.0
02 low viscosity,pH 4.5,16.666666666666668,1,2.350946548069468,0.0,02-pH4.5T-亲水凝胶空白制剂-251217-Side-24h-750X-1.mp4,0.0,5.0
02 low viscosity,pH 4.5,16.833333333333332,1,2.3483276929783403,0.0,02-pH4.5T-亲水凝胶空白制剂-251217-Side-24h-750X-1.mp4,0.0,5.0
02 low viscosity,pH 4.5,16.999999999999996,1,2.3305996745565083,0.0,02-pH4.5T-亲水凝胶空白制剂-251217-Side-24h-750X-1.mp4,0.0,5.0
02 low viscosity,pH 4.5,17.166666666666668,1,2.287849444117226,0.0,02-pH4.5T-亲水凝胶空白制剂-251217-Side-24h-750X-1.mp4,0.0,5.0
02 low viscosity,pH 4.5,17.333333333333332,1,2.267545829964095,0.0,02-pH4.5T-亲水凝胶空白制剂-251217-Side-24h-750X-1.mp4,0.0,5.0
02 low viscosity,pH 4.5,17.5,1,2.2376985355042875,0.0,02-pH4.5T-亲水凝胶空白制剂-251217-Side-24h-750X-1.mp4,0.0,5.0
02 low viscosity,pH 4.5,17.666666666666668,1,2.221130200690153,0.0,02-pH4.5T-亲水凝胶空白制剂-251217-Side-24h-750X-1.mp4,0.0,5.0
02 low viscosity,pH 4.5,17.833333333333332,1,2.210000898463627,0.0,02-pH4.5T-亲水凝胶空白制剂-251217-Side-24h-750X-1.mp4,0.0,5.0
02 low viscosity,pH 4.5,18.000000000000004,1,2.201879785566681,0.0,02-pH4.5T-亲水凝胶空白制剂-251217-Side-24h-750X-1.mp4,0.0,5.0
02 low viscosity,pH 4.5,18.166666666666668,1,2.1647932036218065,0.0,02-pH4.5T-亲水凝胶空白制剂-251217-Side-24h-750X-1.mp4,0.0,5.0
02 low viscosity,pH 4.5,18.33333333333333,1,2.1570198294250167,0.0,02-pH4.5T-亲水凝胶空白制剂-251217-Side-24h-750X-1.mp4,0.0,5.0
02 low viscosity,pH 4.5,18.5,1,2.141923976666567,0.0,02-pH4.5T-亲水凝胶空白制剂-251217-Side-24h-750X-1.mp4,0.0,5.0
02 low viscosity,pH 4.5,18.666666666666668,1,2.0993068519498324,0.0,02-pH4.5T-亲水凝胶空白制剂-251217-Side-24h-750X-1.mp4,0.0,5.0
02 low viscosity,pH 4.5,18.83333333333333,1,2.079447478145704,0.0,02-pH4.5T-亲水凝胶空白制剂-251217-Side-24h-750X-1.mp4,0.0,5.0
02 low viscosity,pH 4.5,19.0,1,2.0478415243267345,0.0,02-pH4.5T-亲水凝胶空白制剂-251217-Side-24h-750X-1.mp4,0.0,5.0
02 low viscosity,pH 4.5,19.166666666666668,1,1.9778245866235404,0.0,02-pH4.5T-亲水凝胶空白制剂-251217-Side-24h-750X-1.mp4,0.0,5.0
02 low viscosity,pH 4.5,19.33333333333333,1,1.9427528925537327,0.0,02-pH4.5T-亲水凝胶空白制剂-251217-Side-24h-750X-1.mp4,0.0,5.0
02 low viscosity,pH 4.5,19.5,1,1.9214493216599613,0.0,02-pH4.5T-亲水凝胶空白制剂-251217-Side-24h-750X-1.mp4,0.0,5.0
02 low viscosity,pH 4.5,19.666666666666668,1,1.906940797902254,0.0,02-pH4.5T-亲水凝胶空白制剂-251217-Side-24h-750X-1.mp4,0.0,5.0
02 low viscosity,pH 4.5,19.83333333333333,1,1.8812131255553004,0.0,02-pH4.5T-亲水凝胶空白制剂-251217-Side-24h-750X-1.mp4,0.0,5.0
02 low viscosity,pH 4.5,20.0,1,1.862551703254102,0.0,02-pH4.5T-亲水凝胶空白制剂-251217-Side-24h-750X-1.mp4,0.0,5.0
02 low viscosity,pH 4.5,20.166666666666668,1,1.8537234662061208,0.0,02-pH4.5T-亲水凝胶空白制剂-251217-Side-24h-750X-1.mp4,0.0,5.0
02 low viscosity,pH 4.5,20.33333333333333,1,1.842629104231764,0.0,02-pH4.5T-亲水凝胶空白制剂-251217-Side-24h-750X-1.mp4,0.0,5.0
02 low viscosity,pH 4.5,20.5,1,1.8239976307181387,0.0,02-pH4.5T-亲水凝胶空白制剂-251217-Side-24h-750X-1.mp4,0.0,5.0
02 low viscosity,pH 4.5,20.666666666666668,1,1.8010468765078382,0.0,02-pH4.5T-亲水凝胶空白制剂-251217-Side-24h-750X-1.mp4,0.0,5.0
02 low viscosity,pH 4.5,20.83333333333333,1,1.7807998322867895,0.0,02-pH4.5T-亲水凝胶空白制剂-251217-Side-24h-750X-1.mp4,0.0,5.0
02 low viscosity,pH 4.5,21.0,1,1.7663029552798049,0.0,02-pH4.5T-亲水凝胶空白制剂-251217-Side-24h-750X-1.mp4,0.0,5.0
02 low viscosity,pH 4.5,21.166666666666668,1,1.752548142676024,0.0,02-pH4.5T-亲水凝胶空白制剂-251217-Side-24h-750X-1.mp4,0.0,5.0
02 low viscosity,pH 4.5,21.33333333333333,1,1.7352410711017494,0.0,02-pH4.5T-亲水凝胶空白制剂-251217-Side-24h-750X-1.mp4,0.0,5.0
02 low viscosity,pH 4.5,21.5,1,1.7415452908859184,0.0,02-pH4.5T-亲水凝胶空白制剂-251217-Side-24h-750X-1.mp4,0.0,5.0
02 low viscosity,pH 4.5,21.666666666666668,1,1.7202700049581885,0.0,02-pH4.5T-亲水凝胶空白制剂-251217-Side-24h-750X-1.mp4,0.0,5.0
02 low viscosity,pH 4.5,21.83333333333333,1,1.711396844728847,0.0,02-pH4.5T-亲水凝胶空白制剂-251217-Side-24h-750X-1.mp4,0.0,5.0
02 low viscosity,pH 4.5,22.0,1,1.676612991784049,0.0,02-pH4.5T-亲水凝胶空白制剂-251217-Side-24h-750X-1.mp4,0.0,5.0
02 low viscosity,pH 4.5,22.166666666666668,1,1.8654184677534749,0.0,02-pH4.5T-亲水凝胶空白制剂-251217-Side-24h-750X-1.mp4,0.0,5.0
02 low viscosity,pH 4.5,22.33333333333333,1,1.846504144579436,0.0,02-pH4.5T-亲水凝胶空白制剂-251217-Side-24h-750X-1.mp4,0.0,5.0
02 low viscosity,pH 4.5,22.5,1,1.833947283478585,0.0,02-pH4.5T-亲水凝胶空白制剂-251217-Side-24h-750X-1.mp4,0.0,5.0
02 low viscosity,pH 4.5,22.666666666666668,1,1.820139228585785,0.0,02-pH4.5T-亲水凝胶空白制剂-251217-Side-24h-750X-1.mp4,0.0,5.0
02 low viscosity,pH 4.5,22.83333333333333,1,1.7913401416910415,0.0,02-pH4.5T-亲水凝胶空白制剂-251217-Side-24h-750X-1.mp4,0.0,5.0
02 low viscosity,pH 4.5,23.0,1,1.7643230076569067,0.0,02-pH4.5T-亲水凝胶空白制剂-251217-Side-24h-750X-1.mp4,0.0,5.0
02 low viscosity,pH 4.5,23.166666666666668,1,1.7309633859433702,0.0,02-pH4.5T-亲水凝胶空白制剂-251217-Side-24h-750X-1.mp4,0.0,5.0
02 low viscosity,pH 4.5,23.33333333333333,1,1.779834815798318,0.0,02-pH4.5T-亲水凝胶空白制剂-251217-Side-24h-750X-1.mp4,0.0,5.0
02 low viscosity,pH 4.5,23.5,1,1.7206293904090673,0.0,02-pH4.5T-亲水凝胶空白制剂-251217-Side-24h-750X-1.mp4,0.0,5.0
02 low viscosity,pH 4.5,23.666666666666668,1,1.6823781333919,0.0,02-pH4.5T-亲水凝胶空白制剂-251217-Side-24h-750X-1.mp4,0.0,5.0
02 low viscosity,pH 4.5,23.83333333333333,1,1.669024301777294,0.0,02-pH4.5T-亲水凝胶空白制剂-251217-Side-24h-750X-1.mp4,0.0,5.0
02 low viscosity,pH 4.5,23.991666666666667,1,1.6513145853923126,0.0,02-pH4.5T-亲水凝胶空白制剂-251217-Side-24h-750X-1.mp4,0.0,5.0
02 low viscosity,pH 6.8,0.0,1,1.0,0.0,02-pH6.8T-亲水凝胶空白制剂-251217-Side-24h-750X-1.mp4,0.0,5.0
02 low viscosity,pH 6.8,0.1666666666666666,1,1.2746866780133066,0.0,02-pH6.8T-亲水凝胶空白制剂-251217-Side-24h-750X-1.mp4,0.0,5.0
02 low viscosity,pH 6.8,0.3333333333333333,1,1.3780380628191242,0.0,02-pH6.8T-亲水凝胶空白制剂-251217-Side-24h-750X-1.mp4,0.0,5.0
02 low viscosity,pH 6.8,0.5,1,1.4757078755995667,0.0,02-pH6.8T-亲水凝胶空白制剂-251217-Side-24h-750X-1.mp4,0.0,5.0
02 low viscosity,pH 6.8,0.6666666666666666,1,1.537050905152406,0.0,02-pH6.8T-亲水凝胶空白制剂-251217-Side-24h-750X-1.mp4,0.0,5.0
02 low viscosity,pH 6.8,0.8333333333333334,1,1.7185393779978335,0.0,02-pH6.8T-亲水凝胶空白制剂-251217-Side-24h-750X-1.mp4,0.0,5.0
02 low viscosity,pH 6.8,1.0,1,1.7886848212904225,0.0,02-pH6.8T-亲水凝胶空白制剂-251217-Side-24h-750X-1.mp4,0.0,5.0
02 low viscosity,pH 6.8,1.1666666666666667,1,1.832699984527309,0.0,02-pH6.8T-亲水凝胶空白制剂-251217-Side-24h-750X-1.mp4,0.0,5.0
02 low viscosity,pH 6.8,1.3333333333333333,1,1.874185362834597,0.0,02-pH6.8T-亲水凝胶空白制剂-251217-Side-24h-750X-1.mp4,0.0,5.0
02 low viscosity,pH 6.8,1.5,1,2.032231161999072,0.0,02-pH6.8T-亲水凝胶空白制剂-251217-Side-24h-750X-1.mp4,0.0,5.0
02 low viscosity,pH 6.8,1.6666666666666667,1,2.0696657898808604,0.0,02-pH6.8T-亲水凝胶空白制剂-251217-Side-24h-750X-1.mp4,0.0,5.0
02 low viscosity,pH 6.8,1.8333333333333333,1,2.108500696271081,0.0,02-pH6.8T-亲水凝胶空白制剂-251217-Side-24h-750X-1.mp4,0.0,5.0
02 low viscosity,pH 6.8,2.0,1,2.130179483212131,0.0,02-pH6.8T-亲水凝胶空白制剂-251217-Side-24h-750X-1.mp4,0.0,5.0
02 low viscosity,pH 6.8,2.1666666666666665,1,2.169486306668729,0.0,02-pH6.8T-亲水凝胶空白制剂-251217-Side-24h-750X-1.mp4,0.0,5.0
02 low viscosity,pH 6.8,2.333333333333333,1,2.2000402289958223,0.0,02-pH6.8T-亲水凝胶空白制剂-251217-Side-24h-750X-1.mp4,0.0,5.0
02 low viscosity,pH 6.8,2.5,1,2.265321058332044,0.0,02-pH6.8T-亲水凝胶空白制剂-251217-Side-24h-750X-1.mp4,0.0,5.0
02 low viscosity,pH 6.8,2.6666666666666665,1,2.289992263654649,0.0,02-pH6.8T-亲水凝胶空白制剂-251217-Side-24h-750X-1.mp4,0.0,5.0
02 low viscosity,pH 6.8,2.833333333333333,1,2.3073758316571253,0.0,02-pH6.8T-亲水凝胶空白制剂-251217-Side-24h-750X-1.mp4,0.0,5.0
02 low viscosity,pH 6.8,3.0,1,2.325404610861829,0.0,02-pH6.8T-亲水凝胶空白制剂-251217-Side-24h-750X-1.mp4,0.0,5.0
02 low viscosity,pH 6.8,3.1666666666666665,1,2.3572412192480274,0.0,02-pH6.8T-亲水凝胶空白制剂-251217-Side-24h-750X-1.mp4,0.0,5.0
02 low viscosity,pH 6.8,3.333333333333333,1,2.34864768683274,0.0,02-pH6.8T-亲水凝胶空白制剂-251217-Side-24h-750X-1.mp4,0.0,5.0
02 low viscosity,pH 6.8,3.5,1,2.376543400897416,0.0,02-pH6.8T-亲水凝胶空白制剂-251217-Side-24h-750X-1.mp4,0.0,5.0
02 low viscosity,pH 6.8,3.666666666666667,1,2.4098452730929907,0.0,02-pH6.8T-亲水凝胶空白制剂-251217-Side-24h-750X-1.mp4,0.0,5.0
02 low viscosity,pH 6.8,3.833333333333333,1,2.430569395017794,0.0,02-pH6.8T-亲水凝胶空白制剂-251217-Side-24h-750X-1.mp4,0.0,5.0
02 low viscosity,pH 6.8,4.0,1,2.464897106606839,0.0,02-pH6.8T-亲水凝胶空白制剂-251217-Side-24h-750X-1.mp4,0.0,5.0
02 low viscosity,pH 6.8,4.166666666666667,1,2.4840755067306204,0.0,02-pH6.8T-亲水凝胶空白制剂-251217-Side-24h-750X-1.mp4,0.0,5.0
02 low viscosity,pH 6.8,4.333333333333333,1,2.5099767909639485,0.0,02-pH6.8T-亲水凝胶空白制剂-251217-Side-24h-750X-1.mp4,0.0,5.0
02 low viscosity,pH 6.8,4.500000000000001,1,2.5352638093764504,0.0,02-pH6.8T-亲水凝胶空白制剂-251217-Side-24h-750X-1.mp4,0.0,5.0
02 low viscosity,pH 6.8,4.666666666666667,1,2.549275878075197,0.0,02-pH6.8T-亲水凝胶空白制剂-251217-Side-24h-750X-1.mp4,0.0,5.0
02 low viscosity,pH 6.8,4.833333333333333,1,2.589419774098716,0.0,02-pH6.8T-亲水凝胶空白制剂-251217-Side-24h-750X-1.mp4,0.0,5.0
02 low viscosity,pH 6.8,5.0,1,2.618293362215689,0.0,02-pH6.8T-亲水凝胶空白制剂-251217-Side-24h-750X-1.mp4,0.0,5.0
02 low viscosity,pH 6.8,5.166666666666667,1,2.63576512455516,0.0,02-pH6.8T-亲水凝胶空白制剂-251217-Side-24h-750X-1.mp4,0.0,5.0
02 low viscosity,pH 6.8,5.333333333333333,1,2.6573990406931767,0.0,02-pH6.8T-亲水凝胶空白制剂-251217-Side-24h-750X-1.mp4,0.0,5.0
02 low viscosity,pH 6.8,5.5,1,2.670360513693331,0.0,02-pH6.8T-亲水凝胶空白制剂-251217-Side-24h-750X-1.mp4,0.0,5.0
02 low viscosity,pH 6.8,5.666666666666667,1,2.7092975398421784,0.0,02-pH6.8T-亲水凝胶空白制剂-251217-Side-24h-750X-1.mp4,0.0,5.0
02 low viscosity,pH 6.8,5.833333333333333,1,2.723848058177317,0.0,02-pH6.8T-亲水凝胶空白制剂-251217-Side-24h-750X-1.mp4,0.0,5.0
02 low viscosity,pH 6.8,6.0,1,2.7395621228531644,0.0,02-pH6.8T-亲水凝胶空白制剂-251217-Side-24h-750X-1.mp4,0.0,5.0
02 low viscosity,pH 6.8,6.166666666666667,1,2.7561937180875757,0.0,02-pH6.8T-亲水凝胶空白制剂-251217-Side-24h-750X-1.mp4,0.0,5.0
02 low viscosity,pH 6.8,6.333333333333333,1,2.7812238898344424,0.0,02-pH6.8T-亲水凝胶空白制剂-251217-Side-24h-750X-1.mp4,0.0,5.0
02 low viscosity,pH 6.8,6.5,1,2.8008912269843727,0.0,02-pH6.8T-亲水凝胶空白制剂-251217-Side-24h-750X-1.mp4,0.0,5.0
02 low viscosity,pH 6.8,6.666666666666667,1,2.811169735416989,0.0,02-pH6.8T-亲水凝胶空白制剂-251217-Side-24h-750X-1.mp4,0.0,5.0
02 low viscosity,pH 6.8,6.833333333333332,1,2.8235030171746867,0.0,02-pH6.8T-亲水凝胶空白制剂-251217-Side-24h-750X-1.mp4,0.0,5.0
02 low viscosity,pH 6.8,7.0,1,2.8252112022280675,0.0,02-pH6.8T-亲水凝胶空白制剂-251217-Side-24h-750X-1.mp4,0.0,5.0
02 low viscosity,pH 6.8,7.166666666666667,1,2.825101346124091,0.0,02-pH6.8T-亲水凝胶空白制剂-251217-Side-24h-750X-1.mp4,0.0,5.0
02 low viscosity,pH 6.8,7.333333333333334,1,2.8537180875754293,0.0,02-pH6.8T-亲水凝胶空白制剂-251217-Side-24h-750X-1.mp4,0.0,5.0
02 low viscosity,pH 6.8,7.5,1,2.861731394089432,0.0,02-pH6.8T-亲水凝胶空白制剂-251217-Side-24h-750X-1.mp4,0.0,5.0
02 low viscosity,pH 6.8,7.666666666666666,1,2.8667166950332663,0.0,02-pH6.8T-亲水凝胶空白制剂-251217-Side-24h-750X-1.mp4,0.0,5.0
02 low viscosity,pH 6.8,7.833333333333333,1,2.89084945071948,0.0,02-pH6.8T-亲水凝胶空白制剂-251217-Side-24h-750X-1.mp4,0.0,5.0
02 low viscosity,pH 6.8,8.0,1,2.8975491257929757,0.0,02-pH6.8T-亲水凝胶空白制剂-251217-Side-24h-750X-1.mp4,0.0,5.0
02 low viscosity,pH 6.8,8.166666666666668,1,2.930793749032957,0.0,02-pH6.8T-亲水凝胶空白制剂-251217-Side-24h-750X-1.mp4,0.0,5.0
02 low viscosity,pH 6.8,8.333333333333334,1,2.9573804734643354,0.0,02-pH6.8T-亲水凝胶空白制剂-251217-Side-24h-750X-1.mp4,0.0,5.0
02 low viscosity,pH 6.8,8.499999999999998,1,3.027385115271546,0.0,02-pH6.8T-亲水凝胶空白制剂-251217-Side-24h-750X-1.mp4,0.0,5.0
02 low viscosity,pH 6.8,8.666666666666666,1,3.0277023054309145,0.0,02-pH6.8T-亲水凝胶空白制剂-251217-Side-24h-750X-1.mp4,0.0,5.0
02 low viscosity,pH 6.8,8.833333333333334,1,3.055460312548352,0.0,02-pH6.8T-亲水凝胶空白制剂-251217-Side-24h-750X-1.mp4,0.0,5.0
02 low viscosity,pH 6.8,9.000000000000002,1,3.0539176852854717,0.0,02-pH6.8T-亲水凝胶空白制剂-251217-Side-24h-750X-1.mp4,0.0,5.0
02 low viscosity,pH 6.8,9.166666666666666,1,3.0622249729227917,0.0,02-pH6.8T-亲水凝胶空白制剂-251217-Side-24h-750X-1.mp4,0.0,5.0
02 low viscosity,pH 6.8,9.333333333333334,1,3.0622853164165247,0.0,02-pH6.8T-亲水凝胶空白制剂-251217-Side-24h-750X-1.mp4,0.0,5.0
02 low viscosity,pH 6.8,9.5,1,3.062681417298468,0.0,02-pH6.8T-亲水凝胶空白制剂-251217-Side-24h-750X-1.mp4,0.0,5.0
02 low viscosity,pH 6.8,9.666666666666666,1,3.0654278198978804,0.0,02-pH6.8T-亲水凝胶空白制剂-251217-Side-24h-750X-1.mp4,0.0,5.0
02 low viscosity,pH 6.8,9.833333333333334,1,3.061876837382021,0.0,02-pH6.8T-亲水凝胶空白制剂-251217-Side-24h-750X-1.mp4,0.0,5.0
02 low viscosity,pH 6.8,10.0,1,3.089002011449791,0.0,02-pH6.8T-亲水凝胶空白制剂-251217-Side-24h-750X-1.mp4,0.0,5.0
02 low viscosity,pH 6.8,10.166666666666666,1,3.0672582392077983,0.0,02-pH6.8T-亲水凝胶空白制剂-251217-Side-24h-750X-1.mp4,0.0,5.0
02 low viscosity,pH 6.8,10.333333333333334,1,3.092670586414977,0.0,02-pH6.8T-亲水凝胶空白制剂-251217-Side-24h-750X-1.mp4,0.0,5.0
02 low viscosity,pH 6.8,10.5,1,3.09068079839084,0.0,02-pH6.8T-亲水凝胶空白制剂-251217-Side-24h-750X-1.mp4,0.0,5.0
02 low viscosity,pH 6.8,10.666666666666666,1,3.0889803496828097,0.0,02-pH6.8T-亲水凝胶空白制剂-251217-Side-24h-750X-1.mp4,0.0,5.0
02 low viscosity,pH 6.8,10.833333333333334,1,3.080388364536593,0.0,02-pH6.8T-亲水凝胶空白制剂-251217-Side-24h-750X-1.mp4,0.0,5.0
02 low viscosity,pH 6.8,11.0,1,3.099857651245552,0.0,02-pH6.8T-亲水凝胶空白制剂-251217-Side-24h-750X-1.mp4,0.0,5.0
02 low viscosity,pH 6.8,11.166666666666666,1,3.090440971684976,0.0,02-pH6.8T-亲水凝胶空白制剂-251217-Side-24h-750X-1.mp4,0.0,5.0
02 low viscosity,pH 6.8,11.333333333333334,1,3.0919572953736654,0.0,02-pH6.8T-亲水凝胶空白制剂-251217-Side-24h-750X-1.mp4,0.0,5.0
02 low viscosity,pH 6.8,11.5,1,3.084047655887358,0.0,02-pH6.8T-亲水凝胶空白制剂-251217-Side-24h-750X-1.mp4,0.0,5.0
02 low viscosity,pH 6.8,11.666666666666666,1,3.0782995512919697,0.0,02-pH6.8T-亲水凝胶空白制剂-251217-Side-24h-750X-1.mp4,0.0,5.0
02 low viscosity,pH 6.8,11.833333333333334,1,3.0628051988240754,0.0,02-pH6.8T-亲水凝胶空白制剂-251217-Side-24h-750X-1.mp4,0.0,5.0
02 low viscosity,pH 6.8,12.0,1,3.0583815565526846,0.0,02-pH6.8T-亲水凝胶空白制剂-251217-Side-24h-750X-1.mp4,0.0,5.0
02 low viscosity,pH 6.8,12.166666666666666,1,3.050399195420084,0.0,02-pH6.8T-亲水凝胶空白制剂-251217-Side-24h-750X-1.mp4,0.0,5.0
02 low viscosity,pH 6.8,12.333333333333334,1,3.043035741915519,0.0,02-pH6.8T-亲水凝胶空白制剂-251217-Side-24h-750X-1.mp4,0.0,5.0
02 low viscosity,pH 6.8,12.5,1,3.034866161225437,0.0,02-pH6.8T-亲水凝胶空白制剂-251217-Side-24h-750X-1.mp4,0.0,5.0
02 low viscosity,pH 6.8,12.666666666666666,1,3.0226860591056783,0.0,02-pH6.8T-亲水凝胶空白制剂-251217-Side-24h-750X-1.mp4,0.0,5.0
02 low viscosity,pH 6.8,12.833333333333334,1,3.0234550518335137,0.0,02-pH6.8T-亲水凝胶空白制剂-251217-Side-24h-750X-1.mp4,0.0,5.0
02 low viscosity,pH 6.8,13.0,1,3.0140383722729385,0.0,02-pH6.8T-亲水凝胶空白制剂-251217-Side-24h-750X-1.mp4,0.0,5.0
02 low viscosity,pH 6.8,13.166666666666666,1,3.013543246170509,0.0,02-pH6.8T-亲水凝胶空白制剂-251217-Side-24h-750X-1.mp4,0.0,5.0
02 low viscosity,pH 6.8,13.333333333333334,1,2.994190004641807,0.0,02-pH6.8T-亲水凝胶空白制剂-251217-Side-24h-750X-1.mp4,0.0,5.0
02 low viscosity,pH 6.8,13.5,1,2.986063747485688,0.0,02-pH6.8T-亲水凝胶空白制剂-251217-Side-24h-750X-1.mp4,0.0,5.0
02 low viscosity,pH 6.8,13.666666666666664,1,2.9834596936407243,0.0,02-pH6.8T-亲水凝胶空白制剂-251217-Side-24h-750X-1.mp4,0.0,5.0
02 low viscosity,pH 6.8,13.833333333333336,1,2.9779699829800403,0.0,02-pH6.8T-亲水凝胶空白制剂-251217-Side-24h-750X-1.mp4,0.0,5.0
02 low viscosity,pH 6.8,14.0,1,2.972682964567538,0.0,02-pH6.8T-亲水凝胶空白制剂-251217-Side-24h-750X-1.mp4,0.0,5.0
02 low viscosity,pH 6.8,14.166666666666666,1,2.9708602816029708,0.0,02-pH6.8T-亲水凝胶空白制剂-251217-Side-24h-750X-1.mp4,0.0,5.0
02 low viscosity,pH 6.8,14.333333333333334,1,2.9526025065758934,0.0,02-pH6.8T-亲水凝胶空白制剂-251217-Side-24h-750X-1.mp4,0.0,5.0
02 low viscosity,pH 6.8,14.499999999999998,1,2.9444483985765126,0.0,02-pH6.8T-亲水凝胶空白制剂-251217-Side-24h-750X-1.mp4,0.0,5.0
02 low viscosity,pH 6.8,14.666666666666668,1,2.931833513848058,0.0,02-pH6.8T-亲水凝胶空白制剂-251217-Side-24h-750X-1.mp4,0.0,5.0
02 low viscosity,pH 6.8,14.833333333333334,1,2.927674454587653,0.0,02-pH6.8T-亲水凝胶空白制剂-251217-Side-24h-750X-1.mp4,0.0,5.0
02 low viscosity,pH 6.8,15.0,1,2.9212687606374748,0.0,02-pH6.8T-亲水凝胶空白制剂-251217-Side-24h-750X-1.mp4,0.0,5.0
02 low viscosity,pH 6.8,15.166666666666666,1,2.9079452266749186,0.0,02-pH6.8T-亲水凝胶空白制剂-251217-Side-24h-750X-1.mp4,0.0,5.0
02 low viscosity,pH 6.8,15.333333333333332,1,2.8892325545412345,0.0,02-pH6.8T-亲水凝胶空白制剂-251217-Side-24h-750X-1.mp4,0.0,5.0
02 low viscosity,pH 6.8,15.500000000000002,1,3.0386832740213525,0.0,02-pH6.8T-亲水凝胶空白制剂-251217-Side-24h-750X-1.mp4,0.0,5.0
02 low viscosity,pH 6.8,15.666666666666666,1,2.862809840631286,0.0,02-pH6.8T-亲水凝胶空白制剂-251217-Side-24h-750X-1.mp4,0.0,5.0
02 low viscosity,pH 6.8,15.833333333333334,1,2.846309763267832,0.0,02-pH6.8T-亲水凝胶空白制剂-251217-Side-24h-750X-1.mp4,0.0,5.0
02 low viscosity,pH 6.8,16.0,1,3.0351230078910723,0.0,02-pH6.8T-亲水凝胶空白制剂-251217-Side-24h-750X-1.mp4,0.0,5.0
02 low viscosity,pH 6.8,16.166666666666664,1,2.9829227912734027,0.0,02-pH6.8T-亲水凝胶空白制剂-251217-Side-24h-750X-1.mp4,0.0,5.0
02 low viscosity,pH 6.8,16.333333333333336,1,2.729548197431533,0.0,02-pH6.8T-亲水凝胶空白制剂-251217-Side-24h-750X-1.mp4,0.0,5.0
02 low viscosity,pH 6.8,16.5,1,2.71187219557481,0.0,02-pH6.8T-亲水凝胶空白制剂-251217-Side-24h-750X-1.mp4,0.0,5.0
02 low viscosity,pH 6.8,16.666666666666668,1,2.680030945381402,0.0,02-pH6.8T-亲水凝胶空白制剂-251217-Side-24h-750X-1.mp4,0.0,5.0
02 low viscosity,pH 6.8,16.833333333333332,1,2.652746402599412,0.0,02-pH6.8T-亲水凝胶空白制剂-251217-Side-24h-750X-1.mp4,0.0,5.0
02 low viscosity,pH 6.8,16.999999999999996,1,2.6343277115890453,0.0,02-pH6.8T-亲水凝胶空白制剂-251217-Side-24h-750X-1.mp4,0.0,5.0
02 low viscosity,pH 6.8,17.166666666666668,1,2.62186136469132,0.0,02-pH6.8T-亲水凝胶空白制剂-251217-Side-24h-750X-1.mp4,0.0,5.0
02 low viscosity,pH 6.8,17.333333333333332,1,2.846965805353551,0.0,02-pH6.8T-亲水凝胶空白制剂-251217-Side-24h-750X-1.mp4,0.0,5.0
02 low viscosity,pH 6.8,17.5,1,2.592358038062819,0.0,02-pH6.8T-亲水凝胶空白制剂-251217-Side-24h-750X-1.mp4,0.0,5.0
02 low viscosity,pH 6.8,17.666666666666668,1,2.8143540151632367,0.0,02-pH6.8T-亲水凝胶空白制剂-251217-Side-24h-750X-1.mp4,0.0,5.0
02 low viscosity,pH 6.8,17.833333333333332,1,2.72745628964877,0.0,02-pH6.8T-亲水凝胶空白制剂-251217-Side-24h-750X-1.mp4,0.0,5.0
02 low viscosity,pH 6.8,18.000000000000004,1,2.713444220950023,0.0,02-pH6.8T-亲水凝胶空白制剂-251217-Side-24h-750X-1.mp4,0.0,5.0
02 low viscosity,pH 6.8,18.166666666666668,1,2.697979266594461,0.0,02-pH6.8T-亲水凝胶空白制剂-251217-Side-24h-750X-1.mp4,0.0,5.0
02 low viscosity,pH 6.8,18.33333333333333,1,2.6759028315023983,0.0,02-pH6.8T-亲水凝胶空白制剂-251217-Side-24h-750X-1.mp4,0.0,5.0
02 low viscosity,pH 6.8,18.5,1,2.4994460776729075,0.0,02-pH6.8T-亲水凝胶空白制剂-251217-Side-24h-750X-1.mp4,0.0,5.0
02 low viscosity,pH 6.8,18.666666666666668,1,2.718198978802414,0.0,02-pH6.8T-亲水凝胶空白制剂-251217-Side-24h-750X-1.mp4,0.0,5.0
02 low viscosity,pH 6.8,18.83333333333333,1,2.7065526845118364,0.0,02-pH6.8T-亲水凝胶空白制剂-251217-Side-24h-750X-1.mp4,0.0,5.0
02 low viscosity,pH 6.8,19.0,1,2.6914126566609933,0.0,02-pH6.8T-亲水凝胶空白制剂-251217-Side-24h-750X-1.mp4,0.0,5.0
02 low viscosity,pH 6.8,19.166666666666668,1,2.6699350146990564,0.0,02-pH6.8T-亲水凝胶空白制剂-251217-Side-24h-750X-1.mp4,0.0,5.0
02 low viscosity,pH 6.8,19.33333333333333,1,2.6612780442518957,0.0,02-pH6.8T-亲水凝胶空白制剂-251217-Side-24h-750X-1.mp4,0.0,5.0
02 low viscosity,pH 6.8,19.5,1,2.6544793439579144,0.0,02-pH6.8T-亲水凝胶空白制剂-251217-Side-24h-750X-1.mp4,0.0,5.0
02 low viscosity,pH 6.8,19.666666666666668,1,2.6407411418845737,0.0,02-pH6.8T-亲水凝胶空白制剂-251217-Side-24h-750X-1.mp4,0.0,5.0
02 low viscosity,pH 6.8,19.83333333333333,1,2.6152777347980813,0.0,02-pH6.8T-亲水凝胶空白制剂-251217-Side-24h-750X-1.mp4,0.0,5.0
02 low viscosity,pH 6.8,20.0,1,2.610654494816649,0.0,02-pH6.8T-亲水凝胶空白制剂-251217-Side-24h-750X-1.mp4,0.0,5.0
02 low viscosity,pH 6.8,20.166666666666668,1,2.600372891845892,0.0,02-pH6.8T-亲水凝胶空白制剂-251217-Side-24h-750X-1.mp4,0.0,5.0
02 low viscosity,pH 6.8,20.33333333333333,1,2.5998514621692714,0.0,02-pH6.8T-亲水凝胶空白制剂-251217-Side-24h-750X-1.mp4,0.0,5.0
02 low viscosity,pH 6.8,20.5,1,2.591732941358502,0.0,02-pH6.8T-亲水凝胶空白制剂-251217-Side-24h-750X-1.mp4,0.0,5.0
02 low viscosity,pH 6.8,20.666666666666668,1,2.583147145288565,0.0,02-pH6.8T-亲水凝胶空白制剂-251217-Side-24h-750X-1.mp4,0.0,5.0
02 low viscosity,pH 6.8,20.83333333333333,1,2.581576667182423,0.0,02-pH6.8T-亲水凝胶空白制剂-251217-Side-24h-750X-1.mp4,0.0,5.0
02 low viscosity,pH 6.8,21.0,1,2.5810397648151016,0.0,02-pH6.8T-亲水凝胶空白制剂-251217-Side-24h-750X-1.mp4,0.0,5.0
02 low viscosity,pH 6.8,21.166666666666668,1,2.5736515550054158,0.0,02-pH6.8T-亲水凝胶空白制剂-251217-Side-24h-750X-1.mp4,0.0,5.0
02 low viscosity,pH 6.8,21.33333333333333,1,2.571494661921708,0.0,02-pH6.8T-亲水凝胶空白制剂-251217-Side-24h-750X-1.mp4,0.0,5.0
02 low viscosity,pH 6.8,21.5,1,2.560557016865233,0.0,02-pH6.8T-亲水凝胶空白制剂-251217-Side-24h-750X-1.mp4,0.0,5.0
02 low viscosity,pH 6.8,21.666666666666668,1,2.5558099953581928,0.0,02-pH6.8T-亲水凝胶空白制剂-251217-Side-24h-750X-1.mp4,0.0,5.0
02 low viscosity,pH 6.8,21.83333333333333,1,2.55051369333127,0.0,02-pH6.8T-亲水凝胶空白制剂-251217-Side-24h-750X-1.mp4,0.0,5.0
02 low viscosity,pH 6.8,22.0,1,2.546393315797617,0.0,02-pH6.8T-亲水凝胶空白制剂-251217-Side-24h-750X-1.mp4,0.0,5.0
02 low viscosity,pH 6.8,22.166666666666668,1,2.5459523441126413,0.0,02-pH6.8T-亲水凝胶空白制剂-251217-Side-24h-750X-1.mp4,0.0,5.0
02 low viscosity,pH 6.8,22.33333333333333,1,2.5361473000154726,0.0,02-pH6.8T-亲水凝胶空白制剂-251217-Side-24h-750X-1.mp4,0.0,5.0
02 low viscosity,pH 6.8,22.5,1,2.5190375986384037,0.0,02-pH6.8T-亲水凝胶空白制剂-251217-Side-24h-750X-1.mp4,0.0,5.0
02 low viscosity,pH 6.8,22.666666666666668,1,2.519305276187529,0.0,02-pH6.8T-亲水凝胶空白制剂-251217-Side-24h-750X-1.mp4,0.0,5.0
02 low viscosity,pH 6.8,22.83333333333333,1,2.508878229924184,0.0,02-pH6.8T-亲水凝胶空白制剂-251217-Side-24h-750X-1.mp4,0.0,5.0
02 low viscosity,pH 6.8,23.0,1,2.598848831811852,0.0,02-pH6.8T-亲水凝胶空白制剂-251217-Side-24h-750X-1.mp4,0.0,5.0
02 low viscosity,pH 6.8,23.166666666666668,1,2.57864304502553,0.0,02-pH6.8T-亲水凝胶空白制剂-251217-Side-24h-750X-1.mp4,0.0,5.0
02 low viscosity,pH 6.8,23.33333333333333,1,2.484126566609933,0.0,02-pH6.8T-亲水凝胶空白制剂-251217-Side-24h-750X-1.mp4,0.0,5.0
02 low viscosity,pH 6.8,23.5,1,2.5722110475011606,0.0,02-pH6.8T-亲水凝胶空白制剂-251217-Side-24h-750X-1.mp4,0.0,5.0
02 low viscosity,pH 6.8,23.666666666666668,1,2.556368559492496,0.0,02-pH6.8T-亲水凝胶空白制剂-251217-Side-24h-750X-1.mp4,0.0,5.0
02 low viscosity,pH 6.8,23.83333333333333,1,2.558624477796689,0.0,02-pH6.8T-亲水凝胶空白制剂-251217-Side-24h-750X-1.mp4,0.0,5.0
02 low viscosity,pH 6.8,23.991666666666667,1,2.54525143122389,0.0,02-pH6.8T-亲水凝胶空白制剂-251217-Side-24h-750X-1.mp4,0.0,5.0
03 standard viscosity,pH 1.2,0.0,1,1.0,0.0,03-pH1.2T-亲水凝胶空白制剂-251203-Side-24h-750X-2.mp4,0.0,5.0
03 standard viscosity,pH 1.2,0.1666666666666666,1,1.2600262399614344,0.0,03-pH1.2T-亲水凝胶空白制剂-251203-Side-24h-750X-2.mp4,0.0,5.0
03 standard viscosity,pH 1.2,0.3333333333333333,1,1.47407502766426,0.0,03-pH1.2T-亲水凝胶空白制剂-251203-Side-24h-750X-2.mp4,0.0,5.0
03 standard viscosity,pH 1.2,0.5,1,1.579938755163082,0.0,03-pH1.2T-亲水凝胶空白制剂-251203-Side-24h-750X-2.mp4,0.0,5.0
03 standard viscosity,pH 1.2,0.6666666666666666,1,1.6824033394322526,0.0,03-pH1.2T-亲水凝胶空白制剂-251203-Side-24h-750X-2.mp4,0.0,5.0
03 standard viscosity,pH 1.2,0.8333333333333334,1,1.7659658387474937,0.0,03-pH1.2T-亲水凝胶空白制剂-251203-Side-24h-750X-2.mp4,0.0,5.0
03 standard viscosity,pH 1.2,1.0,1,1.8261465603190428,0.0,03-pH1.2T-亲水凝胶空白制剂-251203-Side-24h-750X-2.mp4,0.0,5.0
03 standard viscosity,pH 1.2,1.1666666666666667,1,1.8801671907354855,0.0,03-pH1.2T-亲水凝胶空白制剂-251203-Side-24h-750X-2.mp4,0.0,5.0
03 standard viscosity,pH 1.2,1.3333333333333333,1,1.9388304865622912,0.0,03-pH1.2T-亲水凝胶空白制剂-251203-Side-24h-750X-2.mp4,0.0,5.0
03 standard viscosity,pH 1.2,1.5,1,1.9791846986512989,0.0,03-pH1.2T-亲水凝胶空白制剂-251203-Side-24h-750X-2.mp4,0.0,5.0
03 standard viscosity,pH 1.2,1.6666666666666667,1,2.0172750977835725,0.0,03-pH1.2T-亲水凝胶空白制剂-251203-Side-24h-750X-2.mp4,0.0,5.0
03 standard viscosity,pH 1.2,1.8333333333333333,1,2.067856868953579,0.0,03-pH1.2T-亲水凝胶空白制剂-251203-Side-24h-750X-2.mp4,0.0,5.0
03 standard viscosity,pH 1.2,2.0,1,2.111591051022756,0.0,03-pH1.2T-亲水凝胶空白制剂-251203-Side-24h-750X-2.mp4,0.0,5.0
03 standard viscosity,pH 1.2,2.1666666666666665,1,2.14985263988255,0.0,03-pH1.2T-亲水凝胶空白制剂-251203-Side-24h-750X-2.mp4,0.0,5.0
03 standard viscosity,pH 1.2,2.333333333333333,1,2.187261019140381,0.0,03-pH1.2T-亲水凝胶空白制剂-251203-Side-24h-750X-2.mp4,0.0,5.0
03 standard viscosity,pH 1.2,2.5,1,2.233882144774468,0.0,03-pH1.2T-亲水凝胶空白制剂-251203-Side-24h-750X-2.mp4,0.0,5.0
03 standard viscosity,pH 1.2,2.6666666666666665,1,2.271408302564833,0.0,03-pH1.2T-亲水凝胶空白制剂-251203-Side-24h-750X-2.mp4,0.0,5.0
03 standard viscosity,pH 1.2,2.833333333333333,1,2.3043479451754627,0.0,03-pH1.2T-亲水凝胶空白制剂-251203-Side-24h-750X-2.mp4,0.0,5.0
03 standard viscosity,pH 1.2,3.0,1,2.3365959812869086,0.0,03-pH1.2T-亲水凝胶空白制剂-251203-Side-24h-750X-2.mp4,0.0,5.0
03 standard viscosity,pH 1.2,3.1666666666666665,1,2.3736674591609788,0.0,03-pH1.2T-亲水凝胶空白制剂-251203-Side-24h-750X-2.mp4,0.0,5.0
03 standard viscosity,pH 1.2,3.333333333333333,1,2.409188642862621,0.0,03-pH1.2T-亲水凝胶空白制剂-251203-Side-24h-750X-2.mp4,0.0,5.0
03 standard viscosity,pH 1.2,3.5,1,2.44303353675238,0.0,03-pH1.2T-亲水凝胶空白制剂-251203-Side-24h-750X-2.mp4,0.0,5.0
03 standard viscosity,pH 1.2,3.666666666666667,1,2.4727589210390803,0.0,03-pH1.2T-亲水凝胶空白制剂-251203-Side-24h-750X-2.mp4,0.0,5.0
03 standard viscosity,pH 1.2,3.833333333333333,1,2.522896968435353,0.0,03-pH1.2T-亲水凝胶空白制剂-251203-Side-24h-750X-2.mp4,0.0,5.0
03 standard viscosity,pH 1.2,4.0,1,2.551493870038237,0.0,03-pH1.2T-亲水凝胶空白制剂-251203-Side-24h-750X-2.mp4,0.0,5.0
03 standard viscosity,pH 1.2,4.166666666666667,1,2.5805755809494597,0.0,03-pH1.2T-亲水凝胶空白制剂-251203-Side-24h-750X-2.mp4,0.0,5.0
03 standard viscosity,pH 1.2,4.333333333333333,1,2.6597871221500333,0.0,03-pH1.2T-亲水凝胶空白制剂-251203-Side-24h-750X-2.mp4,0.0,5.0
03 standard viscosity,pH 1.2,4.500000000000001,1,2.6890550874847983,0.0,03-pH1.2T-亲水凝胶空白制剂-251203-Side-24h-750X-2.mp4,0.0,5.0
03 standard viscosity,pH 1.2,4.666666666666667,1,2.712175287324839,0.0,03-pH1.2T-亲水凝胶空白制剂-251203-Side-24h-750X-2.mp4,0.0,5.0
03 standard viscosity,pH 1.2,4.833333333333333,1,2.746632355680212,0.0,03-pH1.2T-亲水凝胶空白制剂-251203-Side-24h-750X-2.mp4,0.0,5.0
03 standard viscosity,pH 1.2,5.0,1,2.769444414010715,0.0,03-pH1.2T-亲水凝胶空白制剂-251203-Side-24h-750X-2.mp4,0.0,5.0
03 standard viscosity,pH 1.2,5.166666666666667,1,2.787802800390039,0.0,03-pH1.2T-亲水凝胶空白制剂-251203-Side-24h-750X-2.mp4,0.0,5.0
03 standard viscosity,pH 1.2,5.333333333333333,1,2.803392021736987,0.0,03-pH1.2T-亲水凝胶空白制剂-251203-Side-24h-750X-2.mp4,0.0,5.0
03 standard viscosity,pH 1.2,5.5,1,2.820771202874892,0.0,03-pH1.2T-亲水凝胶空白制剂-251203-Side-24h-750X-2.mp4,0.0,5.0
03 standard viscosity,pH 1.2,5.666666666666667,1,2.838862533279283,0.0,03-pH1.2T-亲水凝胶空白制剂-251203-Side-24h-750X-2.mp4,0.0,5.0
03 standard viscosity,pH 1.2,5.833333333333333,1,2.871987060795635,0.0,03-pH1.2T-亲水凝胶空白制剂-251203-Side-24h-750X-2.mp4,0.0,5.0
03 standard viscosity,pH 1.2,6.0,1,2.8948278790003616,0.0,03-pH1.2T-亲水凝胶空白制剂-251203-Side-24h-750X-2.mp4,0.0,5.0
03 standard viscosity,pH 1.2,6.166666666666667,1,2.912335794813362,0.0,03-pH1.2T-亲水凝胶空白制剂-251203-Side-24h-750X-2.mp4,0.0,5.0
03 standard viscosity,pH 1.2,6.333333333333333,1,2.9323663624511083,0.0,03-pH1.2T-亲水凝胶空白制剂-251203-Side-24h-750X-2.mp4,0.0,5.0
03 standard viscosity,pH 1.2,6.5,1,2.9518285801934856,0.0,03-pH1.2T-亲水凝胶空白制剂-251203-Side-24h-750X-2.mp4,0.0,5.0
03 standard viscosity,pH 1.2,6.666666666666667,1,2.964393906193507,0.0,03-pH1.2T-亲水凝胶空白制剂-251203-Side-24h-750X-2.mp4,0.0,5.0
03 standard viscosity,pH 1.2,6.833333333333332,1,2.980298116639094,0.0,03-pH1.2T-亲水凝胶空白制剂-251203-Side-24h-750X-2.mp4,0.0,5.0
03 standard viscosity,pH 1.2,7.0,1,2.990006628466249,0.0,03-pH1.2T-亲水凝胶空白制剂-251203-Side-24h-750X-2.mp4,0.0,5.0
03 standard viscosity,pH 1.2,7.166666666666667,1,3.0060162917839888,0.0,03-pH1.2T-亲水凝胶空白制剂-251203-Side-24h-750X-2.mp4,0.0,5.0
03 standard viscosity,pH 1.2,7.333333333333334,1,3.020203126883087,0.0,03-pH1.2T-亲水凝胶空白制剂-251203-Side-24h-750X-2.mp4,0.0,5.0
03 standard viscosity,pH 1.2,7.5,1,3.028643465208769,0.0,03-pH1.2T-亲水凝胶空白制剂-251203-Side-24h-750X-2.mp4,0.0,5.0
03 standard viscosity,pH 1.2,7.666666666666666,1,3.0404624039968007,0.0,03-pH1.2T-亲水凝胶空白制剂-251203-Side-24h-750X-2.mp4,0.0,5.0
03 standard viscosity,pH 1.2,7.833333333333333,1,3.0376631095723816,0.0,03-pH1.2T-亲水凝胶空白制剂-251203-Side-24h-750X-2.mp4,0.0,5.0
03 standard viscosity,pH 1.2,8.0,1,3.062507532348011,0.0,03-pH1.2T-亲水凝胶空白制剂-251203-Side-24h-750X-2.mp4,0.0,5.0
03 standard viscosity,pH 1.2,8.166666666666668,1,3.0585633210259333,0.0,03-pH1.2T-亲水凝胶空白制剂-251203-Side-24h-750X-2.mp4,0.0,5.0
03 standard viscosity,pH 1.2,8.333333333333334,1,3.060794265554984,0.0,03-pH1.2T-亲水凝胶空白制剂-251203-Side-24h-750X-2.mp4,0.0,5.0
03 standard viscosity,pH 1.2,8.499999999999998,1,3.017116233716433,0.0,03-pH1.2T-亲水凝胶空白制剂-251203-Side-24h-750X-2.mp4,0.0,5.0
03 standard viscosity,pH 1.2,8.666666666666666,1,3.0239994302805866,0.0,03-pH1.2T-亲水凝胶空白制剂-251203-Side-24h-750X-2.mp4,0.0,5.0
03 standard viscosity,pH 1.2,8.833333333333334,1,3.029285769066427,0.0,03-pH1.2T-亲水凝胶空白制剂-251203-Side-24h-750X-2.mp4,0.0,5.0
03 standard viscosity,pH 1.2,9.000000000000002,1,3.034079081437008,0.0,03-pH1.2T-亲水凝胶空白制剂-251203-Side-24h-750X-2.mp4,0.0,5.0
03 standard viscosity,pH 1.2,9.166666666666666,1,3.086872623886582,0.0,03-pH1.2T-亲水凝胶空白制剂-251203-Side-24h-750X-2.mp4,0.0,5.0
03 standard viscosity,pH 1.2,9.333333333333334,1,3.0400611352754923,0.0,03-pH1.2T-亲水凝胶空白制剂-251203-Side-24h-750X-2.mp4,0.0,5.0
03 standard viscosity,pH 1.2,9.5,1,3.023009268896607,0.0,03-pH1.2T-亲水凝胶空白制剂-251203-Side-24h-750X-2.mp4,0.0,5.0
03 standard viscosity,pH 1.2,9.666666666666666,1,3.010708259835877,0.0,03-pH1.2T-亲水凝胶空白制剂-251203-Side-24h-750X-2.mp4,0.0,5.0
03 standard viscosity,pH 1.2,9.833333333333334,1,3.0078665103590327,0.0,03-pH1.2T-亲水凝胶空白制剂-251203-Side-24h-750X-2.mp4,0.0,5.0
03 standard viscosity,pH 1.2,10.0,1,3.003147151950741,0.0,03-pH1.2T-亲水凝胶空白制剂-251203-Side-24h-750X-2.mp4,0.0,5.0
03 standard viscosity,pH 1.2,10.166666666666666,1,3.001090136184852,0.0,03-pH1.2T-亲水凝胶空白制剂-251203-Side-24h-750X-2.mp4,0.0,5.0
03 standard viscosity,pH 1.2,10.333333333333334,1,2.993954948341788,0.0,03-pH1.2T-亲水凝胶空白制剂-251203-Side-24h-750X-2.mp4,0.0,5.0
03 standard viscosity,pH 1.2,10.5,1,2.993089413079443,0.0,03-pH1.2T-亲水凝胶空白制剂-251203-Side-24h-750X-2.mp4,0.0,5.0
03 standard viscosity,pH 1.2,10.666666666666666,1,2.9717235655670358,0.0,03-pH1.2T-亲水凝胶空白制剂-251203-Side-24h-750X-2.mp4,0.0,5.0
03 standard viscosity,pH 1.2,10.833333333333334,1,2.953730840445696,0.0,03-pH1.2T-亲水凝胶空白制剂-251203-Side-24h-750X-2.mp4,0.0,5.0
03 standard viscosity,pH 1.2,11.0,1,2.9447837805265524,0.0,03-pH1.2T-亲水凝胶空白制剂-251203-Side-24h-750X-2.mp4,0.0,5.0
03 standard viscosity,pH 1.2,11.166666666666666,1,2.935712094485773,0.0,03-pH1.2T-亲水凝胶空白制剂-251203-Side-24h-750X-2.mp4,0.0,5.0
03 standard viscosity,pH 1.2,11.333333333333334,1,2.9264651101640133,0.0,03-pH1.2T-亲水凝胶空白制剂-251203-Side-24h-750X-2.mp4,0.0,5.0
03 standard viscosity,pH 1.2,11.5,1,2.9192491207695594,0.0,03-pH1.2T-亲水凝胶空白制剂-251203-Side-24h-750X-2.mp4,0.0,5.0
03 standard viscosity,pH 1.2,11.666666666666666,1,2.9083683016883417,0.0,03-pH1.2T-亲水凝胶空白制剂-251203-Side-24h-750X-2.mp4,0.0,5.0
03 standard viscosity,pH 1.2,11.833333333333334,1,2.9012112015601548,0.0,03-pH1.2T-亲水凝胶空白制剂-251203-Side-24h-750X-2.mp4,0.0,5.0
03 standard viscosity,pH 1.2,12.0,1,2.885921904615823,0.0,03-pH1.2T-亲水凝胶空白制剂-251203-Side-24h-750X-2.mp4,0.0,5.0
03 standard viscosity,pH 1.2,12.166666666666666,1,2.871506360040757,0.0,03-pH1.2T-亲水凝胶空白制剂-251203-Side-24h-750X-2.mp4,0.0,5.0
03 standard viscosity,pH 1.2,12.333333333333334,1,2.847783572359844,0.0,03-pH1.2T-亲水凝胶空白制剂-251203-Side-24h-750X-2.mp4,0.0,5.0
03 standard viscosity,pH 1.2,12.5,1,2.8211327555794155,0.0,03-pH1.2T-亲水凝胶空白制剂-251203-Side-24h-750X-2.mp4,0.0,5.0
03 standard viscosity,pH 1.2,12.666666666666666,1,2.8074512725559586,0.0,03-pH1.2T-亲水凝胶空白制剂-251203-Side-24h-750X-2.mp4,0.0,5.0
03 standard viscosity,pH 1.2,12.833333333333334,1,2.782416486803326,0.0,03-pH1.2T-亲水凝胶空白制剂-251203-Side-24h-750X-2.mp4,0.0,5.0
03 standard viscosity,pH 1.2,13.0,1,2.760178256439473,0.0,03-pH1.2T-亲水凝胶空白制剂-251203-Side-24h-750X-2.mp4,0.0,5.0
03 standard viscosity,pH 1.2,13.166666666666666,1,2.7446054693063666,0.0,03-pH1.2T-亲水凝胶空白制剂-251203-Side-24h-750X-2.mp4,0.0,5.0
03 standard viscosity,pH 1.2,13.333333333333334,1,2.722986260997228,0.0,03-pH1.2T-亲水凝胶空白制剂-251203-Side-24h-750X-2.mp4,0.0,5.0
03 standard viscosity,pH 1.2,13.5,1,2.703606214324061,0.0,03-pH1.2T-亲水凝胶空白制剂-251203-Side-24h-750X-2.mp4,0.0,5.0
03 standard viscosity,pH 1.2,13.666666666666664,1,2.706520548245374,0.0,03-pH1.2T-亲水凝胶空白制剂-251203-Side-24h-750X-2.mp4,0.0,5.0
03 standard viscosity,pH 1.2,13.833333333333336,1,2.6807010287817863,0.0,03-pH1.2T-亲水凝胶空白制剂-251203-Side-24h-750X-2.mp4,0.0,5.0
03 standard viscosity,pH 1.2,14.0,1,2.655312907431552,0.0,03-pH1.2T-亲水凝胶空白制剂-251203-Side-24h-750X-2.mp4,0.0,5.0
03 standard viscosity,pH 1.2,14.166666666666666,1,2.6340292309883537,0.0,03-pH1.2T-亲水凝胶空白制剂-251203-Side-24h-750X-2.mp4,0.0,5.0
03 standard viscosity,pH 1.2,14.333333333333334,1,2.611180195676706,0.0,03-pH1.2T-亲水凝胶空白制剂-251203-Side-24h-750X-2.mp4,0.0,5.0
03 standard viscosity,pH 1.2,14.499999999999998,1,2.610673474083245,0.0,03-pH1.2T-亲水凝胶空白制剂-251203-Side-24h-750X-2.mp4,0.0,5.0
03 standard viscosity,pH 1.2,14.666666666666668,1,2.593818818270463,0.0,03-pH1.2T-亲水凝胶空白制剂-251203-Side-24h-750X-2.mp4,0.0,5.0
03 standard viscosity,pH 1.2,14.833333333333334,1,2.575854853023348,0.0,03-pH1.2T-亲水凝胶空白制剂-251203-Side-24h-750X-2.mp4,0.0,5.0
03 standard viscosity,pH 1.2,15.0,1,2.550826914859816,0.0,03-pH1.2T-亲水凝胶空白制剂-251203-Side-24h-750X-2.mp4,0.0,5.0
03 standard viscosity,pH 1.2,15.166666666666666,1,2.533294347726053,0.0,03-pH1.2T-亲水凝胶空白制剂-251203-Side-24h-750X-2.mp4,0.0,5.0
03 standard viscosity,pH 1.2,15.333333333333332,1,2.5235420113286517,0.0,03-pH1.2T-亲水凝胶空白制剂-251203-Side-24h-750X-2.mp4,0.0,5.0
03 standard viscosity,pH 1.2,15.500000000000002,1,2.507888422644156,0.0,03-pH1.2T-亲水凝胶空白制剂-251203-Side-24h-750X-2.mp4,0.0,5.0
03 standard viscosity,pH 1.2,15.666666666666666,1,2.4839465121120154,0.0,03-pH1.2T-亲水凝胶空白制剂-251203-Side-24h-750X-2.mp4,0.0,5.0
03 standard viscosity,pH 1.2,15.833333333333334,1,2.4605222793158985,0.0,03-pH1.2T-亲水凝胶空白制剂-251203-Side-24h-750X-2.mp4,0.0,5.0
03 standard viscosity,pH 1.2,16.0,1,2.443919614782028,0.0,03-pH1.2T-亲水凝胶空白制剂-251203-Side-24h-750X-2.mp4,0.0,5.0
03 standard viscosity,pH 1.2,16.166666666666664,1,2.4206460289461287,0.0,03-pH1.2T-亲水凝胶空白制剂-251203-Side-24h-750X-2.mp4,0.0,5.0
03 standard viscosity,pH 1.2,16.333333333333336,1,2.4047596222322043,0.0,03-pH1.2T-亲水凝胶空白制剂-251203-Side-24h-750X-2.mp4,0.0,5.0
03 standard viscosity,pH 1.2,16.5,1,2.3833924052019766,0.0,03-pH1.2T-亲水凝胶空白制剂-251203-Side-24h-750X-2.mp4,0.0,5.0
03 standard viscosity,pH 1.2,16.666666666666668,1,2.3665404884248358,0.0,03-pH1.2T-亲水凝胶空白制剂-251203-Side-24h-750X-2.mp4,0.0,5.0
03 standard viscosity,pH 1.2,16.833333333333332,1,2.3399006277869687,0.0,03-pH1.2T-亲水凝胶空白制剂-251203-Side-24h-750X-2.mp4,0.0,5.0
03 standard viscosity,pH 1.2,16.999999999999996,1,2.3241128263560964,0.0,03-pH1.2T-亲水凝胶空白制剂-251203-Side-24h-750X-2.mp4,0.0,5.0
03 standard viscosity,pH 1.2,17.166666666666668,1,2.302700415237803,0.0,03-pH1.2T-亲水凝胶空白制剂-251203-Side-24h-750X-2.mp4,0.0,5.0
03 standard viscosity,pH 1.2,17.333333333333332,1,2.2769986743067503,0.0,03-pH1.2T-亲水凝胶空白制剂-251203-Side-24h-750X-2.mp4,0.0,5.0
03 standard viscosity,pH 1.2,17.5,1,2.248215518280324,0.0,03-pH1.2T-亲水凝胶空白制剂-251203-Side-24h-750X-2.mp4,0.0,5.0
03 standard viscosity,pH 1.2,17.666666666666668,1,2.2303035947103744,0.0,03-pH1.2T-亲水凝胶空白制剂-251203-Side-24h-750X-2.mp4,0.0,5.0
03 standard viscosity,pH 1.2,17.833333333333332,1,2.2105359744941,0.0,03-pH1.2T-亲水凝胶空白制剂-251203-Side-24h-750X-2.mp4,0.0,5.0
03 standard viscosity,pH 1.2,18.000000000000004,1,2.190521841070196,0.0,03-pH1.2T-亲水凝胶空白制剂-251203-Side-24h-750X-2.mp4,0.0,5.0
03 standard viscosity,pH 1.2,18.166666666666668,1,2.1709747132229684,0.0,03-pH1.2T-亲水凝胶空白制剂-251203-Side-24h-750X-2.mp4,0.0,5.0
03 standard viscosity,pH 1.2,18.33333333333333,1,2.1483530178694683,0.0,03-pH1.2T-亲水凝胶空白制剂-251203-Side-24h-750X-2.mp4,0.0,5.0
03 standard viscosity,pH 1.2,18.5,1,2.1314682326646435,0.0,03-pH1.2T-亲水凝胶空白制剂-251203-Side-24h-750X-2.mp4,0.0,5.0
03 standard viscosity,pH 1.2,18.666666666666668,1,2.108380901252287,0.0,03-pH1.2T-亲水凝胶空白制剂-251203-Side-24h-750X-2.mp4,0.0,5.0
03 standard viscosity,pH 1.2,18.83333333333333,1,2.086096107282548,0.0,03-pH1.2T-亲水凝胶空白制剂-251203-Side-24h-750X-2.mp4,0.0,5.0
03 standard viscosity,pH 1.2,19.0,1,2.0626431146122077,0.0,03-pH1.2T-亲水凝胶空白制剂-251203-Side-24h-750X-2.mp4,0.0,5.0
03 standard viscosity,pH 1.2,19.166666666666668,1,2.040085786596255,0.0,03-pH1.2T-亲水凝胶空白制剂-251203-Side-24h-750X-2.mp4,0.0,5.0
03 standard viscosity,pH 1.2,19.33333333333333,1,2.0250197210566103,0.0,03-pH1.2T-亲水凝胶空白制剂-251203-Side-24h-750X-2.mp4,0.0,5.0
03 standard viscosity,pH 1.2,19.5,1,2.0055835241528164,0.0,03-pH1.2T-亲水凝胶空白制剂-251203-Side-24h-750X-2.mp4,0.0,5.0
03 standard viscosity,pH 1.2,19.666666666666668,1,1.985180447667985,0.0,03-pH1.2T-亲水凝胶空白制剂-251203-Side-24h-750X-2.mp4,0.0,5.0
03 standard viscosity,pH 1.2,19.83333333333333,1,1.9626669442222784,0.0,03-pH1.2T-亲水凝胶空白制剂-251203-Side-24h-750X-2.mp4,0.0,5.0
03 standard viscosity,pH 1.2,20.0,1,1.9396248068979876,0.0,03-pH1.2T-亲水凝胶空白制剂-251203-Side-24h-750X-2.mp4,0.0,5.0
03 standard viscosity,pH 1.2,20.166666666666668,1,1.9203981462206787,0.0,03-pH1.2T-亲水凝胶空白制剂-251203-Side-24h-750X-2.mp4,0.0,5.0
03 standard viscosity,pH 1.2,20.33333333333333,1,1.8969561096928995,0.0,03-pH1.2T-亲水凝胶空白制剂-251203-Side-24h-750X-2.mp4,0.0,5.0
03 standard viscosity,pH 1.2,20.5,1,1.8761599815936805,0.0,03-pH1.2T-亲水凝胶空白制剂-251203-Side-24h-750X-2.mp4,0.0,5.0
03 standard viscosity,pH 1.2,20.666666666666668,1,1.8501377734927087,0.0,03-pH1.2T-亲水凝胶空白制剂-251203-Side-24h-750X-2.mp4,0.0,5.0
03 standard viscosity,pH 1.2,20.83333333333333,1,1.835023774829358,0.0,03-pH1.2T-亲水凝胶空白制剂-251203-Side-24h-750X-2.mp4,0.0,5.0
03 standard viscosity,pH 1.2,21.0,1,1.808583863793236,0.0,03-pH1.2T-亲水凝胶空白制剂-251203-Side-24h-750X-2.mp4,0.0,5.0
03 standard viscosity,pH 1.2,21.166666666666668,1,1.7791310135527485,0.0,03-pH1.2T-亲水凝胶空白制剂-251203-Side-24h-750X-2.mp4,0.0,5.0
03 standard viscosity,pH 1.2,21.33333333333333,1,1.757815838199687,0.0,03-pH1.2T-亲水凝胶空白制剂-251203-Side-24h-750X-2.mp4,0.0,5.0
03 standard viscosity,pH 1.2,21.5,1,1.737382632322812,0.0,03-pH1.2T-亲水凝胶空白制剂-251203-Side-24h-750X-2.mp4,0.0,5.0
03 standard viscosity,pH 1.2,21.666666666666668,1,1.7168467126094245,0.0,03-pH1.2T-亲水凝胶空白制剂-251203-Side-24h-750X-2.mp4,0.0,5.0
03 standard viscosity,pH 1.2,21.83333333333333,1,1.6988649436306464,0.0,03-pH1.2T-亲水凝胶空白制剂-251203-Side-24h-750X-2.mp4,0.0,5.0
03 standard viscosity,pH 1.2,22.0,1,1.6853683455129118,0.0,03-pH1.2T-亲水凝胶空白制剂-251203-Side-24h-750X-2.mp4,0.0,5.0
03 standard viscosity,pH 1.2,22.166666666666668,1,1.666421066470917,0.0,03-pH1.2T-亲水凝胶空白制剂-251203-Side-24h-750X-2.mp4,0.0,5.0
03 standard viscosity,pH 1.2,22.33333333333333,1,1.6406713924161582,0.0,03-pH1.2T-亲水凝胶空白制剂-251203-Side-24h-750X-2.mp4,0.0,5.0
03 standard viscosity,pH 1.2,22.5,1,1.622059645240104,0.0,03-pH1.2T-亲水凝胶空白制剂-251203-Side-24h-750X-2.mp4,0.0,5.0
03 standard viscosity,pH 1.2,22.666666666666668,1,1.6037039978964207,0.0,03-pH1.2T-亲水凝胶空白制剂-251203-Side-24h-750X-2.mp4,0.0,5.0
03 standard viscosity,pH 1.2,22.83333333333333,1,1.5903128526508388,0.0,03-pH1.2T-亲水凝胶空白制剂-251203-Side-24h-750X-2.mp4,0.0,5.0
03 standard viscosity,pH 1.2,23.0,1,1.5614461560373825,0.0,03-pH1.2T-亲水凝胶空白制剂-251203-Side-24h-750X-2.mp4,0.0,5.0
03 standard viscosity,pH 1.2,23.166666666666668,1,1.543990281901548,0.0,03-pH1.2T-亲水凝胶空白制剂-251203-Side-24h-750X-2.mp4,0.0,5.0
03 standard viscosity,pH 1.2,23.33333333333333,1,1.527146582231328,0.0,03-pH1.2T-亲水凝胶空白制剂-251203-Side-24h-750X-2.mp4,0.0,5.0
03 standard viscosity,pH 1.2,23.5,1,1.5005149387003824,0.0,03-pH1.2T-亲水凝胶空白制剂-251203-Side-24h-750X-2.mp4,0.0,5.0
03 standard viscosity,pH 1.2,23.666666666666668,1,1.487919483308317,0.0,03-pH1.2T-亲水凝胶空白制剂-251203-Side-24h-750X-2.mp4,0.0,5.0
03 standard viscosity,pH 1.2,23.83333333333333,1,1.4722207005357553,0.0,03-pH1.2T-亲水凝胶空白制剂-251203-Side-24h-750X-2.mp4,0.0,5.0
03 standard viscosity,pH 1.2,23.991666666666667,1,1.466190713573565,0.0,03-pH1.2T-亲水凝胶空白制剂-251203-Side-24h-750X-2.mp4,0.0,5.0
03 standard viscosity,pH 4.5,0.0,1,1.0,0.0,03-pH4.5T-亲水凝胶空白制剂-251203-Side-24h-750X-1.mp4,0.0,5.0
03 standard viscosity,pH 4.5,0.1666666666666666,1,1.2366766089421122,0.0,03-pH4.5T-亲水凝胶空白制剂-251203-Side-24h-750X-1.mp4,0.0,5.0
03 standard viscosity,pH 4.5,0.3333333333333333,1,1.4257623647776343,0.0,03-pH4.5T-亲水凝胶空白制剂-251203-Side-24h-750X-1.mp4,0.0,5.0
03 standard viscosity,pH 4.5,0.5,1,1.5083752541215925,0.0,03-pH4.5T-亲水凝胶空白制剂-251203-Side-24h-750X-1.mp4,0.0,5.0
03 standard viscosity,pH 4.5,0.6666666666666666,1,1.6211785306207245,0.0,03-pH4.5T-亲水凝胶空白制剂-251203-Side-24h-750X-1.mp4,0.0,5.0
03 standard viscosity,pH 4.5,0.8333333333333334,1,1.7133360043924082,0.0,03-pH4.5T-亲水凝胶空白制剂-251203-Side-24h-750X-1.mp4,0.0,5.0
03 standard viscosity,pH 4.5,1.0,1,1.7838890620130885,0.0,03-pH4.5T-亲水凝胶空白制剂-251203-Side-24h-750X-1.mp4,0.0,5.0
03 standard viscosity,pH 4.5,1.1666666666666667,1,1.841760524714716,0.0,03-pH4.5T-亲水凝胶空白制剂-251203-Side-24h-750X-1.mp4,0.0,5.0
03 standard viscosity,pH 4.5,1.3333333333333333,1,1.9157488610900888,0.0,03-pH4.5T-亲水凝胶空白制剂-251203-Side-24h-750X-1.mp4,0.0,5.0
03 standard viscosity,pH 4.5,1.5,1,1.9665464690082952,0.0,03-pH4.5T-亲水凝胶空白制剂-251203-Side-24h-750X-1.mp4,0.0,5.0
03 standard viscosity,pH 4.5,1.6666666666666667,1,2.0233020225852885,0.0,03-pH4.5T-亲水凝胶空白制剂-251203-Side-24h-750X-1.mp4,0.0,5.0
03 standard viscosity,pH 4.5,1.8333333333333333,1,2.077781240261764,0.0,03-pH4.5T-亲水凝胶空白制剂-251203-Side-24h-750X-1.mp4,0.0,5.0
03 standard viscosity,pH 4.5,2.0,1,2.120083396400006,0.0,03-pH4.5T-亲水凝胶空白制剂-251203-Side-24h-750X-1.mp4,0.0,5.0
03 standard viscosity,pH 4.5,2.1666666666666665,1,2.16440665390494,0.0,03-pH4.5T-亲水凝胶空白制剂-251203-Side-24h-750X-1.mp4,0.0,5.0
03 standard viscosity,pH 4.5,2.333333333333333,1,2.2278992120375727,0.0,03-pH4.5T-亲水凝胶空白制剂-251203-Side-24h-750X-1.mp4,0.0,5.0
03 standard viscosity,pH 4.5,2.5,1,2.268199557791331,0.0,03-pH4.5T-亲水凝胶空白制剂-251203-Side-24h-750X-1.mp4,0.0,5.0
03 standard viscosity,pH 4.5,2.6666666666666665,1,2.303016812832955,0.0,03-pH4.5T-亲水凝胶空白制剂-251203-Side-24h-750X-1.mp4,0.0,5.0
03 standard viscosity,pH 4.5,2.833333333333333,1,2.343376515455045,0.0,03-pH4.5T-亲水凝胶空白制剂-251203-Side-24h-750X-1.mp4,0.0,5.0
03 standard viscosity,pH 4.5,3.0,1,2.37757645906602,0.0,03-pH4.5T-亲水凝胶空白制剂-251203-Side-24h-750X-1.mp4,0.0,5.0
03 standard viscosity,pH 4.5,3.1666666666666665,1,2.416987935716512,0.0,03-pH4.5T-亲水凝胶空白制剂-251203-Side-24h-750X-1.mp4,0.0,5.0
03 standard viscosity,pH 4.5,3.333333333333333,1,2.445557880366232,0.0,03-pH4.5T-亲水凝胶空白制剂-251203-Side-24h-750X-1.mp4,0.0,5.0
03 standard viscosity,pH 4.5,3.5,1,2.4812298743118317,0.0,03-pH4.5T-亲水凝胶空白制剂-251203-Side-24h-750X-1.mp4,0.0,5.0
03 standard viscosity,pH 4.5,3.666666666666667,1,2.512960572200211,0.0,03-pH4.5T-亲水凝胶空白制剂-251203-Side-24h-750X-1.mp4,0.0,5.0
03 standard viscosity,pH 4.5,3.833333333333333,1,2.552342370416537,0.0,03-pH4.5T-亲水凝胶空白制剂-251203-Side-24h-750X-1.mp4,0.0,5.0
03 standard viscosity,pH 4.5,4.0,1,2.597462493878823,0.0,03-pH4.5T-亲水凝胶空白制剂-251203-Side-24h-750X-1.mp4,0.0,5.0
03 standard viscosity,pH 4.5,4.166666666666667,1,2.618302690350057,0.0,03-pH4.5T-亲水凝胶空白制剂-251203-Side-24h-750X-1.mp4,0.0,5.0
03 standard viscosity,pH 4.5,4.333333333333333,1,2.6514119515054384,0.0,03-pH4.5T-亲水凝胶空白制剂-251203-Side-24h-750X-1.mp4,0.0,5.0
03 standard viscosity,pH 4.5,4.500000000000001,1,2.680343973051982,0.0,03-pH4.5T-亲水凝胶空白制剂-251203-Side-24h-750X-1.mp4,0.0,5.0
03 standard viscosity,pH 4.5,4.666666666666667,1,2.69617148199261,0.0,03-pH4.5T-亲水凝胶空白制剂-251203-Side-24h-750X-1.mp4,0.0,5.0
03 standard viscosity,pH 4.5,4.833333333333333,1,2.7274480998382526,0.0,03-pH4.5T-亲水凝胶空白制剂-251203-Side-24h-750X-1.mp4,0.0,5.0
03 standard viscosity,pH 4.5,5.0,1,2.745605365860897,0.0,03-pH4.5T-亲水凝胶空白制剂-251203-Side-24h-750X-1.mp4,0.0,5.0
03 standard viscosity,pH 4.5,5.166666666666667,1,2.7762735758061403,0.0,03-pH4.5T-亲水凝胶空白制剂-251203-Side-24h-750X-1.mp4,0.0,5.0
03 standard viscosity,pH 4.5,5.333333333333333,1,2.802798676341836,0.0,03-pH4.5T-亲水凝胶空白制剂-251203-Side-24h-750X-1.mp4,0.0,5.0
03 standard viscosity,pH 4.5,5.5,1,2.8329341583938032,0.0,03-pH4.5T-亲水凝胶空白制剂-251203-Side-24h-750X-1.mp4,0.0,5.0
03 standard viscosity,pH 4.5,5.666666666666667,1,2.858184570182077,0.0,03-pH4.5T-亲水凝胶空白制剂-251203-Side-24h-750X-1.mp4,0.0,5.0
03 standard viscosity,pH 4.5,5.833333333333333,1,2.886661027764175,0.0,03-pH4.5T-亲水凝胶空白制剂-251203-Side-24h-750X-1.mp4,0.0,5.0
03 standard viscosity,pH 4.5,6.0,1,2.916499725474484,0.0,03-pH4.5T-亲水凝胶空白制剂-251203-Side-24h-750X-1.mp4,0.0,5.0
03 standard viscosity,pH 4.5,6.166666666666667,1,2.945231417590408,0.0,03-pH4.5T-亲水凝胶空白制剂-251203-Side-24h-750X-1.mp4,0.0,5.0
03 standard viscosity,pH 4.5,6.333333333333333,1,2.969538055172209,0.0,03-pH4.5T-亲水凝胶空白制剂-251203-Side-24h-750X-1.mp4,0.0,5.0
03 standard viscosity,pH 4.5,6.5,1,2.992943952277078,0.0,03-pH4.5T-亲水凝胶空白制剂-251203-Side-24h-750X-1.mp4,0.0,5.0
03 standard viscosity,pH 4.5,6.666666666666667,1,3.0229562688272567,0.0,03-pH4.5T-亲水凝胶空白制剂-251203-Side-24h-750X-1.mp4,0.0,5.0
03 standard viscosity,pH 4.5,6.833333333333332,1,3.047049221683064,0.0,03-pH4.5T-亲水凝胶空白制剂-251203-Side-24h-750X-1.mp4,0.0,5.0
03 standard viscosity,pH 4.5,7.0,1,3.106067755865201,0.0,03-pH4.5T-亲水凝胶空白制剂-251203-Side-24h-750X-1.mp4,0.0,5.0
03 standard viscosity,pH 4.5,7.166666666666667,1,3.0440695068928165,0.0,03-pH4.5T-亲水凝胶空白制剂-251203-Side-24h-750X-1.mp4,0.0,5.0
03 standard viscosity,pH 4.5,7.333333333333334,1,3.0980263841279734,0.0,03-pH4.5T-亲水凝胶空白制剂-251203-Side-24h-750X-1.mp4,0.0,5.0
03 standard viscosity,pH 4.5,7.5,1,3.0868198073869624,0.0,03-pH4.5T-亲水凝胶空白制剂-251203-Side-24h-750X-1.mp4,0.0,5.0
03 standard viscosity,pH 4.5,7.666666666666666,1,3.103408568163944,0.0,03-pH4.5T-亲水凝胶空白制剂-251203-Side-24h-750X-1.mp4,0.0,5.0
03 standard viscosity,pH 4.5,7.833333333333333,1,3.125654038492929,0.0,03-pH4.5T-亲水凝胶空白制剂-251203-Side-24h-750X-1.mp4,0.0,5.0
03 standard viscosity,pH 4.5,8.0,1,3.187267951742866,0.0,03-pH4.5T-亲水凝胶空白制剂-251203-Side-24h-750X-1.mp4,0.0,5.0
03 standard viscosity,pH 4.5,8.166666666666668,1,3.1639510899404946,0.0,03-pH4.5T-亲水凝胶空白制剂-251203-Side-24h-750X-1.mp4,0.0,5.0
03 standard viscosity,pH 4.5,8.333333333333334,1,3.220589413702533,0.0,03-pH4.5T-亲水凝胶空白制剂-251203-Side-24h-750X-1.mp4,0.0,5.0
03 standard viscosity,pH 4.5,8.499999999999998,1,3.241304960750271,0.0,03-pH4.5T-亲水凝胶空白制剂-251203-Side-24h-750X-1.mp4,0.0,5.0
03 standard viscosity,pH 4.5,8.666666666666666,1,3.256849040644616,0.0,03-pH4.5T-亲水凝胶空白制剂-251203-Side-24h-750X-1.mp4,0.0,5.0
03 standard viscosity,pH 4.5,8.833333333333334,1,3.272318924453546,0.0,03-pH4.5T-亲水凝胶空白制剂-251203-Side-24h-750X-1.mp4,0.0,5.0
03 standard viscosity,pH 4.5,9.000000000000002,1,3.2933861609461483,0.0,03-pH4.5T-亲水凝胶空白制剂-251203-Side-24h-750X-1.mp4,0.0,5.0
03 standard viscosity,pH 4.5,9.166666666666666,1,3.3079419489827715,0.0,03-pH4.5T-亲水凝胶空白制剂-251203-Side-24h-750X-1.mp4,0.0,5.0
03 standard viscosity,pH 4.5,9.333333333333334,1,3.321264598079805,0.0,03-pH4.5T-亲水凝胶空白制剂-251203-Side-24h-750X-1.mp4,0.0,5.0
03 standard viscosity,pH 4.5,9.5,1,3.3396800664796924,0.0,03-pH4.5T-亲水凝胶空白制剂-251203-Side-24h-750X-1.mp4,0.0,5.0
03 standard viscosity,pH 4.5,9.666666666666666,1,3.3394456068497824,0.0,03-pH4.5T-亲水凝胶空白制剂-251203-Side-24h-750X-1.mp4,0.0,5.0
03 standard viscosity,pH 4.5,9.833333333333334,1,3.348668180266809,0.0,03-pH4.5T-亲水凝胶空白制剂-251203-Side-24h-750X-1.mp4,0.0,5.0
03 standard viscosity,pH 4.5,10.0,1,3.3699090355992816,0.0,03-pH4.5T-亲水凝胶空白制剂-251203-Side-24h-750X-1.mp4,0.0,5.0
03 standard viscosity,pH 4.5,10.166666666666666,1,3.3844514683405302,0.0,03-pH4.5T-亲水凝胶空白制剂-251203-Side-24h-750X-1.mp4,0.0,5.0
03 standard viscosity,pH 4.5,10.333333333333334,1,3.394878986184689,0.0,03-pH4.5T-亲水凝胶空白制剂-251203-Side-24h-750X-1.mp4,0.0,5.0
03 standard viscosity,pH 4.5,10.5,1,3.4019528409681103,0.0,03-pH4.5T-亲水凝胶空白制剂-251203-Side-24h-750X-1.mp4,0.0,5.0
03 standard viscosity,pH 4.5,10.666666666666666,1,3.4110448292748075,0.0,03-pH4.5T-亲水凝胶空白制剂-251203-Side-24h-750X-1.mp4,0.0,5.0
03 standard viscosity,pH 4.5,10.833333333333334,1,3.415949190520708,0.0,03-pH4.5T-亲水凝胶空白制剂-251203-Side-24h-750X-1.mp4,0.0,5.0
03 standard viscosity,pH 4.5,11.0,1,3.4064149935449404,0.0,03-pH4.5T-亲水凝胶空白制剂-251203-Side-24h-750X-1.mp4,0.0,5.0
03 standard viscosity,pH 4.5,11.166666666666666,1,3.4089050141714523,0.0,03-pH4.5T-亲水凝胶空白制剂-251203-Side-24h-750X-1.mp4,0.0,5.0
03 standard viscosity,pH 4.5,11.333333333333334,1,3.414051254655804,0.0,03-pH4.5T-亲水凝胶空白制剂-251203-Side-24h-750X-1.mp4,0.0,5.0
03 standard viscosity,pH 4.5,11.5,1,3.413042187894167,0.0,03-pH4.5T-亲水凝胶空白制剂-251203-Side-24h-750X-1.mp4,0.0,5.0
03 standard viscosity,pH 4.5,11.666666666666666,1,3.4182700440724747,0.0,03-pH4.5T-亲水凝胶空白制剂-251203-Side-24h-750X-1.mp4,0.0,5.0
03 standard viscosity,pH 4.5,11.833333333333334,1,3.424745878407456,0.0,03-pH4.5T-亲水凝胶空白制剂-251203-Side-24h-750X-1.mp4,0.0,5.0
03 standard viscosity,pH 4.5,12.0,1,3.4329623529062605,0.0,03-pH4.5T-亲水凝胶空白制剂-251203-Side-24h-750X-1.mp4,0.0,5.0
03 standard viscosity,pH 4.5,12.166666666666666,1,3.43022006558934,0.0,03-pH4.5T-亲水凝胶空白制剂-251203-Side-24h-750X-1.mp4,0.0,5.0
03 standard viscosity,pH 4.5,12.333333333333334,1,3.43442104794551,0.0,03-pH4.5T-亲水凝胶空白制剂-251203-Side-24h-750X-1.mp4,0.0,5.0
03 standard viscosity,pH 4.5,12.5,1,3.439654839810652,0.0,03-pH4.5T-亲水凝胶空白制剂-251203-Side-24h-750X-1.mp4,0.0,5.0
03 standard viscosity,pH 4.5,12.666666666666666,1,3.4338230274970694,0.0,03-pH4.5T-亲水凝胶空白制剂-251203-Side-24h-750X-1.mp4,0.0,5.0
03 standard viscosity,pH 4.5,12.833333333333334,1,3.432122453219368,0.0,03-pH4.5T-亲水凝胶空白制剂-251203-Side-24h-750X-1.mp4,0.0,5.0
03 standard viscosity,pH 4.5,13.0,1,3.431692115923964,0.0,03-pH4.5T-亲水凝胶空白制剂-251203-Side-24h-750X-1.mp4,0.0,5.0
03 standard viscosity,pH 4.5,13.166666666666666,1,3.4241092759945984,0.0,03-pH4.5T-亲水凝胶空白制剂-251203-Side-24h-750X-1.mp4,0.0,5.0
03 standard viscosity,pH 4.5,13.333333333333334,1,3.456653162979121,0.0,03-pH4.5T-亲水凝胶空白制剂-251203-Side-24h-750X-1.mp4,0.0,5.0
03 standard viscosity,pH 4.5,13.5,1,3.465596759114989,0.0,03-pH4.5T-亲水凝胶空白制剂-251203-Side-24h-750X-1.mp4,0.0,5.0
03 standard viscosity,pH 4.5,13.666666666666664,1,3.4589873718262623,0.0,03-pH4.5T-亲水凝胶空白制剂-251203-Side-24h-750X-1.mp4,0.0,5.0
03 standard viscosity,pH 4.5,13.833333333333336,1,3.453467183071421,0.0,03-pH4.5T-亲水凝胶空白制剂-251203-Side-24h-750X-1.mp4,0.0,5.0
03 standard viscosity,pH 4.5,14.0,1,3.4475107213343423,0.0,03-pH4.5T-亲水凝胶空白制剂-251203-Side-24h-750X-1.mp4,0.0,5.0
03 standard viscosity,pH 4.5,14.166666666666666,1,3.432020062621496,0.0,03-pH4.5T-亲水凝胶空白制剂-251203-Side-24h-750X-1.mp4,0.0,5.0
03 standard viscosity,pH 4.5,14.333333333333334,1,3.425738622030302,0.0,03-pH4.5T-亲水凝胶空白制剂-251203-Side-24h-750X-1.mp4,0.0,5.0
03 standard viscosity,pH 4.5,14.499999999999998,1,3.418540117823384,0.0,03-pH4.5T-亲水凝胶空白制剂-251203-Side-24h-750X-1.mp4,0.0,5.0
03 standard viscosity,pH 4.5,14.666666666666668,1,3.408158601552182,0.0,03-pH4.5T-亲水凝胶空白制剂-251203-Side-24h-750X-1.mp4,0.0,5.0
03 standard viscosity,pH 4.5,14.833333333333334,1,3.40567748445592,0.0,03-pH4.5T-亲水凝胶空白制剂-251203-Side-24h-750X-1.mp4,0.0,5.0
03 standard viscosity,pH 4.5,15.0,1,3.3970410601136685,0.0,03-pH4.5T-亲水凝胶空白制剂-251203-Side-24h-750X-1.mp4,0.0,5.0
03 standard viscosity,pH 4.5,15.166666666666666,1,3.388094496134384,0.0,03-pH4.5T-亲水凝胶空白制剂-251203-Side-24h-750X-1.mp4,0.0,5.0
03 standard viscosity,pH 4.5,15.333333333333332,1,3.376505067592634,0.0,03-pH4.5T-亲水凝胶空白制剂-251203-Side-24h-750X-1.mp4,0.0,5.0
03 standard viscosity,pH 4.5,15.500000000000002,1,3.3658401222751486,0.0,03-pH4.5T-亲水凝胶空白制剂-251203-Side-24h-750X-1.mp4,0.0,5.0
03 standard viscosity,pH 4.5,15.666666666666666,1,3.355166273427414,0.0,03-pH4.5T-亲水凝胶空白制剂-251203-Side-24h-750X-1.mp4,0.0,5.0
03 standard viscosity,pH 4.5,15.833333333333334,1,3.347164967576311,0.0,03-pH4.5T-亲水凝胶空白制剂-251203-Side-24h-750X-1.mp4,0.0,5.0
03 standard viscosity,pH 4.5,16.0,1,3.3388371989493835,0.0,03-pH4.5T-亲水凝胶空白制剂-251203-Side-24h-750X-1.mp4,0.0,5.0
03 standard viscosity,pH 4.5,16.166666666666664,1,3.3295152027779014,0.0,03-pH4.5T-亲水凝胶空白制剂-251203-Side-24h-750X-1.mp4,0.0,5.0
03 standard viscosity,pH 4.5,16.333333333333336,1,3.3232767959162475,0.0,03-pH4.5T-亲水凝胶空白制剂-251203-Side-24h-750X-1.mp4,0.0,5.0
03 standard viscosity,pH 4.5,16.5,1,3.312334357239312,0.0,03-pH4.5T-亲水凝胶空白制剂-251203-Side-24h-750X-1.mp4,0.0,5.0
03 standard viscosity,pH 4.5,16.666666666666668,1,3.3000356141209988,0.0,03-pH4.5T-亲水凝胶空白制剂-251203-Side-24h-750X-1.mp4,0.0,5.0
03 standard viscosity,pH 4.5,16.833333333333332,1,3.2941756072949597,0.0,03-pH4.5T-亲水凝胶空白制剂-251203-Side-24h-750X-1.mp4,0.0,5.0
03 standard viscosity,pH 4.5,16.999999999999996,1,3.278159640297378,0.0,03-pH4.5T-亲水凝胶空白制剂-251203-Side-24h-750X-1.mp4,0.0,5.0
03 standard viscosity,pH 4.5,17.166666666666668,1,3.2729970766742347,0.0,03-pH4.5T-亲水凝胶空白制剂-251203-Side-24h-750X-1.mp4,0.0,5.0
03 standard viscosity,pH 4.5,17.333333333333332,1,3.257988692516583,0.0,03-pH4.5T-亲水凝胶空白制剂-251203-Side-24h-750X-1.mp4,0.0,5.0
03 standard viscosity,pH 4.5,17.5,1,3.2466693377257414,0.0,03-pH4.5T-亲水凝胶空白制剂-251203-Side-24h-750X-1.mp4,0.0,5.0
03 standard viscosity,pH 4.5,17.666666666666668,1,3.2376441258959177,0.0,03-pH4.5T-亲水凝胶空白制剂-251203-Side-24h-750X-1.mp4,0.0,5.0
03 standard viscosity,pH 4.5,17.833333333333332,1,3.225705975752719,0.0,03-pH4.5T-亲水凝胶空白制剂-251203-Side-24h-750X-1.mp4,0.0,5.0
03 standard viscosity,pH 4.5,18.000000000000004,1,3.21228390390123,0.0,03-pH4.5T-亲水凝胶空白制剂-251203-Side-24h-750X-1.mp4,0.0,5.0
03 standard viscosity,pH 4.5,18.166666666666668,1,3.2079271097656887,0.0,03-pH4.5T-亲水凝胶空白制剂-251203-Side-24h-750X-1.mp4,0.0,5.0
03 standard viscosity,pH 4.5,18.33333333333333,1,3.194518393209574,0.0,03-pH4.5T-亲水凝胶空白制剂-251203-Side-24h-750X-1.mp4,0.0,5.0
03 standard viscosity,pH 4.5,18.5,1,3.17801866773509,0.0,03-pH4.5T-亲水凝胶空白制剂-251203-Side-24h-750X-1.mp4,0.0,5.0
03 standard viscosity,pH 4.5,18.666666666666668,1,3.165329653207497,0.0,03-pH4.5T-亲水凝胶空白制剂-251203-Side-24h-750X-1.mp4,0.0,5.0
03 standard viscosity,pH 4.5,18.83333333333333,1,3.1571695677336065,0.0,03-pH4.5T-亲水凝胶空白制剂-251203-Side-24h-750X-1.mp4,0.0,5.0
03 standard viscosity,pH 4.5,19.0,1,3.153400406594548,0.0,03-pH4.5T-亲水凝胶空白制剂-251203-Side-24h-750X-1.mp4,0.0,5.0
03 standard viscosity,pH 4.5,19.166666666666668,1,3.137932006707326,0.0,03-pH4.5T-亲水凝胶空白制剂-251203-Side-24h-750X-1.mp4,0.0,5.0
03 standard viscosity,pH 4.5,19.33333333333333,1,3.1271809939307604,0.0,03-pH4.5T-亲水凝胶空白制剂-251203-Side-24h-750X-1.mp4,0.0,5.0
03 standard viscosity,pH 4.5,19.5,1,3.0898173292377096,0.0,03-pH4.5T-亲水凝胶空白制剂-251203-Side-24h-750X-1.mp4,0.0,5.0
03 standard viscosity,pH 4.5,19.666666666666668,1,3.082268619507635,0.0,03-pH4.5T-亲水凝胶空白制剂-251203-Side-24h-750X-1.mp4,0.0,5.0
03 standard viscosity,pH 4.5,19.83333333333333,1,3.059337577349419,0.0,03-pH4.5T-亲水凝胶空白制剂-251203-Side-24h-750X-1.mp4,0.0,5.0
03 standard viscosity,pH 4.5,20.0,1,3.038101173782071,0.0,03-pH4.5T-亲水凝胶空白制剂-251203-Side-24h-750X-1.mp4,0.0,5.0
03 standard viscosity,pH 4.5,20.166666666666668,1,3.029647271809939,0.0,03-pH4.5T-亲水凝胶空白制剂-251203-Side-24h-750X-1.mp4,0.0,5.0
03 standard viscosity,pH 4.5,20.33333333333333,1,3.017274332606212,0.0,03-pH4.5T-亲水凝胶空白制剂-251203-Side-24h-750X-1.mp4,0.0,5.0
03 standard viscosity,pH 4.5,20.5,1,3.0120405407410704,0.0,03-pH4.5T-亲水凝胶空白制剂-251203-Side-24h-750X-1.mp4,0.0,5.0
03 standard viscosity,pH 4.5,20.666666666666668,1,3.008209054890264,0.0,03-pH4.5T-亲水凝胶空白制剂-251203-Side-24h-750X-1.mp4,0.0,5.0
03 standard viscosity,pH 4.5,20.83333333333333,1,3.050946000089035,0.0,03-pH4.5T-亲水凝胶空白制剂-251203-Side-24h-750X-1.mp4,0.0,5.0
03 standard viscosity,pH 4.5,21.0,1,3.03616613987446,0.0,03-pH4.5T-亲水凝胶空白制剂-251203-Side-24h-750X-1.mp4,0.0,5.0
03 standard viscosity,pH 4.5,21.166666666666668,1,3.0139147338586416,0.0,03-pH4.5T-亲水凝胶空白制剂-251203-Side-24h-750X-1.mp4,0.0,5.0
03 standard viscosity,pH 4.5,21.33333333333333,1,2.986767870127172,0.0,03-pH4.5T-亲水凝胶空白制剂-251203-Side-24h-750X-1.mp4,0.0,5.0
03 standard viscosity,pH 4.5,21.5,1,2.9685022778198222,0.0,03-pH4.5T-亲水凝胶空白制剂-251203-Side-24h-750X-1.mp4,0.0,5.0
03 standard viscosity,pH 4.5,21.666666666666668,1,2.89907106501061,0.0,03-pH4.5T-亲水凝胶空白制剂-251203-Side-24h-750X-1.mp4,0.0,5.0
03 standard viscosity,pH 4.5,21.83333333333333,1,2.8733636053361824,0.0,03-pH4.5T-亲水凝胶空白制剂-251203-Side-24h-750X-1.mp4,0.0,5.0
03 standard viscosity,pH 4.5,22.0,1,2.8259879208772944,0.0,03-pH4.5T-亲水凝胶空白制剂-251203-Side-24h-750X-1.mp4,0.0,5.0
03 standard viscosity,pH 4.5,22.166666666666668,1,2.8066791316090165,0.0,03-pH4.5T-亲水凝胶空白制剂-251203-Side-24h-750X-1.mp4,0.0,5.0
03 standard viscosity,pH 4.5,22.33333333333333,1,2.8149416076807787,0.0,03-pH4.5T-亲水凝胶空白制剂-251203-Side-24h-750X-1.mp4,0.0,5.0
03 standard viscosity,pH 4.5,22.5,1,2.7877398388461025,0.0,03-pH4.5T-亲水凝胶空白制剂-251203-Side-24h-750X-1.mp4,0.0,5.0
03 standard viscosity,pH 4.5,22.666666666666668,1,2.781820475151731,0.0,03-pH4.5T-亲水凝胶空白制剂-251203-Side-24h-750X-1.mp4,0.0,5.0
03 standard viscosity,pH 4.5,22.83333333333333,1,2.767815222068884,0.0,03-pH4.5T-亲水凝胶空白制剂-251203-Side-24h-750X-1.mp4,0.0,5.0
03 standard viscosity,pH 4.5,23.0,1,2.7583225749009483,0.0,03-pH4.5T-亲水凝胶空白制剂-251203-Side-24h-750X-1.mp4,0.0,5.0
03 standard viscosity,pH 4.5,23.166666666666668,1,2.796103221594029,0.0,03-pH4.5T-亲水凝胶空白制剂-251203-Side-24h-750X-1.mp4,0.0,5.0
03 standard viscosity,pH 4.5,23.33333333333333,1,2.723615130065738,0.0,03-pH4.5T-亲水凝胶空白制剂-251203-Side-24h-750X-1.mp4,0.0,5.0
03 standard viscosity,pH 4.5,23.5,1,2.819461633204232,0.0,03-pH4.5T-亲水凝胶空白制剂-251203-Side-24h-750X-1.mp4,0.0,5.0
03 standard viscosity,pH 4.5,23.666666666666668,1,2.8117660152250368,0.0,03-pH4.5T-亲水凝胶空白制剂-251203-Side-24h-750X-1.mp4,0.0,5.0
03 standard viscosity,pH 4.5,23.83333333333333,1,2.787048331330039,0.0,03-pH4.5T-亲水凝胶空白制剂-251203-Side-24h-750X-1.mp4,0.0,5.0
03 standard viscosity,pH 4.5,23.991666666666667,1,2.70816898900414,0.0,03-pH4.5T-亲水凝胶空白制剂-251203-Side-24h-750X-1.mp4,0.0,5.0
03 standard viscosity,pH 6.8,0.0,1,1.0,0.0,03-pH6.8T-亲水凝胶空白制剂-251203-Side-24h-750X-1.mp4,0.0,5.0
03 standard viscosity,pH 6.8,0.1666666666666666,1,1.2392473319434945,0.0,03-pH6.8T-亲水凝胶空白制剂-251203-Side-24h-750X-1.mp4,0.0,5.0
03 standard viscosity,pH 6.8,0.3333333333333333,1,1.4058064931313727,0.0,03-pH6.8T-亲水凝胶空白制剂-251203-Side-24h-750X-1.mp4,0.0,5.0
03 standard viscosity,pH 6.8,0.5,1,1.5012803378715112,0.0,03-pH6.8T-亲水凝胶空白制剂-251203-Side-24h-750X-1.mp4,0.0,5.0
03 standard viscosity,pH 6.8,0.6666666666666666,1,1.5710022553701606,0.0,03-pH6.8T-亲水凝胶空白制剂-251203-Side-24h-750X-1.mp4,0.0,5.0
03 standard viscosity,pH 6.8,0.8333333333333334,1,1.6317206513784397,0.0,03-pH6.8T-亲水凝胶空白制剂-251203-Side-24h-750X-1.mp4,0.0,5.0
03 standard viscosity,pH 6.8,1.0,1,1.6766275107268518,0.0,03-pH6.8T-亲水凝胶空白制剂-251203-Side-24h-750X-1.mp4,0.0,5.0
03 standard viscosity,pH 6.8,1.1666666666666667,1,1.7109654091768274,0.0,03-pH6.8T-亲水凝胶空白制剂-251203-Side-24h-750X-1.mp4,0.0,5.0
03 standard viscosity,pH 6.8,1.3333333333333333,1,1.743890521009963,0.0,03-pH6.8T-亲水凝胶空白制剂-251203-Side-24h-750X-1.mp4,0.0,5.0
03 standard viscosity,pH 6.8,1.5,1,1.7790545404477516,0.0,03-pH6.8T-亲水凝胶空白制剂-251203-Side-24h-750X-1.mp4,0.0,5.0
03 standard viscosity,pH 6.8,1.6666666666666667,1,1.8632245956571776,0.0,03-pH6.8T-亲水凝胶空白制剂-251203-Side-24h-750X-1.mp4,0.0,5.0
03 standard viscosity,pH 6.8,1.8333333333333333,1,1.8977839903140308,0.0,03-pH6.8T-亲水凝胶空白制剂-251203-Side-24h-750X-1.mp4,0.0,5.0
03 standard viscosity,pH 6.8,2.0,1,1.9384150749121123,0.0,03-pH6.8T-亲水凝胶空白制剂-251203-Side-24h-750X-1.mp4,0.0,5.0
03 standard viscosity,pH 6.8,2.1666666666666665,1,1.977495686062052,0.0,03-pH6.8T-亲水凝胶空白制剂-251203-Side-24h-750X-1.mp4,0.0,5.0
03 standard viscosity,pH 6.8,2.333333333333333,1,2.0141667776642027,0.0,03-pH6.8T-亲水凝胶空白制剂-251203-Side-24h-750X-1.mp4,0.0,5.0
03 standard viscosity,pH 6.8,2.5,1,2.0485989616617006,0.0,03-pH6.8T-亲水凝胶空白制剂-251203-Side-24h-750X-1.mp4,0.0,5.0
03 standard viscosity,pH 6.8,2.6666666666666665,1,2.0830580843870616,0.0,03-pH6.8T-亲水凝胶空白制剂-251203-Side-24h-750X-1.mp4,0.0,5.0
03 standard viscosity,pH 6.8,2.833333333333333,1,2.1319009911955256,0.0,03-pH6.8T-亲水凝胶空白制剂-251203-Side-24h-750X-1.mp4,0.0,5.0
03 standard viscosity,pH 6.8,3.0,1,2.167216166828549,0.0,03-pH6.8T-亲水凝胶空白制剂-251203-Side-24h-750X-1.mp4,0.0,5.0
03 standard viscosity,pH 6.8,3.1666666666666665,1,2.2042883461566665,0.0,03-pH6.8T-亲水凝胶空白制剂-251203-Side-24h-750X-1.mp4,0.0,5.0
03 standard viscosity,pH 6.8,3.333333333333333,1,2.2212118536388985,0.0,03-pH6.8T-亲水凝胶空白制剂-251203-Side-24h-750X-1.mp4,0.0,5.0
03 standard viscosity,pH 6.8,3.5,1,2.254570978309834,0.0,03-pH6.8T-亲水凝胶空白制剂-251203-Side-24h-750X-1.mp4,0.0,5.0
03 standard viscosity,pH 6.8,3.666666666666667,1,2.287045614749253,0.0,03-pH6.8T-亲水凝胶空白制剂-251203-Side-24h-750X-1.mp4,0.0,5.0
03 standard viscosity,pH 6.8,3.833333333333333,1,2.318040117752173,0.0,03-pH6.8T-亲水凝胶空白制剂-251203-Side-24h-750X-1.mp4,0.0,5.0
03 standard viscosity,pH 6.8,4.0,1,2.348314758082741,0.0,03-pH6.8T-亲水凝胶空白制剂-251203-Side-24h-750X-1.mp4,0.0,5.0
03 standard viscosity,pH 6.8,4.166666666666667,1,2.35486386214555,0.0,03-pH6.8T-亲水凝胶空白制剂-251203-Side-24h-750X-1.mp4,0.0,5.0
03 standard viscosity,pH 6.8,4.333333333333333,1,2.562738052300044,0.0,03-pH6.8T-亲水凝胶空白制剂-251203-Side-24h-750X-1.mp4,0.0,5.0
03 standard viscosity,pH 6.8,4.500000000000001,1,2.589558549080117,0.0,03-pH6.8T-亲水凝胶空白制剂-251203-Side-24h-750X-1.mp4,0.0,5.0
03 standard viscosity,pH 6.8,4.666666666666667,1,2.4294347506596248,0.0,03-pH6.8T-亲水凝胶空白制剂-251203-Side-24h-750X-1.mp4,0.0,5.0
03 standard viscosity,pH 6.8,4.833333333333333,1,2.4577069455523413,0.0,03-pH6.8T-亲水凝胶空白制剂-251203-Side-24h-750X-1.mp4,0.0,5.0
03 standard viscosity,pH 6.8,5.0,1,2.661238014136846,0.0,03-pH6.8T-亲水凝胶空白制剂-251203-Side-24h-750X-1.mp4,0.0,5.0
03 standard viscosity,pH 6.8,5.166666666666667,1,2.5058539352243323,0.0,03-pH6.8T-亲水凝胶空白制剂-251203-Side-24h-750X-1.mp4,0.0,5.0
03 standard viscosity,pH 6.8,5.333333333333333,1,2.526493490555731,0.0,03-pH6.8T-亲水凝胶空白制剂-251203-Side-24h-750X-1.mp4,0.0,5.0
03 standard viscosity,pH 6.8,5.5,1,2.5515480040647547,0.0,03-pH6.8T-亲水凝胶空白制剂-251203-Side-24h-750X-1.mp4,0.0,5.0
03 standard viscosity,pH 6.8,5.666666666666667,1,2.573603339204978,0.0,03-pH6.8T-亲水凝胶空白制剂-251203-Side-24h-750X-1.mp4,0.0,5.0
03 standard viscosity,pH 6.8,5.833333333333333,1,2.5945511933108145,0.0,03-pH6.8T-亲水凝胶空白制剂-251203-Side-24h-750X-1.mp4,0.0,5.0
03 standard viscosity,pH 6.8,6.0,1,2.8219320156304484,0.0,03-pH6.8T-亲水凝胶空白制剂-251203-Side-24h-750X-1.mp4,0.0,5.0
03 standard viscosity,pH 6.8,6.166666666666667,1,2.820601541793192,0.0,03-pH6.8T-亲水凝胶空白制剂-251203-Side-24h-750X-1.mp4,0.0,5.0
03 standard viscosity,pH 6.8,6.333333333333333,1,2.8583471893178967,0.0,03-pH6.8T-亲水凝胶空白制剂-251203-Side-24h-750X-1.mp4,0.0,5.0
03 standard viscosity,pH 6.8,6.5,1,2.875745117729724,0.0,03-pH6.8T-亲水凝胶空白制剂-251203-Side-24h-750X-1.mp4,0.0,5.0
03 standard viscosity,pH 6.8,6.666666666666667,1,2.692248979695682,0.0,03-pH6.8T-亲水凝胶空白制剂-251203-Side-24h-750X-1.mp4,0.0,5.0
03 standard viscosity,pH 6.8,6.833333333333332,1,2.888321013853989,0.0,03-pH6.8T-亲水凝胶空白制剂-251203-Side-24h-750X-1.mp4,0.0,5.0
03 standard viscosity,pH 6.8,7.0,1,2.9312613460683674,0.0,03-pH6.8T-亲水凝胶空白制剂-251203-Side-24h-750X-1.mp4,0.0,5.0
03 standard viscosity,pH 6.8,7.166666666666667,1,2.940911397027461,0.0,03-pH6.8T-亲水凝胶空白制剂-251203-Side-24h-750X-1.mp4,0.0,5.0
03 standard viscosity,pH 6.8,7.333333333333334,1,2.951011923380272,0.0,03-pH6.8T-亲水凝胶空白制剂-251203-Side-24h-750X-1.mp4,0.0,5.0
03 standard viscosity,pH 6.8,7.5,1,2.8084536721227567,0.0,03-pH6.8T-亲水凝胶空白制剂-251203-Side-24h-750X-1.mp4,0.0,5.0
03 standard viscosity,pH 6.8,7.666666666666666,1,3.007028014780382,0.0,03-pH6.8T-亲水凝胶空白制剂-251203-Side-24h-750X-1.mp4,0.0,5.0
03 standard viscosity,pH 6.8,7.833333333333333,1,3.014924055236365,0.0,03-pH6.8T-亲水凝胶空白制剂-251203-Side-24h-750X-1.mp4,0.0,5.0
03 standard viscosity,pH 6.8,8.0,1,3.038326326769762,0.0,03-pH6.8T-亲水凝胶空白制剂-251203-Side-24h-750X-1.mp4,0.0,5.0
03 standard viscosity,pH 6.8,8.166666666666668,1,3.0429403322143784,0.0,03-pH6.8T-亲水凝胶空白制剂-251203-Side-24h-750X-1.mp4,0.0,5.0
03 standard viscosity,pH 6.8,8.333333333333334,1,3.088143517569289,0.0,03-pH6.8T-亲水凝胶空白制剂-251203-Side-24h-750X-1.mp4,0.0,5.0
03 standard viscosity,pH 6.8,8.499999999999998,1,3.1002165574401026,0.0,03-pH6.8T-亲水凝胶空白制剂-251203-Side-24h-750X-1.mp4,0.0,5.0
03 standard viscosity,pH 6.8,8.666666666666666,1,3.116400746502081,0.0,03-pH6.8T-亲水凝胶空白制剂-251203-Side-24h-750X-1.mp4,0.0,5.0
03 standard viscosity,pH 6.8,8.833333333333334,1,3.134526020566222,0.0,03-pH6.8T-亲水凝胶空白制剂-251203-Side-24h-750X-1.mp4,0.0,5.0
03 standard viscosity,pH 6.8,9.000000000000002,1,3.1775381893882364,0.0,03-pH6.8T-亲水凝胶空白制剂-251203-Side-24h-750X-1.mp4,0.0,5.0
03 standard viscosity,pH 6.8,9.166666666666666,1,3.186861982420984,0.0,03-pH6.8T-亲水凝胶空白制剂-251203-Side-24h-750X-1.mp4,0.0,5.0
03 standard viscosity,pH 6.8,9.333333333333334,1,3.204276373388727,0.0,03-pH6.8T-亲水凝胶空白制剂-251203-Side-24h-750X-1.mp4,0.0,5.0
03 standard viscosity,pH 6.8,9.5,1,3.2226051845078367,0.0,03-pH6.8T-亲水凝胶空白制剂-251203-Side-24h-750X-1.mp4,0.0,5.0
03 standard viscosity,pH 6.8,9.666666666666666,1,3.242337802667832,0.0,03-pH6.8T-亲水凝胶空白制剂-251203-Side-24h-750X-1.mp4,0.0,5.0
03 standard viscosity,pH 6.8,9.833333333333334,1,3.271891083730056,0.0,03-pH6.8T-亲水凝胶空白制剂-251203-Side-24h-750X-1.mp4,0.0,5.0
03 standard viscosity,pH 6.8,10.0,1,3.191508912977433,0.0,03-pH6.8T-亲水凝胶空白制剂-251203-Side-24h-750X-1.mp4,0.0,5.0
03 standard viscosity,pH 6.8,10.166666666666666,1,3.293127780862428,0.0,03-pH6.8T-亲水凝胶空白制剂-251203-Side-24h-750X-1.mp4,0.0,5.0
03 standard viscosity,pH 6.8,10.333333333333334,1,3.302795790973431,0.0,03-pH6.8T-亲水凝胶空白制剂-251203-Side-24h-750X-1.mp4,0.0,5.0
03 standard viscosity,pH 6.8,10.5,1,3.3396270183467704,0.0,03-pH6.8T-亲水凝胶空白制剂-251203-Side-24h-750X-1.mp4,0.0,5.0
03 standard viscosity,pH 6.8,10.666666666666666,1,3.3508440053099227,0.0,03-pH6.8T-亲水凝胶空白制剂-251203-Side-24h-750X-1.mp4,0.0,5.0
03 standard viscosity,pH 6.8,10.833333333333334,1,3.356599913496752,0.0,03-pH6.8T-亲水凝胶空白制剂-251203-Side-24h-750X-1.mp4,0.0,5.0
03 standard viscosity,pH 6.8,11.0,1,3.364983844246262,0.0,03-pH6.8T-亲水凝胶空白制剂-251203-Side-24h-750X-1.mp4,0.0,5.0
03 standard viscosity,pH 6.8,11.166666666666666,1,3.3276303048715694,0.0,03-pH6.8T-亲水凝胶空白制剂-251203-Side-24h-750X-1.mp4,0.0,5.0
03 standard viscosity,pH 6.8,11.333333333333334,1,3.300465591013241,0.0,03-pH6.8T-亲水凝胶空白制剂-251203-Side-24h-750X-1.mp4,0.0,5.0
03 standard viscosity,pH 6.8,11.5,1,3.3350429448220025,0.0,03-pH6.8T-亲水凝胶空白制剂-251203-Side-24h-750X-1.mp4,0.0,5.0
03 standard viscosity,pH 6.8,11.666666666666666,1,3.326715884720204,0.0,03-pH6.8T-亲水凝胶空白制剂-251203-Side-24h-750X-1.mp4,0.0,5.0
03 standard viscosity,pH 6.8,11.833333333333334,1,3.320693582446725,0.0,03-pH6.8T-亲水凝胶空白制剂-251203-Side-24h-750X-1.mp4,0.0,5.0
03 standard viscosity,pH 6.8,12.0,1,3.3255260909062336,0.0,03-pH6.8T-亲水凝胶空白制剂-251203-Side-24h-750X-1.mp4,0.0,5.0
03 standard viscosity,pH 6.8,12.166666666666666,1,3.277147128855418,0.0,03-pH6.8T-亲水凝胶空白制剂-251203-Side-24h-750X-1.mp4,0.0,5.0
03 standard viscosity,pH 6.8,12.333333333333334,1,3.3169939971534745,0.0,03-pH6.8T-亲水凝胶空白制剂-251203-Side-24h-750X-1.mp4,0.0,5.0
03 standard viscosity,pH 6.8,12.5,1,3.3235969786720103,0.0,03-pH6.8T-亲水凝胶空白制剂-251203-Side-24h-750X-1.mp4,0.0,5.0
03 standard viscosity,pH 6.8,12.666666666666666,1,3.330316694677955,0.0,03-pH6.8T-亲水凝胶空白制剂-251203-Side-24h-750X-1.mp4,0.0,5.0
03 standard viscosity,pH 6.8,12.833333333333334,1,3.325978062895943,0.0,03-pH6.8T-亲水凝胶空白制剂-251203-Side-24h-750X-1.mp4,0.0,5.0
03 standard viscosity,pH 6.8,13.0,1,3.3345385919725583,0.0,03-pH6.8T-亲水凝胶空白制剂-251203-Side-24h-750X-1.mp4,0.0,5.0
03 standard viscosity,pH 6.8,13.166666666666666,1,3.3400430720326617,0.0,03-pH6.8T-亲水凝胶空白制剂-251203-Side-24h-750X-1.mp4,0.0,5.0
03 standard viscosity,pH 6.8,13.333333333333334,1,3.3361279769165035,0.0,03-pH6.8T-亲水凝胶空白制剂-251203-Side-24h-750X-1.mp4,0.0,5.0
03 standard viscosity,pH 6.8,13.5,1,3.3302747899901672,0.0,03-pH6.8T-亲水凝胶空白制剂-251203-Side-24h-750X-1.mp4,0.0,5.0
03 standard viscosity,pH 6.8,13.666666666666664,1,3.3302957423340613,0.0,03-pH6.8T-亲水凝胶空白制剂-251203-Side-24h-750X-1.mp4,0.0,5.0
03 standard viscosity,pH 6.8,13.833333333333336,1,3.3634707856979302,0.0,03-pH6.8T-亲水凝胶空白制剂-251203-Side-24h-750X-1.mp4,0.0,5.0
03 standard viscosity,pH 6.8,14.0,1,3.3546962433943994,0.0,03-pH6.8T-亲水凝胶空白制剂-251203-Side-24h-750X-1.mp4,0.0,5.0
03 standard viscosity,pH 6.8,14.166666666666666,1,3.350965229585308,0.0,03-pH6.8T-亲水凝胶空白制剂-251203-Side-24h-750X-1.mp4,0.0,5.0
03 standard viscosity,pH 6.8,14.333333333333334,1,3.347104011924877,0.0,03-pH6.8T-亲水凝胶空白制剂-251203-Side-24h-750X-1.mp4,0.0,5.0
03 standard viscosity,pH 6.8,14.499999999999998,1,3.344933947735875,0.0,03-pH6.8T-亲水凝胶空白制剂-251203-Side-24h-750X-1.mp4,0.0,5.0
03 standard viscosity,pH 6.8,14.666666666666668,1,3.2825722893279234,0.0,03-pH6.8T-亲水凝胶空白制剂-251203-Side-24h-750X-1.mp4,0.0,5.0
03 standard viscosity,pH 6.8,14.833333333333334,1,3.2636179010839843,0.0,03-pH6.8T-亲水凝胶空白制剂-251203-Side-24h-750X-1.mp4,0.0,5.0
03 standard viscosity,pH 6.8,15.0,1,3.277787671940172,0.0,03-pH6.8T-亲水凝胶空白制剂-251203-Side-24h-750X-1.mp4,0.0,5.0
03 standard viscosity,pH 6.8,15.166666666666666,1,3.2754544787879967,0.0,03-pH6.8T-亲水凝胶空白制剂-251203-Side-24h-750X-1.mp4,0.0,5.0
03 standard viscosity,pH 6.8,15.333333333333332,1,3.273926454279741,0.0,03-pH6.8T-亲水凝胶空白制剂-251203-Side-24h-750X-1.mp4,0.0,5.0
03 standard viscosity,pH 6.8,15.500000000000002,1,3.268948776008968,0.0,03-pH6.8T-亲水凝胶空白制剂-251203-Side-24h-750X-1.mp4,0.0,5.0
03 standard viscosity,pH 6.8,15.666666666666666,1,3.268037349049586,0.0,03-pH6.8T-亲水凝胶空白制剂-251203-Side-24h-750X-1.mp4,0.0,5.0
03 standard viscosity,pH 6.8,15.833333333333334,1,3.270122107267021,0.0,03-pH6.8T-亲水凝胶空白制剂-251203-Side-24h-750X-1.mp4,0.0,5.0
03 standard viscosity,pH 6.8,16.0,1,3.265118986864377,0.0,03-pH6.8T-亲水凝胶空白制剂-251203-Side-24h-750X-1.mp4,0.0,5.0
03 standard viscosity,pH 6.8,16.166666666666664,1,3.25658838970761,0.0,03-pH6.8T-亲水凝胶空白制剂-251203-Side-24h-750X-1.mp4,0.0,5.0
03 standard viscosity,pH 6.8,16.333333333333336,1,3.2545964204417053,0.0,03-pH6.8T-亲水凝胶空白制剂-251203-Side-24h-750X-1.mp4,0.0,5.0
03 standard viscosity,pH 6.8,16.5,1,3.2443791596014866,0.0,03-pH6.8T-亲水凝胶空白制剂-251203-Side-24h-750X-1.mp4,0.0,5.0
03 standard viscosity,pH 6.8,16.666666666666668,1,3.2678772132783984,0.0,03-pH6.8T-亲水凝胶空白制剂-251203-Side-24h-750X-1.mp4,0.0,5.0
03 standard viscosity,pH 6.8,16.833333333333332,1,3.2373376754571725,0.0,03-pH6.8T-亲水凝胶空白制剂-251203-Side-24h-750X-1.mp4,0.0,5.0
03 standard viscosity,pH 6.8,16.999999999999996,1,3.237497811228361,0.0,03-pH6.8T-亲水凝胶空白制剂-251203-Side-24h-750X-1.mp4,0.0,5.0
03 standard viscosity,pH 6.8,17.166666666666668,1,3.2575955988105054,0.0,03-pH6.8T-亲水凝胶空白制剂-251203-Side-24h-750X-1.mp4,0.0,5.0
03 standard viscosity,pH 6.8,17.333333333333332,1,3.25508880052321,0.0,03-pH6.8T-亲水凝胶空白制剂-251203-Side-24h-750X-1.mp4,0.0,5.0
03 standard viscosity,pH 6.8,17.5,1,3.249739966446318,0.0,03-pH6.8T-亲水凝胶空白制剂-251203-Side-24h-750X-1.mp4,0.0,5.0
03 standard viscosity,pH 6.8,17.666666666666668,1,3.2526747911874443,0.0,03-pH6.8T-亲水凝胶空白制剂-251203-Side-24h-750X-1.mp4,0.0,5.0
03 standard viscosity,pH 6.8,17.833333333333332,1,3.2448580703190597,0.0,03-pH6.8T-亲水凝胶空白制剂-251203-Side-24h-750X-1.mp4,0.0,5.0
03 standard viscosity,pH 6.8,18.000000000000004,1,3.239952228655922,0.0,03-pH6.8T-亲水凝胶空白制剂-251203-Side-24h-750X-1.mp4,0.0,5.0
03 standard viscosity,pH 6.8,18.166666666666668,1,3.28767568166206,0.0,03-pH6.8T-亲水凝胶空白制剂-251203-Side-24h-750X-1.mp4,0.0,5.0
03 standard viscosity,pH 6.8,18.33333333333333,1,3.274698697811827,0.0,03-pH6.8T-亲水凝胶空白制剂-251203-Side-24h-750X-1.mp4,0.0,5.0
03 standard viscosity,pH 6.8,18.5,1,3.3058383706260117,0.0,03-pH6.8T-亲水凝胶空白制剂-251203-Side-24h-750X-1.mp4,0.0,5.0
03 standard viscosity,pH 6.8,18.666666666666668,1,3.2983314451280563,0.0,03-pH6.8T-亲水凝胶空白制剂-251203-Side-24h-750X-1.mp4,0.0,5.0
03 standard viscosity,pH 6.8,18.83333333333333,1,3.297093760242329,0.0,03-pH6.8T-亲水凝胶空白制剂-251203-Side-24h-750X-1.mp4,0.0,5.0
03 standard viscosity,pH 6.8,19.0,1,3.286210514185485,0.0,03-pH6.8T-亲水凝胶空白制剂-251203-Side-24h-750X-1.mp4,0.0,5.0
03 standard viscosity,pH 6.8,19.166666666666668,1,3.324813711213844,0.0,03-pH6.8T-亲水凝胶空白制剂-251203-Side-24h-750X-1.mp4,0.0,5.0
03 standard viscosity,pH 6.8,19.33333333333333,1,3.30241715218735,0.0,03-pH6.8T-亲水凝胶空白制剂-251203-Side-24h-750X-1.mp4,0.0,5.0
03 standard viscosity,pH 6.8,19.5,1,3.2900582624819847,0.0,03-pH6.8T-亲水凝胶空白制剂-251203-Side-24h-750X-1.mp4,0.0,5.0
03 standard viscosity,pH 6.8,19.666666666666668,1,3.2821682084099715,0.0,03-pH6.8T-亲水凝胶空白制剂-251203-Side-24h-750X-1.mp4,0.0,5.0
03 standard viscosity,pH 6.8,19.83333333333333,1,3.2812567814505904,0.0,03-pH6.8T-亲水凝胶空白制剂-251203-Side-24h-750X-1.mp4,0.0,5.0
03 standard viscosity,pH 6.8,20.0,1,3.299573619801761,0.0,03-pH6.8T-亲水凝胶空白制剂-251203-Side-24h-750X-1.mp4,0.0,5.0
03 standard viscosity,pH 6.8,20.166666666666668,1,3.2886215303292663,0.0,03-pH6.8T-亲水凝胶空白制剂-251203-Side-24h-750X-1.mp4,0.0,5.0
03 standard viscosity,pH 6.8,20.33333333333333,1,3.2850072510075834,0.0,03-pH6.8T-亲水凝胶空白制剂-251203-Side-24h-750X-1.mp4,0.0,5.0
03 standard viscosity,pH 6.8,20.5,1,3.2839835793487717,0.0,03-pH6.8T-亲水凝胶空白制剂-251203-Side-24h-750X-1.mp4,0.0,5.0
03 standard viscosity,pH 6.8,20.666666666666668,1,3.2778625017397927,0.0,03-pH6.8T-亲水凝胶空白制剂-251203-Side-24h-750X-1.mp4,0.0,5.0
03 standard viscosity,pH 6.8,20.83333333333333,1,3.282912016618202,0.0,03-pH6.8T-亲水凝胶空白制剂-251203-Side-24h-750X-1.mp4,0.0,5.0
03 standard viscosity,pH 6.8,21.0,1,3.2801178719003627,0.0,03-pH6.8T-亲水凝胶空白制剂-251203-Side-24h-750X-1.mp4,0.0,5.0
03 standard viscosity,pH 6.8,21.166666666666668,1,3.268139117577071,0.0,03-pH6.8T-亲水凝胶空白制剂-251203-Side-24h-750X-1.mp4,0.0,5.0
03 standard viscosity,pH 6.8,21.33333333333333,1,3.2304248985682067,0.0,03-pH6.8T-亲水凝胶空白制剂-251203-Side-24h-750X-1.mp4,0.0,5.0
03 standard viscosity,pH 6.8,21.5,1,3.21036901567385,0.0,03-pH6.8T-亲水凝胶空白制剂-251203-Side-24h-750X-1.mp4,0.0,5.0
03 standard viscosity,pH 6.8,21.666666666666668,1,3.296204782222834,0.0,03-pH6.8T-亲水凝胶空白制剂-251203-Side-24h-750X-1.mp4,0.0,5.0
03 standard viscosity,pH 6.8,21.83333333333333,1,3.324653575442656,0.0,03-pH6.8T-亲水凝胶空白制剂-251203-Side-24h-750X-1.mp4,0.0,5.0
03 standard viscosity,pH 6.8,22.0,1,3.319822563579139,0.0,03-pH6.8T-亲水凝胶空白制剂-251203-Side-24h-750X-1.mp4,0.0,5.0
03 standard viscosity,pH 6.8,22.166666666666668,1,3.280480048130527,0.0,03-pH6.8T-亲水凝胶空白制剂-251203-Side-24h-750X-1.mp4,0.0,5.0
03 standard viscosity,pH 6.8,22.33333333333333,1,3.305045174750031,0.0,03-pH6.8T-亲水凝胶空白制剂-251203-Side-24h-750X-1.mp4,0.0,5.0
03 standard viscosity,pH 6.8,22.5,1,3.302914022056832,0.0,03-pH6.8T-亲水凝胶空白制剂-251203-Side-24h-750X-1.mp4,0.0,5.0
03 standard viscosity,pH 6.8,22.666666666666668,1,3.296346958842113,0.0,03-pH6.8T-亲水凝胶空白制剂-251203-Side-24h-750X-1.mp4,0.0,5.0
03 standard viscosity,pH 6.8,22.83333333333333,1,3.29125104948794,0.0,03-pH6.8T-亲水凝胶空白制剂-251203-Side-24h-750X-1.mp4,0.0,5.0
03 standard viscosity,pH 6.8,23.0,1,3.286939356433791,0.0,03-pH6.8T-亲水凝胶空白制剂-251203-Side-24h-750X-1.mp4,0.0,5.0
03 standard viscosity,pH 6.8,23.166666666666668,1,3.293911997162454,0.0,03-pH6.8T-亲水凝胶空白制剂-251203-Side-24h-750X-1.mp4,0.0,5.0
03 standard viscosity,pH 6.8,23.33333333333333,1,3.28325773029245,0.0,03-pH6.8T-亲水凝胶空白制剂-251203-Side-24h-750X-1.mp4,0.0,5.0
03 standard viscosity,pH 6.8,23.5,1,3.28612071842594,0.0,03-pH6.8T-亲水凝胶空白制剂-251203-Side-24h-750X-1.mp4,0.0,5.0
03 standard viscosity,pH 6.8,23.666666666666668,1,3.266920888439245,0.0,03-pH6.8T-亲水凝胶空白制剂-251203-Side-24h-750X-1.mp4,0.0,5.0
03 standard viscosity,pH 6.8,23.83333333333333,1,3.262395182158181,0.0,03-pH6.8T-亲水凝胶空白制剂-251203-Side-24h-750X-1.mp4,0.0,5.0
03 standard viscosity,pH 6.8,23.991666666666667,1,3.292186421983199,0.0,03-pH6.8T-亲水凝胶空白制剂-251203-Side-24h-750X-1.mp4,0.0,5.0
