formulation_group_fig4,pH_condition_fig4,real_time_h,n_videos,mean_smoothed_normalized_projected_area,sd_smoothed_normalized_projected_area,source_videos,raw_points_in_trace,downsample_interval_h,smoothing_window_h,smoothing_window_points,smoothing_method,downsampling_method,y_axis_min,y_axis_max,x_axis_min,x_axis_max,x_axis_ticks
01 high viscosity,pH 1.2,0.0,1,1.2251764518944985,0.0,01-pH1.2T-亲水凝胶空白制剂-251217-Side-24h-750X-2.mp4,145,0.3333333333333333,0.75,5,centered moving average on extracted normalized projected area,linear interpolation to regular 0.5 h grid after smoothing,0.0,5.0,0.0,24.8,"0,4,8,12,16,20,24"
01 high viscosity,pH 1.2,0.3333333333333333,1,1.3542572735980198,0.0,01-pH1.2T-亲水凝胶空白制剂-251217-Side-24h-750X-2.mp4,145,0.3333333333333333,0.75,5,centered moving average on extracted normalized projected area,linear interpolation to regular 0.5 h grid after smoothing,0.0,5.0,0.0,24.8,"0,4,8,12,16,20,24"
01 high viscosity,pH 1.2,0.6666666666666666,1,1.5944461140118817,0.0,01-pH1.2T-亲水凝胶空白制剂-251217-Side-24h-750X-2.mp4,145,0.3333333333333333,0.75,5,centered moving average on extracted normalized projected area,linear interpolation to regular 0.5 h grid after smoothing,0.0,5.0,0.0,24.8,"0,4,8,12,16,20,24"
01 high viscosity,pH 1.2,1.0,1,1.7691655403254818,0.0,01-pH1.2T-亲水凝胶空白制剂-251217-Side-24h-750X-2.mp4,145,0.3333333333333333,0.75,5,centered moving average on extracted normalized projected area,linear interpolation to regular 0.5 h grid after smoothing,0.0,5.0,0.0,24.8,"0,4,8,12,16,20,24"
01 high viscosity,pH 1.2,1.3333333333333333,1,1.9092556377509105,0.0,01-pH1.2T-亲水凝胶空白制剂-251217-Side-24h-750X-2.mp4,145,0.3333333333333333,0.75,5,centered moving average on extracted normalized projected area,linear interpolation to regular 0.5 h grid after smoothing,0.0,5.0,0.0,24.8,"0,4,8,12,16,20,24"
01 high viscosity,pH 1.2,1.6666666666666665,1,2.0130832239067584,0.0,01-pH1.2T-亲水凝胶空白制剂-251217-Side-24h-750X-2.mp4,145,0.3333333333333333,0.75,5,centered moving average on extracted normalized projected area,linear interpolation to regular 0.5 h grid after smoothing,0.0,5.0,0.0,24.8,"0,4,8,12,16,20,24"
01 high viscosity,pH 1.2,2.0,1,2.105987200421619,0.0,01-pH1.2T-亲水凝胶空白制剂-251217-Side-24h-750X-2.mp4,145,0.3333333333333333,0.75,5,centered moving average on extracted normalized projected area,linear interpolation to regular 0.5 h grid after smoothing,0.0,5.0,0.0,24.8,"0,4,8,12,16,20,24"
01 high viscosity,pH 1.2,2.333333333333333,1,2.1978027834567744,0.0,01-pH1.2T-亲水凝胶空白制剂-251217-Side-24h-750X-2.mp4,145,0.3333333333333333,0.75,5,centered moving average on extracted normalized projected area,linear interpolation to regular 0.5 h grid after smoothing,0.0,5.0,0.0,24.8,"0,4,8,12,16,20,24"
01 high viscosity,pH 1.2,2.6666666666666665,1,2.283595488318867,0.0,01-pH1.2T-亲水凝胶空白制剂-251217-Side-24h-750X-2.mp4,145,0.3333333333333333,0.75,5,centered moving average on extracted normalized projected area,linear interpolation to regular 0.5 h grid after smoothing,0.0,5.0,0.0,24.8,"0,4,8,12,16,20,24"
01 high viscosity,pH 1.2,3.0,1,2.359748982591922,0.0,01-pH1.2T-亲水凝胶空白制剂-251217-Side-24h-750X-2.mp4,145,0.3333333333333333,0.75,5,centered moving average on extracted normalized projected area,linear interpolation to regular 0.5 h grid after smoothing,0.0,5.0,0.0,24.8,"0,4,8,12,16,20,24"
01 high viscosity,pH 1.2,3.333333333333333,1,2.4297937352237113,0.0,01-pH1.2T-亲水凝胶空白制剂-251217-Side-24h-750X-2.mp4,145,0.3333333333333333,0.75,5,centered moving average on extracted normalized projected area,linear interpolation to regular 0.5 h grid after smoothing,0.0,5.0,0.0,24.8,"0,4,8,12,16,20,24"
01 high viscosity,pH 1.2,3.6666666666666665,1,2.5146084847910632,0.0,01-pH1.2T-亲水凝胶空白制剂-251217-Side-24h-750X-2.mp4,145,0.3333333333333333,0.75,5,centered moving average on extracted normalized projected area,linear interpolation to regular 0.5 h grid after smoothing,0.0,5.0,0.0,24.8,"0,4,8,12,16,20,24"
01 high viscosity,pH 1.2,4.0,1,2.593738776682443,0.0,01-pH1.2T-亲水凝胶空白制剂-251217-Side-24h-750X-2.mp4,145,0.3333333333333333,0.75,5,centered moving average on extracted normalized projected area,linear interpolation to regular 0.5 h grid after smoothing,0.0,5.0,0.0,24.8,"0,4,8,12,16,20,24"
01 high viscosity,pH 1.2,4.333333333333333,1,2.664795237834405,0.0,01-pH1.2T-亲水凝胶空白制剂-251217-Side-24h-750X-2.mp4,145,0.3333333333333333,0.75,5,centered moving average on extracted normalized projected area,linear interpolation to regular 0.5 h grid after smoothing,0.0,5.0,0.0,24.8,"0,4,8,12,16,20,24"
01 high viscosity,pH 1.2,4.666666666666666,1,2.723264706709638,0.0,01-pH1.2T-亲水凝胶空白制剂-251217-Side-24h-750X-2.mp4,145,0.3333333333333333,0.75,5,centered moving average on extracted normalized projected area,linear interpolation to regular 0.5 h grid after smoothing,0.0,5.0,0.0,24.8,"0,4,8,12,16,20,24"
01 high viscosity,pH 1.2,5.0,1,2.784634584324588,0.0,01-pH1.2T-亲水凝胶空白制剂-251217-Side-24h-750X-2.mp4,145,0.3333333333333333,0.75,5,centered moving average on extracted normalized projected area,linear interpolation to regular 0.5 h grid after smoothing,0.0,5.0,0.0,24.8,"0,4,8,12,16,20,24"
01 high viscosity,pH 1.2,5.333333333333333,1,2.845268404760389,0.0,01-pH1.2T-亲水凝胶空白制剂-251217-Side-24h-750X-2.mp4,145,0.3333333333333333,0.75,5,centered moving average on extracted normalized projected area,linear interpolation to regular 0.5 h grid after smoothing,0.0,5.0,0.0,24.8,"0,4,8,12,16,20,24"
01 high viscosity,pH 1.2,5.666666666666666,1,2.887677556029614,0.0,01-pH1.2T-亲水凝胶空白制剂-251217-Side-24h-750X-2.mp4,145,0.3333333333333333,0.75,5,centered moving average on extracted normalized projected area,linear interpolation to regular 0.5 h grid after smoothing,0.0,5.0,0.0,24.8,"0,4,8,12,16,20,24"
01 high viscosity,pH 1.2,6.0,1,2.9348997988130114,0.0,01-pH1.2T-亲水凝胶空白制剂-251217-Side-24h-750X-2.mp4,145,0.3333333333333333,0.75,5,centered moving average on extracted normalized projected area,linear interpolation to regular 0.5 h grid after smoothing,0.0,5.0,0.0,24.8,"0,4,8,12,16,20,24"
01 high viscosity,pH 1.2,6.333333333333333,1,2.9877762990180474,0.0,01-pH1.2T-亲水凝胶空白制剂-251217-Side-24h-750X-2.mp4,145,0.3333333333333333,0.75,5,centered moving average on extracted normalized projected area,linear interpolation to regular 0.5 h grid after smoothing,0.0,5.0,0.0,24.8,"0,4,8,12,16,20,24"
01 high viscosity,pH 1.2,6.666666666666666,1,3.0349245215702356,0.0,01-pH1.2T-亲水凝胶空白制剂-251217-Side-24h-750X-2.mp4,145,0.3333333333333333,0.75,5,centered moving average on extracted normalized projected area,linear interpolation to regular 0.5 h grid after smoothing,0.0,5.0,0.0,24.8,"0,4,8,12,16,20,24"
01 high viscosity,pH 1.2,7.0,1,3.088880532827232,0.0,01-pH1.2T-亲水凝胶空白制剂-251217-Side-24h-750X-2.mp4,145,0.3333333333333333,0.75,5,centered moving average on extracted normalized projected area,linear interpolation to regular 0.5 h grid after smoothing,0.0,5.0,0.0,24.8,"0,4,8,12,16,20,24"
01 high viscosity,pH 1.2,7.333333333333333,1,3.125360959657493,0.0,01-pH1.2T-亲水凝胶空白制剂-251217-Side-24h-750X-2.mp4,145,0.3333333333333333,0.75,5,centered moving average on extracted normalized projected area,linear interpolation to regular 0.5 h grid after smoothing,0.0,5.0,0.0,24.8,"0,4,8,12,16,20,24"
01 high viscosity,pH 1.2,7.666666666666666,1,3.1660922203256594,0.0,01-pH1.2T-亲水凝胶空白制剂-251217-Side-24h-750X-2.mp4,145,0.3333333333333333,0.75,5,centered moving average on extracted normalized projected area,linear interpolation to regular 0.5 h grid after smoothing,0.0,5.0,0.0,24.8,"0,4,8,12,16,20,24"
01 high viscosity,pH 1.2,8.0,1,3.203263996115419,0.0,01-pH1.2T-亲水凝胶空白制剂-251217-Side-24h-750X-2.mp4,145,0.3333333333333333,0.75,5,centered moving average on extracted normalized projected area,linear interpolation to regular 0.5 h grid after smoothing,0.0,5.0,0.0,24.8,"0,4,8,12,16,20,24"
01 high viscosity,pH 1.2,8.333333333333332,1,3.2376087912348206,0.0,01-pH1.2T-亲水凝胶空白制剂-251217-Side-24h-750X-2.mp4,145,0.3333333333333333,0.75,5,centered moving average on extracted normalized projected area,linear interpolation to regular 0.5 h grid after smoothing,0.0,5.0,0.0,24.8,"0,4,8,12,16,20,24"
01 high viscosity,pH 1.2,8.666666666666666,1,3.2684710825162733,0.0,01-pH1.2T-亲水凝胶空白制剂-251217-Side-24h-750X-2.mp4,145,0.3333333333333333,0.75,5,centered moving average on extracted normalized projected area,linear interpolation to regular 0.5 h grid after smoothing,0.0,5.0,0.0,24.8,"0,4,8,12,16,20,24"
01 high viscosity,pH 1.2,9.0,1,3.3028120285836517,0.0,01-pH1.2T-亲水凝胶空白制剂-251217-Side-24h-750X-2.mp4,145,0.3333333333333333,0.75,5,centered moving average on extracted normalized projected area,linear interpolation to regular 0.5 h grid after smoothing,0.0,5.0,0.0,24.8,"0,4,8,12,16,20,24"
01 high viscosity,pH 1.2,9.333333333333332,1,3.334110447067393,0.0,01-pH1.2T-亲水凝胶空白制剂-251217-Side-24h-750X-2.mp4,145,0.3333333333333333,0.75,5,centered moving average on extracted normalized projected area,linear interpolation to regular 0.5 h grid after smoothing,0.0,5.0,0.0,24.8,"0,4,8,12,16,20,24"
01 high viscosity,pH 1.2,9.666666666666666,1,3.352314094488306,0.0,01-pH1.2T-亲水凝胶空白制剂-251217-Side-24h-750X-2.mp4,145,0.3333333333333333,0.75,5,centered moving average on extracted normalized projected area,linear interpolation to regular 0.5 h grid after smoothing,0.0,5.0,0.0,24.8,"0,4,8,12,16,20,24"
01 high viscosity,pH 1.2,10.0,1,3.3673635918169156,0.0,01-pH1.2T-亲水凝胶空白制剂-251217-Side-24h-750X-2.mp4,145,0.3333333333333333,0.75,5,centered moving average on extracted normalized projected area,linear interpolation to regular 0.5 h grid after smoothing,0.0,5.0,0.0,24.8,"0,4,8,12,16,20,24"
01 high viscosity,pH 1.2,10.333333333333332,1,3.381652457249616,0.0,01-pH1.2T-亲水凝胶空白制剂-251217-Side-24h-750X-2.mp4,145,0.3333333333333333,0.75,5,centered moving average on extracted normalized projected area,linear interpolation to regular 0.5 h grid after smoothing,0.0,5.0,0.0,24.8,"0,4,8,12,16,20,24"
01 high viscosity,pH 1.2,10.666666666666666,1,3.3929260345437613,0.0,01-pH1.2T-亲水凝胶空白制剂-251217-Side-24h-750X-2.mp4,145,0.3333333333333333,0.75,5,centered moving average on extracted normalized projected area,linear interpolation to regular 0.5 h grid after smoothing,0.0,5.0,0.0,24.8,"0,4,8,12,16,20,24"
01 high viscosity,pH 1.2,11.0,1,3.4002718022890015,0.0,01-pH1.2T-亲水凝胶空白制剂-251217-Side-24h-750X-2.mp4,145,0.3333333333333333,0.75,5,centered moving average on extracted normalized projected area,linear interpolation to regular 0.5 h grid after smoothing,0.0,5.0,0.0,24.8,"0,4,8,12,16,20,24"
01 high viscosity,pH 1.2,11.333333333333332,1,3.403109737953578,0.0,01-pH1.2T-亲水凝胶空白制剂-251217-Side-24h-750X-2.mp4,145,0.3333333333333333,0.75,5,centered moving average on extracted normalized projected area,linear interpolation to regular 0.5 h grid after smoothing,0.0,5.0,0.0,24.8,"0,4,8,12,16,20,24"
01 high viscosity,pH 1.2,11.666666666666666,1,3.405904149722202,0.0,01-pH1.2T-亲水凝胶空白制剂-251217-Side-24h-750X-2.mp4,145,0.3333333333333333,0.75,5,centered moving average on extracted normalized projected area,linear interpolation to regular 0.5 h grid after smoothing,0.0,5.0,0.0,24.8,"0,4,8,12,16,20,24"
01 high viscosity,pH 1.2,12.0,1,3.407102685305948,0.0,01-pH1.2T-亲水凝胶空白制剂-251217-Side-24h-750X-2.mp4,145,0.3333333333333333,0.75,5,centered moving average on extracted normalized projected area,linear interpolation to regular 0.5 h grid after smoothing,0.0,5.0,0.0,24.8,"0,4,8,12,16,20,24"
01 high viscosity,pH 1.2,12.333333333333332,1,3.413466648704424,0.0,01-pH1.2T-亲水凝胶空白制剂-251217-Side-24h-750X-2.mp4,145,0.3333333333333333,0.75,5,centered moving average on extracted normalized projected area,linear interpolation to regular 0.5 h grid after smoothing,0.0,5.0,0.0,24.8,"0,4,8,12,16,20,24"
01 high viscosity,pH 1.2,12.666666666666666,1,3.415660016195626,0.0,01-pH1.2T-亲水凝胶空白制剂-251217-Side-24h-750X-2.mp4,145,0.3333333333333333,0.75,5,centered moving average on extracted normalized projected area,linear interpolation to regular 0.5 h grid after smoothing,0.0,5.0,0.0,24.8,"0,4,8,12,16,20,24"
01 high viscosity,pH 1.2,13.0,1,3.4131835953402785,0.0,01-pH1.2T-亲水凝胶空白制剂-251217-Side-24h-750X-2.mp4,145,0.3333333333333333,0.75,5,centered moving average on extracted normalized projected area,linear interpolation to regular 0.5 h grid after smoothing,0.0,5.0,0.0,24.8,"0,4,8,12,16,20,24"
01 high viscosity,pH 1.2,13.333333333333332,1,3.410199691779757,0.0,01-pH1.2T-亲水凝胶空白制剂-251217-Side-24h-750X-2.mp4,145,0.3333333333333333,0.75,5,centered moving average on extracted normalized projected area,linear interpolation to regular 0.5 h grid after smoothing,0.0,5.0,0.0,24.8,"0,4,8,12,16,20,24"
01 high viscosity,pH 1.2,13.666666666666666,1,3.4051944437453643,0.0,01-pH1.2T-亲水凝胶空白制剂-251217-Side-24h-750X-2.mp4,145,0.3333333333333333,0.75,5,centered moving average on extracted normalized projected area,linear interpolation to regular 0.5 h grid after smoothing,0.0,5.0,0.0,24.8,"0,4,8,12,16,20,24"
01 high viscosity,pH 1.2,14.0,1,3.3973648797689386,0.0,01-pH1.2T-亲水凝胶空白制剂-251217-Side-24h-750X-2.mp4,145,0.3333333333333333,0.75,5,centered moving average on extracted normalized projected area,linear interpolation to regular 0.5 h grid after smoothing,0.0,5.0,0.0,24.8,"0,4,8,12,16,20,24"
01 high viscosity,pH 1.2,14.333333333333332,1,3.3798365929375818,0.0,01-pH1.2T-亲水凝胶空白制剂-251217-Side-24h-750X-2.mp4,145,0.3333333333333333,0.75,5,centered moving average on extracted normalized projected area,linear interpolation to regular 0.5 h grid after smoothing,0.0,5.0,0.0,24.8,"0,4,8,12,16,20,24"
01 high viscosity,pH 1.2,14.666666666666666,1,3.3571049799331147,0.0,01-pH1.2T-亲水凝胶空白制剂-251217-Side-24h-750X-2.mp4,145,0.3333333333333333,0.75,5,centered moving average on extracted normalized projected area,linear interpolation to regular 0.5 h grid after smoothing,0.0,5.0,0.0,24.8,"0,4,8,12,16,20,24"
01 high viscosity,pH 1.2,15.0,1,3.342558228014881,0.0,01-pH1.2T-亲水凝胶空白制剂-251217-Side-24h-750X-2.mp4,145,0.3333333333333333,0.75,5,centered moving average on extracted normalized projected area,linear interpolation to regular 0.5 h grid after smoothing,0.0,5.0,0.0,24.8,"0,4,8,12,16,20,24"
01 high viscosity,pH 1.2,15.333333333333332,1,3.324156206374326,0.0,01-pH1.2T-亲水凝胶空白制剂-251217-Side-24h-750X-2.mp4,145,0.3333333333333333,0.75,5,centered moving average on extracted normalized projected area,linear interpolation to regular 0.5 h grid after smoothing,0.0,5.0,0.0,24.8,"0,4,8,12,16,20,24"
01 high viscosity,pH 1.2,15.666666666666666,1,3.3036484571963216,0.0,01-pH1.2T-亲水凝胶空白制剂-251217-Side-24h-750X-2.mp4,145,0.3333333333333333,0.75,5,centered moving average on extracted normalized projected area,linear interpolation to regular 0.5 h grid after smoothing,0.0,5.0,0.0,24.8,"0,4,8,12,16,20,24"
01 high viscosity,pH 1.2,16.0,1,3.275288641891602,0.0,01-pH1.2T-亲水凝胶空白制剂-251217-Side-24h-750X-2.mp4,145,0.3333333333333333,0.75,5,centered moving average on extracted normalized projected area,linear interpolation to regular 0.5 h grid after smoothing,0.0,5.0,0.0,24.8,"0,4,8,12,16,20,24"
01 high viscosity,pH 1.2,16.333333333333332,1,3.247341563396108,0.0,01-pH1.2T-亲水凝胶空白制剂-251217-Side-24h-750X-2.mp4,145,0.3333333333333333,0.75,5,centered moving average on extracted normalized projected area,linear interpolation to regular 0.5 h grid after smoothing,0.0,5.0,0.0,24.8,"0,4,8,12,16,20,24"
01 high viscosity,pH 1.2,16.666666666666664,1,3.213571757432742,0.0,01-pH1.2T-亲水凝胶空白制剂-251217-Side-24h-750X-2.mp4,145,0.3333333333333333,0.75,5,centered moving average on extracted normalized projected area,linear interpolation to regular 0.5 h grid after smoothing,0.0,5.0,0.0,24.8,"0,4,8,12,16,20,24"
01 high viscosity,pH 1.2,17.0,1,3.195227767653455,0.0,01-pH1.2T-亲水凝胶空白制剂-251217-Side-24h-750X-2.mp4,145,0.3333333333333333,0.75,5,centered moving average on extracted normalized projected area,linear interpolation to regular 0.5 h grid after smoothing,0.0,5.0,0.0,24.8,"0,4,8,12,16,20,24"
01 high viscosity,pH 1.2,17.333333333333332,1,3.1761216655736346,0.0,01-pH1.2T-亲水凝胶空白制剂-251217-Side-24h-750X-2.mp4,145,0.3333333333333333,0.75,5,centered moving average on extracted normalized projected area,linear interpolation to regular 0.5 h grid after smoothing,0.0,5.0,0.0,24.8,"0,4,8,12,16,20,24"
01 high viscosity,pH 1.2,17.666666666666664,1,3.1476250608816403,0.0,01-pH1.2T-亲水凝胶空白制剂-251217-Side-24h-750X-2.mp4,145,0.3333333333333333,0.75,5,centered moving average on extracted normalized projected area,linear interpolation to regular 0.5 h grid after smoothing,0.0,5.0,0.0,24.8,"0,4,8,12,16,20,24"
01 high viscosity,pH 1.2,18.0,1,3.1106824517277065,0.0,01-pH1.2T-亲水凝胶空白制剂-251217-Side-24h-750X-2.mp4,145,0.3333333333333333,0.75,5,centered moving average on extracted normalized projected area,linear interpolation to regular 0.5 h grid after smoothing,0.0,5.0,0.0,24.8,"0,4,8,12,16,20,24"
01 high viscosity,pH 1.2,18.333333333333332,1,3.07543727451587,0.0,01-pH1.2T-亲水凝胶空白制剂-251217-Side-24h-750X-2.mp4,145,0.3333333333333333,0.75,5,centered moving average on extracted normalized projected area,linear interpolation to regular 0.5 h grid after smoothing,0.0,5.0,0.0,24.8,"0,4,8,12,16,20,24"
01 high viscosity,pH 1.2,18.666666666666664,1,3.0472405998007375,0.0,01-pH1.2T-亲水凝胶空白制剂-251217-Side-24h-750X-2.mp4,145,0.3333333333333333,0.75,5,centered moving average on extracted normalized projected area,linear interpolation to regular 0.5 h grid after smoothing,0.0,5.0,0.0,24.8,"0,4,8,12,16,20,24"
01 high viscosity,pH 1.2,19.0,1,3.0108913368201797,0.0,01-pH1.2T-亲水凝胶空白制剂-251217-Side-24h-750X-2.mp4,145,0.3333333333333333,0.75,5,centered moving average on extracted normalized projected area,linear interpolation to regular 0.5 h grid after smoothing,0.0,5.0,0.0,24.8,"0,4,8,12,16,20,24"
01 high viscosity,pH 1.2,19.333333333333332,1,2.9724369384640204,0.0,01-pH1.2T-亲水凝胶空白制剂-251217-Side-24h-750X-2.mp4,145,0.3333333333333333,0.75,5,centered moving average on extracted normalized projected area,linear interpolation to regular 0.5 h grid after smoothing,0.0,5.0,0.0,24.8,"0,4,8,12,16,20,24"
01 high viscosity,pH 1.2,19.666666666666664,1,2.936431425437201,0.0,01-pH1.2T-亲水凝胶空白制剂-251217-Side-24h-750X-2.mp4,145,0.3333333333333333,0.75,5,centered moving average on extracted normalized projected area,linear interpolation to regular 0.5 h grid after smoothing,0.0,5.0,0.0,24.8,"0,4,8,12,16,20,24"
01 high viscosity,pH 1.2,20.0,1,2.90339382760096,0.0,01-pH1.2T-亲水凝胶空白制剂-251217-Side-24h-750X-2.mp4,145,0.3333333333333333,0.75,5,centered moving average on extracted normalized projected area,linear interpolation to regular 0.5 h grid after smoothing,0.0,5.0,0.0,24.8,"0,4,8,12,16,20,24"
01 high viscosity,pH 1.2,20.333333333333332,1,2.866962254123296,0.0,01-pH1.2T-亲水凝胶空白制剂-251217-Side-24h-750X-2.mp4,145,0.3333333333333333,0.75,5,centered moving average on extracted normalized projected area,linear interpolation to regular 0.5 h grid after smoothing,0.0,5.0,0.0,24.8,"0,4,8,12,16,20,24"
01 high viscosity,pH 1.2,20.666666666666664,1,2.828530950079276,0.0,01-pH1.2T-亲水凝胶空白制剂-251217-Side-24h-750X-2.mp4,145,0.3333333333333333,0.75,5,centered moving average on extracted normalized projected area,linear interpolation to regular 0.5 h grid after smoothing,0.0,5.0,0.0,24.8,"0,4,8,12,16,20,24"
01 high viscosity,pH 1.2,21.0,1,2.7935472123240723,0.0,01-pH1.2T-亲水凝胶空白制剂-251217-Side-24h-750X-2.mp4,145,0.3333333333333333,0.75,5,centered moving average on extracted normalized projected area,linear interpolation to regular 0.5 h grid after smoothing,0.0,5.0,0.0,24.8,"0,4,8,12,16,20,24"
01 high viscosity,pH 1.2,21.333333333333332,1,2.7639737613084403,0.0,01-pH1.2T-亲水凝胶空白制剂-251217-Side-24h-750X-2.mp4,145,0.3333333333333333,0.75,5,centered moving average on extracted normalized projected area,linear interpolation to regular 0.5 h grid after smoothing,0.0,5.0,0.0,24.8,"0,4,8,12,16,20,24"
01 high viscosity,pH 1.2,21.666666666666664,1,2.745336651413564,0.0,01-pH1.2T-亲水凝胶空白制剂-251217-Side-24h-750X-2.mp4,145,0.3333333333333333,0.75,5,centered moving average on extracted normalized projected area,linear interpolation to regular 0.5 h grid after smoothing,0.0,5.0,0.0,24.8,"0,4,8,12,16,20,24"
01 high viscosity,pH 1.2,22.0,1,2.7479069299220864,0.0,01-pH1.2T-亲水凝胶空白制剂-251217-Side-24h-750X-2.mp4,145,0.3333333333333333,0.75,5,centered moving average on extracted normalized projected area,linear interpolation to regular 0.5 h grid after smoothing,0.0,5.0,0.0,24.8,"0,4,8,12,16,20,24"
01 high viscosity,pH 1.2,22.333333333333332,1,2.6738325159032454,0.0,01-pH1.2T-亲水凝胶空白制剂-251217-Side-24h-750X-2.mp4,145,0.3333333333333333,0.75,5,centered moving average on extracted normalized projected area,linear interpolation to regular 0.5 h grid after smoothing,0.0,5.0,0.0,24.8,"0,4,8,12,16,20,24"
01 high viscosity,pH 1.2,22.666666666666664,1,2.567608746822683,0.0,01-pH1.2T-亲水凝胶空白制剂-251217-Side-24h-750X-2.mp4,145,0.3333333333333333,0.75,5,centered moving average on extracted normalized projected area,linear interpolation to regular 0.5 h grid after smoothing,0.0,5.0,0.0,24.8,"0,4,8,12,16,20,24"
01 high viscosity,pH 1.2,23.0,1,2.4674188109093977,0.0,01-pH1.2T-亲水凝胶空白制剂-251217-Side-24h-750X-2.mp4,145,0.3333333333333333,0.75,5,centered moving average on extracted normalized projected area,linear interpolation to regular 0.5 h grid after smoothing,0.0,5.0,0.0,24.8,"0,4,8,12,16,20,24"
01 high viscosity,pH 1.2,23.333333333333332,1,2.4249015901026065,0.0,01-pH1.2T-亲水凝胶空白制剂-251217-Side-24h-750X-2.mp4,145,0.3333333333333333,0.75,5,centered moving average on extracted normalized projected area,linear interpolation to regular 0.5 h grid after smoothing,0.0,5.0,0.0,24.8,"0,4,8,12,16,20,24"
01 high viscosity,pH 1.2,23.666666666666664,1,2.392367033757667,0.0,01-pH1.2T-亲水凝胶空白制剂-251217-Side-24h-750X-2.mp4,145,0.3333333333333333,0.75,5,centered moving average on extracted normalized projected area,linear interpolation to regular 0.5 h grid after smoothing,0.0,5.0,0.0,24.8,"0,4,8,12,16,20,24"
01 high viscosity,pH 1.2,24.0,1,2.375816998301976,0.0,01-pH1.2T-亲水凝胶空白制剂-251217-Side-24h-750X-2.mp4,145,0.3333333333333333,0.75,5,centered moving average on extracted normalized projected area,linear interpolation to regular 0.5 h grid after smoothing,0.0,5.0,0.0,24.8,"0,4,8,12,16,20,24"
01 high viscosity,pH 4.5,0.0,1,1.2352320590631625,0.0,01-pH4.5T-亲水凝胶空白制剂-251217-Side-24h-750X-1.mp4,145,0.3333333333333333,0.75,5,centered moving average on extracted normalized projected area,linear interpolation to regular 0.5 h grid after smoothing,0.0,5.0,0.0,24.8,"0,4,8,12,16,20,24"
01 high viscosity,pH 4.5,0.3333333333333333,1,1.377196783582282,0.0,01-pH4.5T-亲水凝胶空白制剂-251217-Side-24h-750X-1.mp4,145,0.3333333333333333,0.75,5,centered moving average on extracted normalized projected area,linear interpolation to regular 0.5 h grid after smoothing,0.0,5.0,0.0,24.8,"0,4,8,12,16,20,24"
01 high viscosity,pH 4.5,0.6666666666666666,1,1.6228395199041874,0.0,01-pH4.5T-亲水凝胶空白制剂-251217-Side-24h-750X-1.mp4,145,0.3333333333333333,0.75,5,centered moving average on extracted normalized projected area,linear interpolation to regular 0.5 h grid after smoothing,0.0,5.0,0.0,24.8,"0,4,8,12,16,20,24"
01 high viscosity,pH 4.5,1.0,1,1.76427452198185,0.0,01-pH4.5T-亲水凝胶空白制剂-251217-Side-24h-750X-1.mp4,145,0.3333333333333333,0.75,5,centered moving average on extracted normalized projected area,linear interpolation to regular 0.5 h grid after smoothing,0.0,5.0,0.0,24.8,"0,4,8,12,16,20,24"
01 high viscosity,pH 4.5,1.3333333333333333,1,1.882047836961754,0.0,01-pH4.5T-亲水凝胶空白制剂-251217-Side-24h-750X-1.mp4,145,0.3333333333333333,0.75,5,centered moving average on extracted normalized projected area,linear interpolation to regular 0.5 h grid after smoothing,0.0,5.0,0.0,24.8,"0,4,8,12,16,20,24"
01 high viscosity,pH 4.5,1.6666666666666665,1,1.9810524273952517,0.0,01-pH4.5T-亲水凝胶空白制剂-251217-Side-24h-750X-1.mp4,145,0.3333333333333333,0.75,5,centered moving average on extracted normalized projected area,linear interpolation to regular 0.5 h grid after smoothing,0.0,5.0,0.0,24.8,"0,4,8,12,16,20,24"
01 high viscosity,pH 4.5,2.0,1,2.0717796449554617,0.0,01-pH4.5T-亲水凝胶空白制剂-251217-Side-24h-750X-1.mp4,145,0.3333333333333333,0.75,5,centered moving average on extracted normalized projected area,linear interpolation to regular 0.5 h grid after smoothing,0.0,5.0,0.0,24.8,"0,4,8,12,16,20,24"
01 high viscosity,pH 4.5,2.333333333333333,1,2.1533822303331647,0.0,01-pH4.5T-亲水凝胶空白制剂-251217-Side-24h-750X-1.mp4,145,0.3333333333333333,0.75,5,centered moving average on extracted normalized projected area,linear interpolation to regular 0.5 h grid after smoothing,0.0,5.0,0.0,24.8,"0,4,8,12,16,20,24"
01 high viscosity,pH 4.5,2.6666666666666665,1,2.230882877656361,0.0,01-pH4.5T-亲水凝胶空白制剂-251217-Side-24h-750X-1.mp4,145,0.3333333333333333,0.75,5,centered moving average on extracted normalized projected area,linear interpolation to regular 0.5 h grid after smoothing,0.0,5.0,0.0,24.8,"0,4,8,12,16,20,24"
01 high viscosity,pH 4.5,3.0,1,2.321398858753634,0.0,01-pH4.5T-亲水凝胶空白制剂-251217-Side-24h-750X-1.mp4,145,0.3333333333333333,0.75,5,centered moving average on extracted normalized projected area,linear interpolation to regular 0.5 h grid after smoothing,0.0,5.0,0.0,24.8,"0,4,8,12,16,20,24"
01 high viscosity,pH 4.5,3.333333333333333,1,2.4061502377077555,0.0,01-pH4.5T-亲水凝胶空白制剂-251217-Side-24h-750X-1.mp4,145,0.3333333333333333,0.75,5,centered moving average on extracted normalized projected area,linear interpolation to regular 0.5 h grid after smoothing,0.0,5.0,0.0,24.8,"0,4,8,12,16,20,24"
01 high viscosity,pH 4.5,3.6666666666666665,1,2.47434936233104,0.0,01-pH4.5T-亲水凝胶空白制剂-251217-Side-24h-750X-1.mp4,145,0.3333333333333333,0.75,5,centered moving average on extracted normalized projected area,linear interpolation to regular 0.5 h grid after smoothing,0.0,5.0,0.0,24.8,"0,4,8,12,16,20,24"
01 high viscosity,pH 4.5,4.0,1,2.5322265515513953,0.0,01-pH4.5T-亲水凝胶空白制剂-251217-Side-24h-750X-1.mp4,145,0.3333333333333333,0.75,5,centered moving average on extracted normalized projected area,linear interpolation to regular 0.5 h grid after smoothing,0.0,5.0,0.0,24.8,"0,4,8,12,16,20,24"
01 high viscosity,pH 4.5,4.333333333333333,1,2.594436312740299,0.0,01-pH4.5T-亲水凝胶空白制剂-251217-Side-24h-750X-1.mp4,145,0.3333333333333333,0.75,5,centered moving average on extracted normalized projected area,linear interpolation to regular 0.5 h grid after smoothing,0.0,5.0,0.0,24.8,"0,4,8,12,16,20,24"
01 high viscosity,pH 4.5,4.666666666666666,1,2.6589645142317675,0.0,01-pH4.5T-亲水凝胶空白制剂-251217-Side-24h-750X-1.mp4,145,0.3333333333333333,0.75,5,centered moving average on extracted normalized projected area,linear interpolation to regular 0.5 h grid after smoothing,0.0,5.0,0.0,24.8,"0,4,8,12,16,20,24"
01 high viscosity,pH 4.5,5.0,1,2.720044418383445,0.0,01-pH4.5T-亲水凝胶空白制剂-251217-Side-24h-750X-1.mp4,145,0.3333333333333333,0.75,5,centered moving average on extracted normalized projected area,linear interpolation to regular 0.5 h grid after smoothing,0.0,5.0,0.0,24.8,"0,4,8,12,16,20,24"
01 high viscosity,pH 4.5,5.333333333333333,1,2.779673072867682,0.0,01-pH4.5T-亲水凝胶空白制剂-251217-Side-24h-750X-1.mp4,145,0.3333333333333333,0.75,5,centered moving average on extracted normalized projected area,linear interpolation to regular 0.5 h grid after smoothing,0.0,5.0,0.0,24.8,"0,4,8,12,16,20,24"
01 high viscosity,pH 4.5,5.666666666666666,1,2.8399808160988167,0.0,01-pH4.5T-亲水凝胶空白制剂-251217-Side-24h-750X-1.mp4,145,0.3333333333333333,0.75,5,centered moving average on extracted normalized projected area,linear interpolation to regular 0.5 h grid after smoothing,0.0,5.0,0.0,24.8,"0,4,8,12,16,20,24"
01 high viscosity,pH 4.5,6.0,1,2.893785430378722,0.0,01-pH4.5T-亲水凝胶空白制剂-251217-Side-24h-750X-1.mp4,145,0.3333333333333333,0.75,5,centered moving average on extracted normalized projected area,linear interpolation to regular 0.5 h grid after smoothing,0.0,5.0,0.0,24.8,"0,4,8,12,16,20,24"
01 high viscosity,pH 4.5,6.333333333333333,1,3.0078782124803913,0.0,01-pH4.5T-亲水凝胶空白制剂-251217-Side-24h-750X-1.mp4,145,0.3333333333333333,0.75,5,centered moving average on extracted normalized projected area,linear interpolation to regular 0.5 h grid after smoothing,0.0,5.0,0.0,24.8,"0,4,8,12,16,20,24"
01 high viscosity,pH 4.5,6.666666666666666,1,3.116663389268582,0.0,01-pH4.5T-亲水凝胶空白制剂-251217-Side-24h-750X-1.mp4,145,0.3333333333333333,0.75,5,centered moving average on extracted normalized projected area,linear interpolation to regular 0.5 h grid after smoothing,0.0,5.0,0.0,24.8,"0,4,8,12,16,20,24"
01 high viscosity,pH 4.5,7.0,1,3.1596856901088124,0.0,01-pH4.5T-亲水凝胶空白制剂-251217-Side-24h-750X-1.mp4,145,0.3333333333333333,0.75,5,centered moving average on extracted normalized projected area,linear interpolation to regular 0.5 h grid after smoothing,0.0,5.0,0.0,24.8,"0,4,8,12,16,20,24"
01 high viscosity,pH 4.5,7.333333333333333,1,3.200385991481137,0.0,01-pH4.5T-亲水凝胶空白制剂-251217-Side-24h-750X-1.mp4,145,0.3333333333333333,0.75,5,centered moving average on extracted normalized projected area,linear interpolation to regular 0.5 h grid after smoothing,0.0,5.0,0.0,24.8,"0,4,8,12,16,20,24"
01 high viscosity,pH 4.5,7.666666666666666,1,3.2770568194052814,0.0,01-pH4.5T-亲水凝胶空白制剂-251217-Side-24h-750X-1.mp4,145,0.3333333333333333,0.75,5,centered moving average on extracted normalized projected area,linear interpolation to regular 0.5 h grid after smoothing,0.0,5.0,0.0,24.8,"0,4,8,12,16,20,24"
01 high viscosity,pH 4.5,8.0,1,3.320001530441096,0.0,01-pH4.5T-亲水凝胶空白制剂-251217-Side-24h-750X-1.mp4,145,0.3333333333333333,0.75,5,centered moving average on extracted normalized projected area,linear interpolation to regular 0.5 h grid after smoothing,0.0,5.0,0.0,24.8,"0,4,8,12,16,20,24"
01 high viscosity,pH 4.5,8.333333333333332,1,3.3567273118780916,0.0,01-pH4.5T-亲水凝胶空白制剂-251217-Side-24h-750X-1.mp4,145,0.3333333333333333,0.75,5,centered moving average on extracted normalized projected area,linear interpolation to regular 0.5 h grid after smoothing,0.0,5.0,0.0,24.8,"0,4,8,12,16,20,24"
01 high viscosity,pH 4.5,8.666666666666666,1,3.3955752456491424,0.0,01-pH4.5T-亲水凝胶空白制剂-251217-Side-24h-750X-1.mp4,145,0.3333333333333333,0.75,5,centered moving average on extracted normalized projected area,linear interpolation to regular 0.5 h grid after smoothing,0.0,5.0,0.0,24.8,"0,4,8,12,16,20,24"
01 high viscosity,pH 4.5,9.0,1,3.433979351502279,0.0,01-pH4.5T-亲水凝胶空白制剂-251217-Side-24h-750X-1.mp4,145,0.3333333333333333,0.75,5,centered moving average on extracted normalized projected area,linear interpolation to regular 0.5 h grid after smoothing,0.0,5.0,0.0,24.8,"0,4,8,12,16,20,24"
01 high viscosity,pH 4.5,9.333333333333332,1,3.4769180119570153,0.0,01-pH4.5T-亲水凝胶空白制剂-251217-Side-24h-750X-1.mp4,145,0.3333333333333333,0.75,5,centered moving average on extracted normalized projected area,linear interpolation to regular 0.5 h grid after smoothing,0.0,5.0,0.0,24.8,"0,4,8,12,16,20,24"
01 high viscosity,pH 4.5,9.666666666666666,1,3.527208662296605,0.0,01-pH4.5T-亲水凝胶空白制剂-251217-Side-24h-750X-1.mp4,145,0.3333333333333333,0.75,5,centered moving average on extracted normalized projected area,linear interpolation to regular 0.5 h grid after smoothing,0.0,5.0,0.0,24.8,"0,4,8,12,16,20,24"
01 high viscosity,pH 4.5,10.0,1,3.57995976363583,0.0,01-pH4.5T-亲水凝胶空白制剂-251217-Side-24h-750X-1.mp4,145,0.3333333333333333,0.75,5,centered moving average on extracted normalized projected area,linear interpolation to regular 0.5 h grid after smoothing,0.0,5.0,0.0,24.8,"0,4,8,12,16,20,24"
01 high viscosity,pH 4.5,10.333333333333332,1,3.6075892082547716,0.0,01-pH4.5T-亲水凝胶空白制剂-251217-Side-24h-750X-1.mp4,145,0.3333333333333333,0.75,5,centered moving average on extracted normalized projected area,linear interpolation to regular 0.5 h grid after smoothing,0.0,5.0,0.0,24.8,"0,4,8,12,16,20,24"
01 high viscosity,pH 4.5,10.666666666666666,1,3.628981393573393,0.0,01-pH4.5T-亲水凝胶空白制剂-251217-Side-24h-750X-1.mp4,145,0.3333333333333333,0.75,5,centered moving average on extracted normalized projected area,linear interpolation to regular 0.5 h grid after smoothing,0.0,5.0,0.0,24.8,"0,4,8,12,16,20,24"
01 high viscosity,pH 4.5,11.0,1,3.6444521955156297,0.0,01-pH4.5T-亲水凝胶空白制剂-251217-Side-24h-750X-1.mp4,145,0.3333333333333333,0.75,5,centered moving average on extracted normalized projected area,linear interpolation to regular 0.5 h grid after smoothing,0.0,5.0,0.0,24.8,"0,4,8,12,16,20,24"
01 high viscosity,pH 4.5,11.333333333333332,1,3.662582049883482,0.0,01-pH4.5T-亲水凝胶空白制剂-251217-Side-24h-750X-1.mp4,145,0.3333333333333333,0.75,5,centered moving average on extracted normalized projected area,linear interpolation to regular 0.5 h grid after smoothing,0.0,5.0,0.0,24.8,"0,4,8,12,16,20,24"
01 high viscosity,pH 4.5,11.666666666666666,1,3.680483049919963,0.0,01-pH4.5T-亲水凝胶空白制剂-251217-Side-24h-750X-1.mp4,145,0.3333333333333333,0.75,5,centered moving average on extracted normalized projected area,linear interpolation to regular 0.5 h grid after smoothing,0.0,5.0,0.0,24.8,"0,4,8,12,16,20,24"
01 high viscosity,pH 4.5,12.0,1,3.6965377329362497,0.0,01-pH4.5T-亲水凝胶空白制剂-251217-Side-24h-750X-1.mp4,145,0.3333333333333333,0.75,5,centered moving average on extracted normalized projected area,linear interpolation to regular 0.5 h grid after smoothing,0.0,5.0,0.0,24.8,"0,4,8,12,16,20,24"
01 high viscosity,pH 4.5,12.333333333333332,1,3.7140143025059187,0.0,01-pH4.5T-亲水凝胶空白制剂-251217-Side-24h-750X-1.mp4,145,0.3333333333333333,0.75,5,centered moving average on extracted normalized projected area,linear interpolation to regular 0.5 h grid after smoothing,0.0,5.0,0.0,24.8,"0,4,8,12,16,20,24"
01 high viscosity,pH 4.5,12.666666666666666,1,3.7299328474479445,0.0,01-pH4.5T-亲水凝胶空白制剂-251217-Side-24h-750X-1.mp4,145,0.3333333333333333,0.75,5,centered moving average on extracted normalized projected area,linear interpolation to regular 0.5 h grid after smoothing,0.0,5.0,0.0,24.8,"0,4,8,12,16,20,24"
01 high viscosity,pH 4.5,13.0,1,3.7464530692907205,0.0,01-pH4.5T-亲水凝胶空白制剂-251217-Side-24h-750X-1.mp4,145,0.3333333333333333,0.75,5,centered moving average on extracted normalized projected area,linear interpolation to regular 0.5 h grid after smoothing,0.0,5.0,0.0,24.8,"0,4,8,12,16,20,24"
01 high viscosity,pH 4.5,13.333333333333332,1,3.7636034413569677,0.0,01-pH4.5T-亲水凝胶空白制剂-251217-Side-24h-750X-1.mp4,145,0.3333333333333333,0.75,5,centered moving average on extracted normalized projected area,linear interpolation to regular 0.5 h grid after smoothing,0.0,5.0,0.0,24.8,"0,4,8,12,16,20,24"
01 high viscosity,pH 4.5,13.666666666666666,1,3.7859007224215846,0.0,01-pH4.5T-亲水凝胶空白制剂-251217-Side-24h-750X-1.mp4,145,0.3333333333333333,0.75,5,centered moving average on extracted normalized projected area,linear interpolation to regular 0.5 h grid after smoothing,0.0,5.0,0.0,24.8,"0,4,8,12,16,20,24"
01 high viscosity,pH 4.5,14.0,1,3.792895016189753,0.0,01-pH4.5T-亲水凝胶空白制剂-251217-Side-24h-750X-1.mp4,145,0.3333333333333333,0.75,5,centered moving average on extracted normalized projected area,linear interpolation to regular 0.5 h grid after smoothing,0.0,5.0,0.0,24.8,"0,4,8,12,16,20,24"
01 high viscosity,pH 4.5,14.333333333333332,1,3.793888913110986,0.0,01-pH4.5T-亲水凝胶空白制剂-251217-Side-24h-750X-1.mp4,145,0.3333333333333333,0.75,5,centered moving average on extracted normalized projected area,linear interpolation to regular 0.5 h grid after smoothing,0.0,5.0,0.0,24.8,"0,4,8,12,16,20,24"
01 high viscosity,pH 4.5,14.666666666666666,1,3.799014467117316,0.0,01-pH4.5T-亲水凝胶空白制剂-251217-Side-24h-750X-1.mp4,145,0.3333333333333333,0.75,5,centered moving average on extracted normalized projected area,linear interpolation to regular 0.5 h grid after smoothing,0.0,5.0,0.0,24.8,"0,4,8,12,16,20,24"
01 high viscosity,pH 4.5,15.0,1,3.8140085188622415,0.0,01-pH4.5T-亲水凝胶空白制剂-251217-Side-24h-750X-1.mp4,145,0.3333333333333333,0.75,5,centered moving average on extracted normalized projected area,linear interpolation to regular 0.5 h grid after smoothing,0.0,5.0,0.0,24.8,"0,4,8,12,16,20,24"
01 high viscosity,pH 4.5,15.333333333333332,1,3.824107294598343,0.0,01-pH4.5T-亲水凝胶空白制剂-251217-Side-24h-750X-1.mp4,145,0.3333333333333333,0.75,5,centered moving average on extracted normalized projected area,linear interpolation to regular 0.5 h grid after smoothing,0.0,5.0,0.0,24.8,"0,4,8,12,16,20,24"
01 high viscosity,pH 4.5,15.666666666666666,1,3.8232167914302417,0.0,01-pH4.5T-亲水凝胶空白制剂-251217-Side-24h-750X-1.mp4,145,0.3333333333333333,0.75,5,centered moving average on extracted normalized projected area,linear interpolation to regular 0.5 h grid after smoothing,0.0,5.0,0.0,24.8,"0,4,8,12,16,20,24"
01 high viscosity,pH 4.5,16.0,1,3.815497317724021,0.0,01-pH4.5T-亲水凝胶空白制剂-251217-Side-24h-750X-1.mp4,145,0.3333333333333333,0.75,5,centered moving average on extracted normalized projected area,linear interpolation to regular 0.5 h grid after smoothing,0.0,5.0,0.0,24.8,"0,4,8,12,16,20,24"
01 high viscosity,pH 4.5,16.333333333333332,1,3.8059181801275783,0.0,01-pH4.5T-亲水凝胶空白制剂-251217-Side-24h-750X-1.mp4,145,0.3333333333333333,0.75,5,centered moving average on extracted normalized projected area,linear interpolation to regular 0.5 h grid after smoothing,0.0,5.0,0.0,24.8,"0,4,8,12,16,20,24"
01 high viscosity,pH 4.5,16.666666666666664,1,3.795944864969716,0.0,01-pH4.5T-亲水凝胶空白制剂-251217-Side-24h-750X-1.mp4,145,0.3333333333333333,0.75,5,centered moving average on extracted normalized projected area,linear interpolation to regular 0.5 h grid after smoothing,0.0,5.0,0.0,24.8,"0,4,8,12,16,20,24"
01 high viscosity,pH 4.5,17.0,1,3.7905087737874594,0.0,01-pH4.5T-亲水凝胶空白制剂-251217-Side-24h-750X-1.mp4,145,0.3333333333333333,0.75,5,centered moving average on extracted normalized projected area,linear interpolation to regular 0.5 h grid after smoothing,0.0,5.0,0.0,24.8,"0,4,8,12,16,20,24"
01 high viscosity,pH 4.5,17.333333333333332,1,3.7817418377216363,0.0,01-pH4.5T-亲水凝胶空白制剂-251217-Side-24h-750X-1.mp4,145,0.3333333333333333,0.75,5,centered moving average on extracted normalized projected area,linear interpolation to regular 0.5 h grid after smoothing,0.0,5.0,0.0,24.8,"0,4,8,12,16,20,24"
01 high viscosity,pH 4.5,17.666666666666664,1,3.7737908403100384,0.0,01-pH4.5T-亲水凝胶空白制剂-251217-Side-24h-750X-1.mp4,145,0.3333333333333333,0.75,5,centered moving average on extracted normalized projected area,linear interpolation to regular 0.5 h grid after smoothing,0.0,5.0,0.0,24.8,"0,4,8,12,16,20,24"
01 high viscosity,pH 4.5,18.0,1,3.752047899247148,0.0,01-pH4.5T-亲水凝胶空白制剂-251217-Side-24h-750X-1.mp4,145,0.3333333333333333,0.75,5,centered moving average on extracted normalized projected area,linear interpolation to regular 0.5 h grid after smoothing,0.0,5.0,0.0,24.8,"0,4,8,12,16,20,24"
01 high viscosity,pH 4.5,18.333333333333332,1,3.7174828870881487,0.0,01-pH4.5T-亲水凝胶空白制剂-251217-Side-24h-750X-1.mp4,145,0.3333333333333333,0.75,5,centered moving average on extracted normalized projected area,linear interpolation to regular 0.5 h grid after smoothing,0.0,5.0,0.0,24.8,"0,4,8,12,16,20,24"
01 high viscosity,pH 4.5,18.666666666666664,1,3.6892757899345034,0.0,01-pH4.5T-亲水凝胶空白制剂-251217-Side-24h-750X-1.mp4,145,0.3333333333333333,0.75,5,centered moving average on extracted normalized projected area,linear interpolation to regular 0.5 h grid after smoothing,0.0,5.0,0.0,24.8,"0,4,8,12,16,20,24"
01 high viscosity,pH 4.5,19.0,1,3.6750567464423924,0.0,01-pH4.5T-亲水凝胶空白制剂-251217-Side-24h-750X-1.mp4,145,0.3333333333333333,0.75,5,centered moving average on extracted normalized projected area,linear interpolation to regular 0.5 h grid after smoothing,0.0,5.0,0.0,24.8,"0,4,8,12,16,20,24"
01 high viscosity,pH 4.5,19.333333333333332,1,3.658296992772225,0.0,01-pH4.5T-亲水凝胶空白制剂-251217-Side-24h-750X-1.mp4,145,0.3333333333333333,0.75,5,centered moving average on extracted normalized projected area,linear interpolation to regular 0.5 h grid after smoothing,0.0,5.0,0.0,24.8,"0,4,8,12,16,20,24"
01 high viscosity,pH 4.5,19.666666666666664,1,3.633692482775865,0.0,01-pH4.5T-亲水凝胶空白制剂-251217-Side-24h-750X-1.mp4,145,0.3333333333333333,0.75,5,centered moving average on extracted normalized projected area,linear interpolation to regular 0.5 h grid after smoothing,0.0,5.0,0.0,24.8,"0,4,8,12,16,20,24"
01 high viscosity,pH 4.5,20.0,1,3.61737904843935,0.0,01-pH4.5T-亲水凝胶空白制剂-251217-Side-24h-750X-1.mp4,145,0.3333333333333333,0.75,5,centered moving average on extracted normalized projected area,linear interpolation to regular 0.5 h grid after smoothing,0.0,5.0,0.0,24.8,"0,4,8,12,16,20,24"
01 high viscosity,pH 4.5,20.333333333333332,1,3.600735501517539,0.0,01-pH4.5T-亲水凝胶空白制剂-251217-Side-24h-750X-1.mp4,145,0.3333333333333333,0.75,5,centered moving average on extracted normalized projected area,linear interpolation to regular 0.5 h grid after smoothing,0.0,5.0,0.0,24.8,"0,4,8,12,16,20,24"
01 high viscosity,pH 4.5,20.666666666666664,1,3.578256703020575,0.0,01-pH4.5T-亲水凝胶空白制剂-251217-Side-24h-750X-1.mp4,145,0.3333333333333333,0.75,5,centered moving average on extracted normalized projected area,linear interpolation to regular 0.5 h grid after smoothing,0.0,5.0,0.0,24.8,"0,4,8,12,16,20,24"
01 high viscosity,pH 4.5,21.0,1,3.554127163638855,0.0,01-pH4.5T-亲水凝胶空白制剂-251217-Side-24h-750X-1.mp4,145,0.3333333333333333,0.75,5,centered moving average on extracted normalized projected area,linear interpolation to regular 0.5 h grid after smoothing,0.0,5.0,0.0,24.8,"0,4,8,12,16,20,24"
01 high viscosity,pH 4.5,21.333333333333332,1,3.535937159376755,0.0,01-pH4.5T-亲水凝胶空白制剂-251217-Side-24h-750X-1.mp4,145,0.3333333333333333,0.75,5,centered moving average on extracted normalized projected area,linear interpolation to regular 0.5 h grid after smoothing,0.0,5.0,0.0,24.8,"0,4,8,12,16,20,24"
01 high viscosity,pH 4.5,21.666666666666664,1,3.515231715010513,0.0,01-pH4.5T-亲水凝胶空白制剂-251217-Side-24h-750X-1.mp4,145,0.3333333333333333,0.75,5,centered moving average on extracted normalized projected area,linear interpolation to regular 0.5 h grid after smoothing,0.0,5.0,0.0,24.8,"0,4,8,12,16,20,24"
01 high viscosity,pH 4.5,22.0,1,3.494549405218982,0.0,01-pH4.5T-亲水凝胶空白制剂-251217-Side-24h-750X-1.mp4,145,0.3333333333333333,0.75,5,centered moving average on extracted normalized projected area,linear interpolation to regular 0.5 h grid after smoothing,0.0,5.0,0.0,24.8,"0,4,8,12,16,20,24"
01 high viscosity,pH 4.5,22.333333333333332,1,3.47701766858654,0.0,01-pH4.5T-亲水凝胶空白制剂-251217-Side-24h-750X-1.mp4,145,0.3333333333333333,0.75,5,centered moving average on extracted normalized projected area,linear interpolation to regular 0.5 h grid after smoothing,0.0,5.0,0.0,24.8,"0,4,8,12,16,20,24"
01 high viscosity,pH 4.5,22.666666666666664,1,3.4620488869155297,0.0,01-pH4.5T-亲水凝胶空白制剂-251217-Side-24h-750X-1.mp4,145,0.3333333333333333,0.75,5,centered moving average on extracted normalized projected area,linear interpolation to regular 0.5 h grid after smoothing,0.0,5.0,0.0,24.8,"0,4,8,12,16,20,24"
01 high viscosity,pH 4.5,23.0,1,3.447019777392004,0.0,01-pH4.5T-亲水凝胶空白制剂-251217-Side-24h-750X-1.mp4,145,0.3333333333333333,0.75,5,centered moving average on extracted normalized projected area,linear interpolation to regular 0.5 h grid after smoothing,0.0,5.0,0.0,24.8,"0,4,8,12,16,20,24"
01 high viscosity,pH 4.5,23.333333333333332,1,3.4314986132602043,0.0,01-pH4.5T-亲水凝胶空白制剂-251217-Side-24h-750X-1.mp4,145,0.3333333333333333,0.75,5,centered moving average on extracted normalized projected area,linear interpolation to regular 0.5 h grid after smoothing,0.0,5.0,0.0,24.8,"0,4,8,12,16,20,24"
01 high viscosity,pH 4.5,23.666666666666664,1,3.4088228149616637,0.0,01-pH4.5T-亲水凝胶空白制剂-251217-Side-24h-750X-1.mp4,145,0.3333333333333333,0.75,5,centered moving average on extracted normalized projected area,linear interpolation to regular 0.5 h grid after smoothing,0.0,5.0,0.0,24.8,"0,4,8,12,16,20,24"
01 high viscosity,pH 4.5,24.0,1,3.3940440927198163,0.0,01-pH4.5T-亲水凝胶空白制剂-251217-Side-24h-750X-1.mp4,145,0.3333333333333333,0.75,5,centered moving average on extracted normalized projected area,linear interpolation to regular 0.5 h grid after smoothing,0.0,5.0,0.0,24.8,"0,4,8,12,16,20,24"
01 high viscosity,pH 6.8,0.0,1,1.2091541413844444,0.0,01-pH6.8T-亲水凝胶空白制剂-251217-Side-24h-750X-1.mp4,145,0.3333333333333333,0.75,5,centered moving average on extracted normalized projected area,linear interpolation to regular 0.5 h grid after smoothing,0.0,5.0,0.0,24.8,"0,4,8,12,16,20,24"
01 high viscosity,pH 6.8,0.3333333333333333,1,1.3496446540926272,0.0,01-pH6.8T-亲水凝胶空白制剂-251217-Side-24h-750X-1.mp4,145,0.3333333333333333,0.75,5,centered moving average on extracted normalized projected area,linear interpolation to regular 0.5 h grid after smoothing,0.0,5.0,0.0,24.8,"0,4,8,12,16,20,24"
01 high viscosity,pH 6.8,0.6666666666666666,1,1.5966225037368447,0.0,01-pH6.8T-亲水凝胶空白制剂-251217-Side-24h-750X-1.mp4,145,0.3333333333333333,0.75,5,centered moving average on extracted normalized projected area,linear interpolation to regular 0.5 h grid after smoothing,0.0,5.0,0.0,24.8,"0,4,8,12,16,20,24"
01 high viscosity,pH 6.8,1.0,1,1.7649387186588985,0.0,01-pH6.8T-亲水凝胶空白制剂-251217-Side-24h-750X-1.mp4,145,0.3333333333333333,0.75,5,centered moving average on extracted normalized projected area,linear interpolation to regular 0.5 h grid after smoothing,0.0,5.0,0.0,24.8,"0,4,8,12,16,20,24"
01 high viscosity,pH 6.8,1.3333333333333333,1,1.8908282477800884,0.0,01-pH6.8T-亲水凝胶空白制剂-251217-Side-24h-750X-1.mp4,145,0.3333333333333333,0.75,5,centered moving average on extracted normalized projected area,linear interpolation to regular 0.5 h grid after smoothing,0.0,5.0,0.0,24.8,"0,4,8,12,16,20,24"
01 high viscosity,pH 6.8,1.6666666666666665,1,1.9818788869369808,0.0,01-pH6.8T-亲水凝胶空白制剂-251217-Side-24h-750X-1.mp4,145,0.3333333333333333,0.75,5,centered moving average on extracted normalized projected area,linear interpolation to regular 0.5 h grid after smoothing,0.0,5.0,0.0,24.8,"0,4,8,12,16,20,24"
01 high viscosity,pH 6.8,2.0,1,2.066940677682414,0.0,01-pH6.8T-亲水凝胶空白制剂-251217-Side-24h-750X-1.mp4,145,0.3333333333333333,0.75,5,centered moving average on extracted normalized projected area,linear interpolation to regular 0.5 h grid after smoothing,0.0,5.0,0.0,24.8,"0,4,8,12,16,20,24"
01 high viscosity,pH 6.8,2.333333333333333,1,2.1438604406784103,0.0,01-pH6.8T-亲水凝胶空白制剂-251217-Side-24h-750X-1.mp4,145,0.3333333333333333,0.75,5,centered moving average on extracted normalized projected area,linear interpolation to regular 0.5 h grid after smoothing,0.0,5.0,0.0,24.8,"0,4,8,12,16,20,24"
01 high viscosity,pH 6.8,2.6666666666666665,1,2.2129409076420834,0.0,01-pH6.8T-亲水凝胶空白制剂-251217-Side-24h-750X-1.mp4,145,0.3333333333333333,0.75,5,centered moving average on extracted normalized projected area,linear interpolation to regular 0.5 h grid after smoothing,0.0,5.0,0.0,24.8,"0,4,8,12,16,20,24"
01 high viscosity,pH 6.8,3.0,1,2.3212772367580343,0.0,01-pH6.8T-亲水凝胶空白制剂-251217-Side-24h-750X-1.mp4,145,0.3333333333333333,0.75,5,centered moving average on extracted normalized projected area,linear interpolation to regular 0.5 h grid after smoothing,0.0,5.0,0.0,24.8,"0,4,8,12,16,20,24"
01 high viscosity,pH 6.8,3.333333333333333,1,2.388274967725597,0.0,01-pH6.8T-亲水凝胶空白制剂-251217-Side-24h-750X-1.mp4,145,0.3333333333333333,0.75,5,centered moving average on extracted normalized projected area,linear interpolation to regular 0.5 h grid after smoothing,0.0,5.0,0.0,24.8,"0,4,8,12,16,20,24"
01 high viscosity,pH 6.8,3.6666666666666665,1,2.4085073434273014,0.0,01-pH6.8T-亲水凝胶空白制剂-251217-Side-24h-750X-1.mp4,145,0.3333333333333333,0.75,5,centered moving average on extracted normalized projected area,linear interpolation to regular 0.5 h grid after smoothing,0.0,5.0,0.0,24.8,"0,4,8,12,16,20,24"
01 high viscosity,pH 6.8,4.0,1,2.4649330424392026,0.0,01-pH6.8T-亲水凝胶空白制剂-251217-Side-24h-750X-1.mp4,145,0.3333333333333333,0.75,5,centered moving average on extracted normalized projected area,linear interpolation to regular 0.5 h grid after smoothing,0.0,5.0,0.0,24.8,"0,4,8,12,16,20,24"
01 high viscosity,pH 6.8,4.333333333333333,1,2.6061716517944857,0.0,01-pH6.8T-亲水凝胶空白制剂-251217-Side-24h-750X-1.mp4,145,0.3333333333333333,0.75,5,centered moving average on extracted normalized projected area,linear interpolation to regular 0.5 h grid after smoothing,0.0,5.0,0.0,24.8,"0,4,8,12,16,20,24"
01 high viscosity,pH 6.8,4.666666666666666,1,2.7407498722850563,0.0,01-pH6.8T-亲水凝胶空白制剂-251217-Side-24h-750X-1.mp4,145,0.3333333333333333,0.75,5,centered moving average on extracted normalized projected area,linear interpolation to regular 0.5 h grid after smoothing,0.0,5.0,0.0,24.8,"0,4,8,12,16,20,24"
01 high viscosity,pH 6.8,5.0,1,2.8316599158464046,0.0,01-pH6.8T-亲水凝胶空白制剂-251217-Side-24h-750X-1.mp4,145,0.3333333333333333,0.75,5,centered moving average on extracted normalized projected area,linear interpolation to regular 0.5 h grid after smoothing,0.0,5.0,0.0,24.8,"0,4,8,12,16,20,24"
01 high viscosity,pH 6.8,5.333333333333333,1,2.8729184647426704,0.0,01-pH6.8T-亲水凝胶空白制剂-251217-Side-24h-750X-1.mp4,145,0.3333333333333333,0.75,5,centered moving average on extracted normalized projected area,linear interpolation to regular 0.5 h grid after smoothing,0.0,5.0,0.0,24.8,"0,4,8,12,16,20,24"
01 high viscosity,pH 6.8,5.666666666666666,1,2.919297545981018,0.0,01-pH6.8T-亲水凝胶空白制剂-251217-Side-24h-750X-1.mp4,145,0.3333333333333333,0.75,5,centered moving average on extracted normalized projected area,linear interpolation to regular 0.5 h grid after smoothing,0.0,5.0,0.0,24.8,"0,4,8,12,16,20,24"
01 high viscosity,pH 6.8,6.0,1,2.9692881583869055,0.0,01-pH6.8T-亲水凝胶空白制剂-251217-Side-24h-750X-1.mp4,145,0.3333333333333333,0.75,5,centered moving average on extracted normalized projected area,linear interpolation to regular 0.5 h grid after smoothing,0.0,5.0,0.0,24.8,"0,4,8,12,16,20,24"
01 high viscosity,pH 6.8,6.333333333333333,1,3.0204012068516337,0.0,01-pH6.8T-亲水凝胶空白制剂-251217-Side-24h-750X-1.mp4,145,0.3333333333333333,0.75,5,centered moving average on extracted normalized projected area,linear interpolation to regular 0.5 h grid after smoothing,0.0,5.0,0.0,24.8,"0,4,8,12,16,20,24"
01 high viscosity,pH 6.8,6.666666666666666,1,3.0641412825636722,0.0,01-pH6.8T-亲水凝胶空白制剂-251217-Side-24h-750X-1.mp4,145,0.3333333333333333,0.75,5,centered moving average on extracted normalized projected area,linear interpolation to regular 0.5 h grid after smoothing,0.0,5.0,0.0,24.8,"0,4,8,12,16,20,24"
01 high viscosity,pH 6.8,7.0,1,3.1137136012412,0.0,01-pH6.8T-亲水凝胶空白制剂-251217-Side-24h-750X-1.mp4,145,0.3333333333333333,0.75,5,centered moving average on extracted normalized projected area,linear interpolation to regular 0.5 h grid after smoothing,0.0,5.0,0.0,24.8,"0,4,8,12,16,20,24"
01 high viscosity,pH 6.8,7.333333333333333,1,3.166086770478418,0.0,01-pH6.8T-亲水凝胶空白制剂-251217-Side-24h-750X-1.mp4,145,0.3333333333333333,0.75,5,centered moving average on extracted normalized projected area,linear interpolation to regular 0.5 h grid after smoothing,0.0,5.0,0.0,24.8,"0,4,8,12,16,20,24"
01 high viscosity,pH 6.8,7.666666666666666,1,3.2141678443609663,0.0,01-pH6.8T-亲水凝胶空白制剂-251217-Side-24h-750X-1.mp4,145,0.3333333333333333,0.75,5,centered moving average on extracted normalized projected area,linear interpolation to regular 0.5 h grid after smoothing,0.0,5.0,0.0,24.8,"0,4,8,12,16,20,24"
01 high viscosity,pH 6.8,8.0,1,3.2559226986203873,0.0,01-pH6.8T-亲水凝胶空白制剂-251217-Side-24h-750X-1.mp4,145,0.3333333333333333,0.75,5,centered moving average on extracted normalized projected area,linear interpolation to regular 0.5 h grid after smoothing,0.0,5.0,0.0,24.8,"0,4,8,12,16,20,24"
01 high viscosity,pH 6.8,8.333333333333332,1,3.3004559896489036,0.0,01-pH6.8T-亲水凝胶空白制剂-251217-Side-24h-750X-1.mp4,145,0.3333333333333333,0.75,5,centered moving average on extracted normalized projected area,linear interpolation to regular 0.5 h grid after smoothing,0.0,5.0,0.0,24.8,"0,4,8,12,16,20,24"
01 high viscosity,pH 6.8,8.666666666666666,1,3.344758156654931,0.0,01-pH6.8T-亲水凝胶空白制剂-251217-Side-24h-750X-1.mp4,145,0.3333333333333333,0.75,5,centered moving average on extracted normalized projected area,linear interpolation to regular 0.5 h grid after smoothing,0.0,5.0,0.0,24.8,"0,4,8,12,16,20,24"
01 high viscosity,pH 6.8,9.0,1,3.3816049729506297,0.0,01-pH6.8T-亲水凝胶空白制剂-251217-Side-24h-750X-1.mp4,145,0.3333333333333333,0.75,5,centered moving average on extracted normalized projected area,linear interpolation to regular 0.5 h grid after smoothing,0.0,5.0,0.0,24.8,"0,4,8,12,16,20,24"
01 high viscosity,pH 6.8,9.333333333333332,1,3.414603603380698,0.0,01-pH6.8T-亲水凝胶空白制剂-251217-Side-24h-750X-1.mp4,145,0.3333333333333333,0.75,5,centered moving average on extracted normalized projected area,linear interpolation to regular 0.5 h grid after smoothing,0.0,5.0,0.0,24.8,"0,4,8,12,16,20,24"
01 high viscosity,pH 6.8,9.666666666666666,1,3.4470127802269617,0.0,01-pH6.8T-亲水凝胶空白制剂-251217-Side-24h-750X-1.mp4,145,0.3333333333333333,0.75,5,centered moving average on extracted normalized projected area,linear interpolation to regular 0.5 h grid after smoothing,0.0,5.0,0.0,24.8,"0,4,8,12,16,20,24"
01 high viscosity,pH 6.8,10.0,1,3.4822044690769736,0.0,01-pH6.8T-亲水凝胶空白制剂-251217-Side-24h-750X-1.mp4,145,0.3333333333333333,0.75,5,centered moving average on extracted normalized projected area,linear interpolation to regular 0.5 h grid after smoothing,0.0,5.0,0.0,24.8,"0,4,8,12,16,20,24"
01 high viscosity,pH 6.8,10.333333333333332,1,3.5283966716976405,0.0,01-pH6.8T-亲水凝胶空白制剂-251217-Side-24h-750X-1.mp4,145,0.3333333333333333,0.75,5,centered moving average on extracted normalized projected area,linear interpolation to regular 0.5 h grid after smoothing,0.0,5.0,0.0,24.8,"0,4,8,12,16,20,24"
01 high viscosity,pH 6.8,10.666666666666666,1,3.582221206647872,0.0,01-pH6.8T-亲水凝胶空白制剂-251217-Side-24h-750X-1.mp4,145,0.3333333333333333,0.75,5,centered moving average on extracted normalized projected area,linear interpolation to regular 0.5 h grid after smoothing,0.0,5.0,0.0,24.8,"0,4,8,12,16,20,24"
01 high viscosity,pH 6.8,11.0,1,3.6397576981910325,0.0,01-pH6.8T-亲水凝胶空白制剂-251217-Side-24h-750X-1.mp4,145,0.3333333333333333,0.75,5,centered moving average on extracted normalized projected area,linear interpolation to regular 0.5 h grid after smoothing,0.0,5.0,0.0,24.8,"0,4,8,12,16,20,24"
01 high viscosity,pH 6.8,11.333333333333332,1,3.7046042874379435,0.0,01-pH6.8T-亲水凝胶空白制剂-251217-Side-24h-750X-1.mp4,145,0.3333333333333333,0.75,5,centered moving average on extracted normalized projected area,linear interpolation to regular 0.5 h grid after smoothing,0.0,5.0,0.0,24.8,"0,4,8,12,16,20,24"
01 high viscosity,pH 6.8,11.666666666666666,1,3.7695664386961,0.0,01-pH6.8T-亲水凝胶空白制剂-251217-Side-24h-750X-1.mp4,145,0.3333333333333333,0.75,5,centered moving average on extracted normalized projected area,linear interpolation to regular 0.5 h grid after smoothing,0.0,5.0,0.0,24.8,"0,4,8,12,16,20,24"
01 high viscosity,pH 6.8,12.0,1,3.8280518777371384,0.0,01-pH6.8T-亲水凝胶空白制剂-251217-Side-24h-750X-1.mp4,145,0.3333333333333333,0.75,5,centered moving average on extracted normalized projected area,linear interpolation to regular 0.5 h grid after smoothing,0.0,5.0,0.0,24.8,"0,4,8,12,16,20,24"
01 high viscosity,pH 6.8,12.333333333333332,1,3.861552926382341,0.0,01-pH6.8T-亲水凝胶空白制剂-251217-Side-24h-750X-1.mp4,145,0.3333333333333333,0.75,5,centered moving average on extracted normalized projected area,linear interpolation to regular 0.5 h grid after smoothing,0.0,5.0,0.0,24.8,"0,4,8,12,16,20,24"
01 high viscosity,pH 6.8,12.666666666666666,1,3.898033262647418,0.0,01-pH6.8T-亲水凝胶空白制剂-251217-Side-24h-750X-1.mp4,145,0.3333333333333333,0.75,5,centered moving average on extracted normalized projected area,linear interpolation to regular 0.5 h grid after smoothing,0.0,5.0,0.0,24.8,"0,4,8,12,16,20,24"
01 high viscosity,pH 6.8,13.0,1,3.934951104461363,0.0,01-pH6.8T-亲水凝胶空白制剂-251217-Side-24h-750X-1.mp4,145,0.3333333333333333,0.75,5,centered moving average on extracted normalized projected area,linear interpolation to regular 0.5 h grid after smoothing,0.0,5.0,0.0,24.8,"0,4,8,12,16,20,24"
01 high viscosity,pH 6.8,13.333333333333332,1,3.967182426423821,0.0,01-pH6.8T-亲水凝胶空白制剂-251217-Side-24h-750X-1.mp4,145,0.3333333333333333,0.75,5,centered moving average on extracted normalized projected area,linear interpolation to regular 0.5 h grid after smoothing,0.0,5.0,0.0,24.8,"0,4,8,12,16,20,24"
01 high viscosity,pH 6.8,13.666666666666666,1,4.012046102547458,0.0,01-pH6.8T-亲水凝胶空白制剂-251217-Side-24h-750X-1.mp4,145,0.3333333333333333,0.75,5,centered moving average on extracted normalized projected area,linear interpolation to regular 0.5 h grid after smoothing,0.0,5.0,0.0,24.8,"0,4,8,12,16,20,24"
01 high viscosity,pH 6.8,14.0,1,4.057042805973711,0.0,01-pH6.8T-亲水凝胶空白制剂-251217-Side-24h-750X-1.mp4,145,0.3333333333333333,0.75,5,centered moving average on extracted normalized projected area,linear interpolation to regular 0.5 h grid after smoothing,0.0,5.0,0.0,24.8,"0,4,8,12,16,20,24"
01 high viscosity,pH 6.8,14.333333333333332,1,4.092351803364107,0.0,01-pH6.8T-亲水凝胶空白制剂-251217-Side-24h-750X-1.mp4,145,0.3333333333333333,0.75,5,centered moving average on extracted normalized projected area,linear interpolation to regular 0.5 h grid after smoothing,0.0,5.0,0.0,24.8,"0,4,8,12,16,20,24"
01 high viscosity,pH 6.8,14.666666666666666,1,4.132967629537883,0.0,01-pH6.8T-亲水凝胶空白制剂-251217-Side-24h-750X-1.mp4,145,0.3333333333333333,0.75,5,centered moving average on extracted normalized projected area,linear interpolation to regular 0.5 h grid after smoothing,0.0,5.0,0.0,24.8,"0,4,8,12,16,20,24"
01 high viscosity,pH 6.8,15.0,1,4.168319999068517,0.0,01-pH6.8T-亲水凝胶空白制剂-251217-Side-24h-750X-1.mp4,145,0.3333333333333333,0.75,5,centered moving average on extracted normalized projected area,linear interpolation to regular 0.5 h grid after smoothing,0.0,5.0,0.0,24.8,"0,4,8,12,16,20,24"
01 high viscosity,pH 6.8,15.333333333333332,1,4.209081369337062,0.0,01-pH6.8T-亲水凝胶空白制剂-251217-Side-24h-750X-1.mp4,145,0.3333333333333333,0.75,5,centered moving average on extracted normalized projected area,linear interpolation to regular 0.5 h grid after smoothing,0.0,5.0,0.0,24.8,"0,4,8,12,16,20,24"
01 high viscosity,pH 6.8,15.666666666666666,1,4.250866787856383,0.0,01-pH6.8T-亲水凝胶空白制剂-251217-Side-24h-750X-1.mp4,145,0.3333333333333333,0.75,5,centered moving average on extracted normalized projected area,linear interpolation to regular 0.5 h grid after smoothing,0.0,5.0,0.0,24.8,"0,4,8,12,16,20,24"
01 high viscosity,pH 6.8,16.0,1,4.284752363999958,0.0,01-pH6.8T-亲水凝胶空白制剂-251217-Side-24h-750X-1.mp4,145,0.3333333333333333,0.75,5,centered moving average on extracted normalized projected area,linear interpolation to regular 0.5 h grid after smoothing,0.0,5.0,0.0,24.8,"0,4,8,12,16,20,24"
01 high viscosity,pH 6.8,16.333333333333332,1,4.297863558232921,0.0,01-pH6.8T-亲水凝胶空白制剂-251217-Side-24h-750X-1.mp4,145,0.3333333333333333,0.75,5,centered moving average on extracted normalized projected area,linear interpolation to regular 0.5 h grid after smoothing,0.0,5.0,0.0,24.8,"0,4,8,12,16,20,24"
01 high viscosity,pH 6.8,16.666666666666664,1,4.296205519905338,0.0,01-pH6.8T-亲水凝胶空白制剂-251217-Side-24h-750X-1.mp4,145,0.3333333333333333,0.75,5,centered moving average on extracted normalized projected area,linear interpolation to regular 0.5 h grid after smoothing,0.0,5.0,0.0,24.8,"0,4,8,12,16,20,24"
01 high viscosity,pH 6.8,17.0,1,4.295270544640557,0.0,01-pH6.8T-亲水凝胶空白制剂-251217-Side-24h-750X-1.mp4,145,0.3333333333333333,0.75,5,centered moving average on extracted normalized projected area,linear interpolation to regular 0.5 h grid after smoothing,0.0,5.0,0.0,24.8,"0,4,8,12,16,20,24"
01 high viscosity,pH 6.8,17.333333333333332,1,4.316549091295444,0.0,01-pH6.8T-亲水凝胶空白制剂-251217-Side-24h-750X-1.mp4,145,0.3333333333333333,0.75,5,centered moving average on extracted normalized projected area,linear interpolation to regular 0.5 h grid after smoothing,0.0,5.0,0.0,24.8,"0,4,8,12,16,20,24"
01 high viscosity,pH 6.8,17.666666666666664,1,4.338095730172891,0.0,01-pH6.8T-亲水凝胶空白制剂-251217-Side-24h-750X-1.mp4,145,0.3333333333333333,0.75,5,centered moving average on extracted normalized projected area,linear interpolation to regular 0.5 h grid after smoothing,0.0,5.0,0.0,24.8,"0,4,8,12,16,20,24"
01 high viscosity,pH 6.8,18.0,1,4.359272978137821,0.0,01-pH6.8T-亲水凝胶空白制剂-251217-Side-24h-750X-1.mp4,145,0.3333333333333333,0.75,5,centered moving average on extracted normalized projected area,linear interpolation to regular 0.5 h grid after smoothing,0.0,5.0,0.0,24.8,"0,4,8,12,16,20,24"
01 high viscosity,pH 6.8,18.333333333333332,1,4.373905690337473,0.0,01-pH6.8T-亲水凝胶空白制剂-251217-Side-24h-750X-1.mp4,145,0.3333333333333333,0.75,5,centered moving average on extracted normalized projected area,linear interpolation to regular 0.5 h grid after smoothing,0.0,5.0,0.0,24.8,"0,4,8,12,16,20,24"
01 high viscosity,pH 6.8,18.666666666666664,1,4.376328708427149,0.0,01-pH6.8T-亲水凝胶空白制剂-251217-Side-24h-750X-1.mp4,145,0.3333333333333333,0.75,5,centered moving average on extracted normalized projected area,linear interpolation to regular 0.5 h grid after smoothing,0.0,5.0,0.0,24.8,"0,4,8,12,16,20,24"
01 high viscosity,pH 6.8,19.0,1,4.384154323314563,0.0,01-pH6.8T-亲水凝胶空白制剂-251217-Side-24h-750X-1.mp4,145,0.3333333333333333,0.75,5,centered moving average on extracted normalized projected area,linear interpolation to regular 0.5 h grid after smoothing,0.0,5.0,0.0,24.8,"0,4,8,12,16,20,24"
01 high viscosity,pH 6.8,19.333333333333332,1,4.393379781305443,0.0,01-pH6.8T-亲水凝胶空白制剂-251217-Side-24h-750X-1.mp4,145,0.3333333333333333,0.75,5,centered moving average on extracted normalized projected area,linear interpolation to regular 0.5 h grid after smoothing,0.0,5.0,0.0,24.8,"0,4,8,12,16,20,24"
01 high viscosity,pH 6.8,19.666666666666664,1,4.4003888938212175,0.0,01-pH6.8T-亲水凝胶空白制剂-251217-Side-24h-750X-1.mp4,145,0.3333333333333333,0.75,5,centered moving average on extracted normalized projected area,linear interpolation to regular 0.5 h grid after smoothing,0.0,5.0,0.0,24.8,"0,4,8,12,16,20,24"
01 high viscosity,pH 6.8,20.0,1,4.415794736252269,0.0,01-pH6.8T-亲水凝胶空白制剂-251217-Side-24h-750X-1.mp4,145,0.3333333333333333,0.75,5,centered moving average on extracted normalized projected area,linear interpolation to regular 0.5 h grid after smoothing,0.0,5.0,0.0,24.8,"0,4,8,12,16,20,24"
01 high viscosity,pH 6.8,20.333333333333332,1,4.438690859976393,0.0,01-pH6.8T-亲水凝胶空白制剂-251217-Side-24h-750X-1.mp4,145,0.3333333333333333,0.75,5,centered moving average on extracted normalized projected area,linear interpolation to regular 0.5 h grid after smoothing,0.0,5.0,0.0,24.8,"0,4,8,12,16,20,24"
01 high viscosity,pH 6.8,20.666666666666664,1,4.455829841487926,0.0,01-pH6.8T-亲水凝胶空白制剂-251217-Side-24h-750X-1.mp4,145,0.3333333333333333,0.75,5,centered moving average on extracted normalized projected area,linear interpolation to regular 0.5 h grid after smoothing,0.0,5.0,0.0,24.8,"0,4,8,12,16,20,24"
01 high viscosity,pH 6.8,21.0,1,4.466758165387577,0.0,01-pH6.8T-亲水凝胶空白制剂-251217-Side-24h-750X-1.mp4,145,0.3333333333333333,0.75,5,centered moving average on extracted normalized projected area,linear interpolation to regular 0.5 h grid after smoothing,0.0,5.0,0.0,24.8,"0,4,8,12,16,20,24"
01 high viscosity,pH 6.8,21.333333333333332,1,4.47580052890724,0.0,01-pH6.8T-亲水凝胶空白制剂-251217-Side-24h-750X-1.mp4,145,0.3333333333333333,0.75,5,centered moving average on extracted normalized projected area,linear interpolation to regular 0.5 h grid after smoothing,0.0,5.0,0.0,24.8,"0,4,8,12,16,20,24"
01 high viscosity,pH 6.8,21.666666666666664,1,4.489761991741828,0.0,01-pH6.8T-亲水凝胶空白制剂-251217-Side-24h-750X-1.mp4,145,0.3333333333333333,0.75,5,centered moving average on extracted normalized projected area,linear interpolation to regular 0.5 h grid after smoothing,0.0,5.0,0.0,24.8,"0,4,8,12,16,20,24"
01 high viscosity,pH 6.8,22.0,1,4.503861139290065,0.0,01-pH6.8T-亲水凝胶空白制剂-251217-Side-24h-750X-1.mp4,145,0.3333333333333333,0.75,5,centered moving average on extracted normalized projected area,linear interpolation to regular 0.5 h grid after smoothing,0.0,5.0,0.0,24.8,"0,4,8,12,16,20,24"
01 high viscosity,pH 6.8,22.333333333333332,1,4.522039014550043,0.0,01-pH6.8T-亲水凝胶空白制剂-251217-Side-24h-750X-1.mp4,145,0.3333333333333333,0.75,5,centered moving average on extracted normalized projected area,linear interpolation to regular 0.5 h grid after smoothing,0.0,5.0,0.0,24.8,"0,4,8,12,16,20,24"
01 high viscosity,pH 6.8,22.666666666666664,1,4.515479924375288,0.0,01-pH6.8T-亲水凝胶空白制剂-251217-Side-24h-750X-1.mp4,145,0.3333333333333333,0.75,5,centered moving average on extracted normalized projected area,linear interpolation to regular 0.5 h grid after smoothing,0.0,5.0,0.0,24.8,"0,4,8,12,16,20,24"
01 high viscosity,pH 6.8,23.0,1,4.498943495416089,0.0,01-pH6.8T-亲水凝胶空白制剂-251217-Side-24h-750X-1.mp4,145,0.3333333333333333,0.75,5,centered moving average on extracted normalized projected area,linear interpolation to regular 0.5 h grid after smoothing,0.0,5.0,0.0,24.8,"0,4,8,12,16,20,24"
01 high viscosity,pH 6.8,23.333333333333332,1,4.486986174766439,0.0,01-pH6.8T-亲水凝胶空白制剂-251217-Side-24h-750X-1.mp4,145,0.3333333333333333,0.75,5,centered moving average on extracted normalized projected area,linear interpolation to regular 0.5 h grid after smoothing,0.0,5.0,0.0,24.8,"0,4,8,12,16,20,24"
01 high viscosity,pH 6.8,23.666666666666664,1,4.503841927469557,0.0,01-pH6.8T-亲水凝胶空白制剂-251217-Side-24h-750X-1.mp4,145,0.3333333333333333,0.75,5,centered moving average on extracted normalized projected area,linear interpolation to regular 0.5 h grid after smoothing,0.0,5.0,0.0,24.8,"0,4,8,12,16,20,24"
01 high viscosity,pH 6.8,24.0,1,4.514862235237099,0.0,01-pH6.8T-亲水凝胶空白制剂-251217-Side-24h-750X-1.mp4,145,0.3333333333333333,0.75,5,centered moving average on extracted normalized projected area,linear interpolation to regular 0.5 h grid after smoothing,0.0,5.0,0.0,24.8,"0,4,8,12,16,20,24"
02 low viscosity,pH 1.2,0.0,1,1.155418020801885,0.0,02-pH1.2T-亲水凝胶空白制剂-251217-Side-24h-750X-1.mp4,145,0.3333333333333333,0.75,5,centered moving average on extracted normalized projected area,linear interpolation to regular 0.5 h grid after smoothing,0.0,5.0,0.0,24.8,"0,4,8,12,16,20,24"
02 low viscosity,pH 1.2,0.3333333333333333,1,1.2616567511410255,0.0,02-pH1.2T-亲水凝胶空白制剂-251217-Side-24h-750X-1.mp4,145,0.3333333333333333,0.75,5,centered moving average on extracted normalized projected area,linear interpolation to regular 0.5 h grid after smoothing,0.0,5.0,0.0,24.8,"0,4,8,12,16,20,24"
02 low viscosity,pH 1.2,0.6666666666666666,1,1.4469051128594006,0.0,02-pH1.2T-亲水凝胶空白制剂-251217-Side-24h-750X-1.mp4,145,0.3333333333333333,0.75,5,centered moving average on extracted normalized projected area,linear interpolation to regular 0.5 h grid after smoothing,0.0,5.0,0.0,24.8,"0,4,8,12,16,20,24"
02 low viscosity,pH 1.2,1.0,1,1.583852137313751,0.0,02-pH1.2T-亲水凝胶空白制剂-251217-Side-24h-750X-1.mp4,145,0.3333333333333333,0.75,5,centered moving average on extracted normalized projected area,linear interpolation to regular 0.5 h grid after smoothing,0.0,5.0,0.0,24.8,"0,4,8,12,16,20,24"
02 low viscosity,pH 1.2,1.3333333333333333,1,1.691679838036548,0.0,02-pH1.2T-亲水凝胶空白制剂-251217-Side-24h-750X-1.mp4,145,0.3333333333333333,0.75,5,centered moving average on extracted normalized projected area,linear interpolation to regular 0.5 h grid after smoothing,0.0,5.0,0.0,24.8,"0,4,8,12,16,20,24"
02 low viscosity,pH 1.2,1.6666666666666665,1,1.7644548828784028,0.0,02-pH1.2T-亲水凝胶空白制剂-251217-Side-24h-750X-1.mp4,145,0.3333333333333333,0.75,5,centered moving average on extracted normalized projected area,linear interpolation to regular 0.5 h grid after smoothing,0.0,5.0,0.0,24.8,"0,4,8,12,16,20,24"
02 low viscosity,pH 1.2,2.0,1,1.8347145216572838,0.0,02-pH1.2T-亲水凝胶空白制剂-251217-Side-24h-750X-1.mp4,145,0.3333333333333333,0.75,5,centered moving average on extracted normalized projected area,linear interpolation to regular 0.5 h grid after smoothing,0.0,5.0,0.0,24.8,"0,4,8,12,16,20,24"
02 low viscosity,pH 1.2,2.333333333333333,1,1.910151663144435,0.0,02-pH1.2T-亲水凝胶空白制剂-251217-Side-24h-750X-1.mp4,145,0.3333333333333333,0.75,5,centered moving average on extracted normalized projected area,linear interpolation to regular 0.5 h grid after smoothing,0.0,5.0,0.0,24.8,"0,4,8,12,16,20,24"
02 low viscosity,pH 1.2,2.6666666666666665,1,1.984564456836385,0.0,02-pH1.2T-亲水凝胶空白制剂-251217-Side-24h-750X-1.mp4,145,0.3333333333333333,0.75,5,centered moving average on extracted normalized projected area,linear interpolation to regular 0.5 h grid after smoothing,0.0,5.0,0.0,24.8,"0,4,8,12,16,20,24"
02 low viscosity,pH 1.2,3.0,1,2.0379223569944416,0.0,02-pH1.2T-亲水凝胶空白制剂-251217-Side-24h-750X-1.mp4,145,0.3333333333333333,0.75,5,centered moving average on extracted normalized projected area,linear interpolation to regular 0.5 h grid after smoothing,0.0,5.0,0.0,24.8,"0,4,8,12,16,20,24"
02 low viscosity,pH 1.2,3.333333333333333,1,2.0887442504750573,0.0,02-pH1.2T-亲水凝胶空白制剂-251217-Side-24h-750X-1.mp4,145,0.3333333333333333,0.75,5,centered moving average on extracted normalized projected area,linear interpolation to regular 0.5 h grid after smoothing,0.0,5.0,0.0,24.8,"0,4,8,12,16,20,24"
02 low viscosity,pH 1.2,3.6666666666666665,1,2.143368378056794,0.0,02-pH1.2T-亲水凝胶空白制剂-251217-Side-24h-750X-1.mp4,145,0.3333333333333333,0.75,5,centered moving average on extracted normalized projected area,linear interpolation to regular 0.5 h grid after smoothing,0.0,5.0,0.0,24.8,"0,4,8,12,16,20,24"
02 low viscosity,pH 1.2,4.0,1,2.1887756841712696,0.0,02-pH1.2T-亲水凝胶空白制剂-251217-Side-24h-750X-1.mp4,145,0.3333333333333333,0.75,5,centered moving average on extracted normalized projected area,linear interpolation to regular 0.5 h grid after smoothing,0.0,5.0,0.0,24.8,"0,4,8,12,16,20,24"
02 low viscosity,pH 1.2,4.333333333333333,1,2.2333635830861853,0.0,02-pH1.2T-亲水凝胶空白制剂-251217-Side-24h-750X-1.mp4,145,0.3333333333333333,0.75,5,centered moving average on extracted normalized projected area,linear interpolation to regular 0.5 h grid after smoothing,0.0,5.0,0.0,24.8,"0,4,8,12,16,20,24"
02 low viscosity,pH 1.2,4.666666666666666,1,2.264927631462111,0.0,02-pH1.2T-亲水凝胶空白制剂-251217-Side-24h-750X-1.mp4,145,0.3333333333333333,0.75,5,centered moving average on extracted normalized projected area,linear interpolation to regular 0.5 h grid after smoothing,0.0,5.0,0.0,24.8,"0,4,8,12,16,20,24"
02 low viscosity,pH 1.2,5.0,1,2.2879901969489778,0.0,02-pH1.2T-亲水凝胶空白制剂-251217-Side-24h-750X-1.mp4,145,0.3333333333333333,0.75,5,centered moving average on extracted normalized projected area,linear interpolation to regular 0.5 h grid after smoothing,0.0,5.0,0.0,24.8,"0,4,8,12,16,20,24"
02 low viscosity,pH 1.2,5.333333333333333,1,2.306907421548953,0.0,02-pH1.2T-亲水凝胶空白制剂-251217-Side-24h-750X-1.mp4,145,0.3333333333333333,0.75,5,centered moving average on extracted normalized projected area,linear interpolation to regular 0.5 h grid after smoothing,0.0,5.0,0.0,24.8,"0,4,8,12,16,20,24"
02 low viscosity,pH 1.2,5.666666666666666,1,2.331888330462271,0.0,02-pH1.2T-亲水凝胶空白制剂-251217-Side-24h-750X-1.mp4,145,0.3333333333333333,0.75,5,centered moving average on extracted normalized projected area,linear interpolation to regular 0.5 h grid after smoothing,0.0,5.0,0.0,24.8,"0,4,8,12,16,20,24"
02 low viscosity,pH 1.2,6.0,1,2.35833863147987,0.0,02-pH1.2T-亲水凝胶空白制剂-251217-Side-24h-750X-1.mp4,145,0.3333333333333333,0.75,5,centered moving average on extracted normalized projected area,linear interpolation to regular 0.5 h grid after smoothing,0.0,5.0,0.0,24.8,"0,4,8,12,16,20,24"
02 low viscosity,pH 1.2,6.333333333333333,1,2.374839368484612,0.0,02-pH1.2T-亲水凝胶空白制剂-251217-Side-24h-750X-1.mp4,145,0.3333333333333333,0.75,5,centered moving average on extracted normalized projected area,linear interpolation to regular 0.5 h grid after smoothing,0.0,5.0,0.0,24.8,"0,4,8,12,16,20,24"
02 low viscosity,pH 1.2,6.666666666666666,1,2.381401729741249,0.0,02-pH1.2T-亲水凝胶空白制剂-251217-Side-24h-750X-1.mp4,145,0.3333333333333333,0.75,5,centered moving average on extracted normalized projected area,linear interpolation to regular 0.5 h grid after smoothing,0.0,5.0,0.0,24.8,"0,4,8,12,16,20,24"
02 low viscosity,pH 1.2,7.0,1,2.3767841730451615,0.0,02-pH1.2T-亲水凝胶空白制剂-251217-Side-24h-750X-1.mp4,145,0.3333333333333333,0.75,5,centered moving average on extracted normalized projected area,linear interpolation to regular 0.5 h grid after smoothing,0.0,5.0,0.0,24.8,"0,4,8,12,16,20,24"
02 low viscosity,pH 1.2,7.333333333333333,1,2.3728428847963916,0.0,02-pH1.2T-亲水凝胶空白制剂-251217-Side-24h-750X-1.mp4,145,0.3333333333333333,0.75,5,centered moving average on extracted normalized projected area,linear interpolation to regular 0.5 h grid after smoothing,0.0,5.0,0.0,24.8,"0,4,8,12,16,20,24"
02 low viscosity,pH 1.2,7.666666666666666,1,2.3635701220053633,0.0,02-pH1.2T-亲水凝胶空白制剂-251217-Side-24h-750X-1.mp4,145,0.3333333333333333,0.75,5,centered moving average on extracted normalized projected area,linear interpolation to regular 0.5 h grid after smoothing,0.0,5.0,0.0,24.8,"0,4,8,12,16,20,24"
02 low viscosity,pH 1.2,8.0,1,2.3386144310856167,0.0,02-pH1.2T-亲水凝胶空白制剂-251217-Side-24h-750X-1.mp4,145,0.3333333333333333,0.75,5,centered moving average on extracted normalized projected area,linear interpolation to regular 0.5 h grid after smoothing,0.0,5.0,0.0,24.8,"0,4,8,12,16,20,24"
02 low viscosity,pH 1.2,8.333333333333332,1,2.297993393596051,0.0,02-pH1.2T-亲水凝胶空白制剂-251217-Side-24h-750X-1.mp4,145,0.3333333333333333,0.75,5,centered moving average on extracted normalized projected area,linear interpolation to regular 0.5 h grid after smoothing,0.0,5.0,0.0,24.8,"0,4,8,12,16,20,24"
02 low viscosity,pH 1.2,8.666666666666666,1,2.249970697401836,0.0,02-pH1.2T-亲水凝胶空白制剂-251217-Side-24h-750X-1.mp4,145,0.3333333333333333,0.75,5,centered moving average on extracted normalized projected area,linear interpolation to regular 0.5 h grid after smoothing,0.0,5.0,0.0,24.8,"0,4,8,12,16,20,24"
02 low viscosity,pH 1.2,9.0,1,2.201204958354793,0.0,02-pH1.2T-亲水凝胶空白制剂-251217-Side-24h-750X-1.mp4,145,0.3333333333333333,0.75,5,centered moving average on extracted normalized projected area,linear interpolation to regular 0.5 h grid after smoothing,0.0,5.0,0.0,24.8,"0,4,8,12,16,20,24"
02 low viscosity,pH 1.2,9.333333333333332,1,2.1421635972935062,0.0,02-pH1.2T-亲水凝胶空白制剂-251217-Side-24h-750X-1.mp4,145,0.3333333333333333,0.75,5,centered moving average on extracted normalized projected area,linear interpolation to regular 0.5 h grid after smoothing,0.0,5.0,0.0,24.8,"0,4,8,12,16,20,24"
02 low viscosity,pH 1.2,9.666666666666666,1,2.0707574277646557,0.0,02-pH1.2T-亲水凝胶空白制剂-251217-Side-24h-750X-1.mp4,145,0.3333333333333333,0.75,5,centered moving average on extracted normalized projected area,linear interpolation to regular 0.5 h grid after smoothing,0.0,5.0,0.0,24.8,"0,4,8,12,16,20,24"
02 low viscosity,pH 1.2,10.0,1,1.9897701965937948,0.0,02-pH1.2T-亲水凝胶空白制剂-251217-Side-24h-750X-1.mp4,145,0.3333333333333333,0.75,5,centered moving average on extracted normalized projected area,linear interpolation to regular 0.5 h grid after smoothing,0.0,5.0,0.0,24.8,"0,4,8,12,16,20,24"
02 low viscosity,pH 1.2,10.333333333333332,1,1.9069239375588276,0.0,02-pH1.2T-亲水凝胶空白制剂-251217-Side-24h-750X-1.mp4,145,0.3333333333333333,0.75,5,centered moving average on extracted normalized projected area,linear interpolation to regular 0.5 h grid after smoothing,0.0,5.0,0.0,24.8,"0,4,8,12,16,20,24"
02 low viscosity,pH 1.2,10.666666666666666,1,1.8286545667655258,0.0,02-pH1.2T-亲水凝胶空白制剂-251217-Side-24h-750X-1.mp4,145,0.3333333333333333,0.75,5,centered moving average on extracted normalized projected area,linear interpolation to regular 0.5 h grid after smoothing,0.0,5.0,0.0,24.8,"0,4,8,12,16,20,24"
02 low viscosity,pH 1.2,11.0,1,1.755452947131009,0.0,02-pH1.2T-亲水凝胶空白制剂-251217-Side-24h-750X-1.mp4,145,0.3333333333333333,0.75,5,centered moving average on extracted normalized projected area,linear interpolation to regular 0.5 h grid after smoothing,0.0,5.0,0.0,24.8,"0,4,8,12,16,20,24"
02 low viscosity,pH 1.2,11.333333333333332,1,1.6842943401587673,0.0,02-pH1.2T-亲水凝胶空白制剂-251217-Side-24h-750X-1.mp4,145,0.3333333333333333,0.75,5,centered moving average on extracted normalized projected area,linear interpolation to regular 0.5 h grid after smoothing,0.0,5.0,0.0,24.8,"0,4,8,12,16,20,24"
02 low viscosity,pH 1.2,11.666666666666666,1,1.611748210765597,0.0,02-pH1.2T-亲水凝胶空白制剂-251217-Side-24h-750X-1.mp4,145,0.3333333333333333,0.75,5,centered moving average on extracted normalized projected area,linear interpolation to regular 0.5 h grid after smoothing,0.0,5.0,0.0,24.8,"0,4,8,12,16,20,24"
02 low viscosity,pH 1.2,12.0,1,1.540577172388073,0.0,02-pH1.2T-亲水凝胶空白制剂-251217-Side-24h-750X-1.mp4,145,0.3333333333333333,0.75,5,centered moving average on extracted normalized projected area,linear interpolation to regular 0.5 h grid after smoothing,0.0,5.0,0.0,24.8,"0,4,8,12,16,20,24"
02 low viscosity,pH 1.2,12.333333333333332,1,1.4781407945443896,0.0,02-pH1.2T-亲水凝胶空白制剂-251217-Side-24h-750X-1.mp4,145,0.3333333333333333,0.75,5,centered moving average on extracted normalized projected area,linear interpolation to regular 0.5 h grid after smoothing,0.0,5.0,0.0,24.8,"0,4,8,12,16,20,24"
02 low viscosity,pH 1.2,12.666666666666666,1,1.4157573389689038,0.0,02-pH1.2T-亲水凝胶空白制剂-251217-Side-24h-750X-1.mp4,145,0.3333333333333333,0.75,5,centered moving average on extracted normalized projected area,linear interpolation to regular 0.5 h grid after smoothing,0.0,5.0,0.0,24.8,"0,4,8,12,16,20,24"
02 low viscosity,pH 1.2,13.0,1,1.3542870589071019,0.0,02-pH1.2T-亲水凝胶空白制剂-251217-Side-24h-750X-1.mp4,145,0.3333333333333333,0.75,5,centered moving average on extracted normalized projected area,linear interpolation to regular 0.5 h grid after smoothing,0.0,5.0,0.0,24.8,"0,4,8,12,16,20,24"
02 low viscosity,pH 1.2,13.333333333333332,1,1.3002289154486852,0.0,02-pH1.2T-亲水凝胶空白制剂-251217-Side-24h-750X-1.mp4,145,0.3333333333333333,0.75,5,centered moving average on extracted normalized projected area,linear interpolation to regular 0.5 h grid after smoothing,0.0,5.0,0.0,24.8,"0,4,8,12,16,20,24"
02 low viscosity,pH 1.2,13.666666666666666,1,1.250611269956845,0.0,02-pH1.2T-亲水凝胶空白制剂-251217-Side-24h-750X-1.mp4,145,0.3333333333333333,0.75,5,centered moving average on extracted normalized projected area,linear interpolation to regular 0.5 h grid after smoothing,0.0,5.0,0.0,24.8,"0,4,8,12,16,20,24"
02 low viscosity,pH 1.2,14.0,1,1.2003027935143584,0.0,02-pH1.2T-亲水凝胶空白制剂-251217-Side-24h-750X-1.mp4,145,0.3333333333333333,0.75,5,centered moving average on extracted normalized projected area,linear interpolation to regular 0.5 h grid after smoothing,0.0,5.0,0.0,24.8,"0,4,8,12,16,20,24"
02 low viscosity,pH 1.2,14.333333333333332,1,1.1462018505034723,0.0,02-pH1.2T-亲水凝胶空白制剂-251217-Side-24h-750X-1.mp4,145,0.3333333333333333,0.75,5,centered moving average on extracted normalized projected area,linear interpolation to regular 0.5 h grid after smoothing,0.0,5.0,0.0,24.8,"0,4,8,12,16,20,24"
02 low viscosity,pH 1.2,14.666666666666666,1,1.0928251256459893,0.0,02-pH1.2T-亲水凝胶空白制剂-251217-Side-24h-750X-1.mp4,145,0.3333333333333333,0.75,5,centered moving average on extracted normalized projected area,linear interpolation to regular 0.5 h grid after smoothing,0.0,5.0,0.0,24.8,"0,4,8,12,16,20,24"
02 low viscosity,pH 1.2,15.0,1,1.0495993535669252,0.0,02-pH1.2T-亲水凝胶空白制剂-251217-Side-24h-750X-1.mp4,145,0.3333333333333333,0.75,5,centered moving average on extracted normalized projected area,linear interpolation to regular 0.5 h grid after smoothing,0.0,5.0,0.0,24.8,"0,4,8,12,16,20,24"
02 low viscosity,pH 1.2,15.333333333333332,1,1.0116336642455024,0.0,02-pH1.2T-亲水凝胶空白制剂-251217-Side-24h-750X-1.mp4,145,0.3333333333333333,0.75,5,centered moving average on extracted normalized projected area,linear interpolation to regular 0.5 h grid after smoothing,0.0,5.0,0.0,24.8,"0,4,8,12,16,20,24"
02 low viscosity,pH 1.2,15.666666666666666,1,0.9817419950629562,0.0,02-pH1.2T-亲水凝胶空白制剂-251217-Side-24h-750X-1.mp4,145,0.3333333333333333,0.75,5,centered moving average on extracted normalized projected area,linear interpolation to regular 0.5 h grid after smoothing,0.0,5.0,0.0,24.8,"0,4,8,12,16,20,24"
02 low viscosity,pH 1.2,16.0,1,0.9726956614395567,0.0,02-pH1.2T-亲水凝胶空白制剂-251217-Side-24h-750X-1.mp4,145,0.3333333333333333,0.75,5,centered moving average on extracted normalized projected area,linear interpolation to regular 0.5 h grid after smoothing,0.0,5.0,0.0,24.8,"0,4,8,12,16,20,24"
02 low viscosity,pH 1.2,16.333333333333332,1,0.9514271253263247,0.0,02-pH1.2T-亲水凝胶空白制剂-251217-Side-24h-750X-1.mp4,145,0.3333333333333333,0.75,5,centered moving average on extracted normalized projected area,linear interpolation to regular 0.5 h grid after smoothing,0.0,5.0,0.0,24.8,"0,4,8,12,16,20,24"
02 low viscosity,pH 1.2,16.666666666666664,1,0.8937725763199497,0.0,02-pH1.2T-亲水凝胶空白制剂-251217-Side-24h-750X-1.mp4,145,0.3333333333333333,0.75,5,centered moving average on extracted normalized projected area,linear interpolation to regular 0.5 h grid after smoothing,0.0,5.0,0.0,24.8,"0,4,8,12,16,20,24"
02 low viscosity,pH 1.2,17.0,1,0.788783853380453,0.0,02-pH1.2T-亲水凝胶空白制剂-251217-Side-24h-750X-1.mp4,145,0.3333333333333333,0.75,5,centered moving average on extracted normalized projected area,linear interpolation to regular 0.5 h grid after smoothing,0.0,5.0,0.0,24.8,"0,4,8,12,16,20,24"
02 low viscosity,pH 1.2,17.333333333333332,1,0.6798650304569429,0.0,02-pH1.2T-亲水凝胶空白制剂-251217-Side-24h-750X-1.mp4,145,0.3333333333333333,0.75,5,centered moving average on extracted normalized projected area,linear interpolation to regular 0.5 h grid after smoothing,0.0,5.0,0.0,24.8,"0,4,8,12,16,20,24"
02 low viscosity,pH 1.2,17.666666666666664,1,0.6191598145944703,0.0,02-pH1.2T-亲水凝胶空白制剂-251217-Side-24h-750X-1.mp4,145,0.3333333333333333,0.75,5,centered moving average on extracted normalized projected area,linear interpolation to regular 0.5 h grid after smoothing,0.0,5.0,0.0,24.8,"0,4,8,12,16,20,24"
02 low viscosity,pH 1.2,18.0,1,0.580227139533645,0.0,02-pH1.2T-亲水凝胶空白制剂-251217-Side-24h-750X-1.mp4,145,0.3333333333333333,0.75,5,centered moving average on extracted normalized projected area,linear interpolation to regular 0.5 h grid after smoothing,0.0,5.0,0.0,24.8,"0,4,8,12,16,20,24"
02 low viscosity,pH 1.2,18.333333333333332,1,0.5465916638548007,0.0,02-pH1.2T-亲水凝胶空白制剂-251217-Side-24h-750X-1.mp4,145,0.3333333333333333,0.75,5,centered moving average on extracted normalized projected area,linear interpolation to regular 0.5 h grid after smoothing,0.0,5.0,0.0,24.8,"0,4,8,12,16,20,24"
02 low viscosity,pH 1.2,18.666666666666664,1,0.5120442558028028,0.0,02-pH1.2T-亲水凝胶空白制剂-251217-Side-24h-750X-1.mp4,145,0.3333333333333333,0.75,5,centered moving average on extracted normalized projected area,linear interpolation to regular 0.5 h grid after smoothing,0.0,5.0,0.0,24.8,"0,4,8,12,16,20,24"
02 low viscosity,pH 1.2,19.0,1,0.5077676747944379,0.0,02-pH1.2T-亲水凝胶空白制剂-251217-Side-24h-750X-1.mp4,145,0.3333333333333333,0.75,5,centered moving average on extracted normalized projected area,linear interpolation to regular 0.5 h grid after smoothing,0.0,5.0,0.0,24.8,"0,4,8,12,16,20,24"
02 low viscosity,pH 1.2,19.333333333333332,1,0.48493668862881567,0.0,02-pH1.2T-亲水凝胶空白制剂-251217-Side-24h-750X-1.mp4,145,0.3333333333333333,0.75,5,centered moving average on extracted normalized projected area,linear interpolation to regular 0.5 h grid after smoothing,0.0,5.0,0.0,24.8,"0,4,8,12,16,20,24"
02 low viscosity,pH 1.2,19.666666666666664,1,0.4447614058143463,0.0,02-pH1.2T-亲水凝胶空白制剂-251217-Side-24h-750X-1.mp4,145,0.3333333333333333,0.75,5,centered moving average on extracted normalized projected area,linear interpolation to regular 0.5 h grid after smoothing,0.0,5.0,0.0,24.8,"0,4,8,12,16,20,24"
02 low viscosity,pH 1.2,20.0,1,0.3938421921895256,0.0,02-pH1.2T-亲水凝胶空白制剂-251217-Side-24h-750X-1.mp4,145,0.3333333333333333,0.75,5,centered moving average on extracted normalized projected area,linear interpolation to regular 0.5 h grid after smoothing,0.0,5.0,0.0,24.8,"0,4,8,12,16,20,24"
02 low viscosity,pH 1.2,20.333333333333332,1,0.36596956081621024,0.0,02-pH1.2T-亲水凝胶空白制剂-251217-Side-24h-750X-1.mp4,145,0.3333333333333333,0.75,5,centered moving average on extracted normalized projected area,linear interpolation to regular 0.5 h grid after smoothing,0.0,5.0,0.0,24.8,"0,4,8,12,16,20,24"
02 low viscosity,pH 1.2,20.666666666666664,1,0.3404050862206755,0.0,02-pH1.2T-亲水凝胶空白制剂-251217-Side-24h-750X-1.mp4,145,0.3333333333333333,0.75,5,centered moving average on extracted normalized projected area,linear interpolation to regular 0.5 h grid after smoothing,0.0,5.0,0.0,24.8,"0,4,8,12,16,20,24"
02 low viscosity,pH 1.2,21.0,1,0.32568132980518205,0.0,02-pH1.2T-亲水凝胶空白制剂-251217-Side-24h-750X-1.mp4,145,0.3333333333333333,0.75,5,centered moving average on extracted normalized projected area,linear interpolation to regular 0.5 h grid after smoothing,0.0,5.0,0.0,24.8,"0,4,8,12,16,20,24"
02 low viscosity,pH 1.2,21.333333333333332,1,0.3207050382709692,0.0,02-pH1.2T-亲水凝胶空白制剂-251217-Side-24h-750X-1.mp4,145,0.3333333333333333,0.75,5,centered moving average on extracted normalized projected area,linear interpolation to regular 0.5 h grid after smoothing,0.0,5.0,0.0,24.8,"0,4,8,12,16,20,24"
02 low viscosity,pH 1.2,21.666666666666664,1,0.3293814487914897,0.0,02-pH1.2T-亲水凝胶空白制剂-251217-Side-24h-750X-1.mp4,145,0.3333333333333333,0.75,5,centered moving average on extracted normalized projected area,linear interpolation to regular 0.5 h grid after smoothing,0.0,5.0,0.0,24.8,"0,4,8,12,16,20,24"
02 low viscosity,pH 1.2,22.0,1,0.34468735015716845,0.0,02-pH1.2T-亲水凝胶空白制剂-251217-Side-24h-750X-1.mp4,145,0.3333333333333333,0.75,5,centered moving average on extracted normalized projected area,linear interpolation to regular 0.5 h grid after smoothing,0.0,5.0,0.0,24.8,"0,4,8,12,16,20,24"
02 low viscosity,pH 1.2,22.333333333333332,1,0.3806324033458244,0.0,02-pH1.2T-亲水凝胶空白制剂-251217-Side-24h-750X-1.mp4,145,0.3333333333333333,0.75,5,centered moving average on extracted normalized projected area,linear interpolation to regular 0.5 h grid after smoothing,0.0,5.0,0.0,24.8,"0,4,8,12,16,20,24"
02 low viscosity,pH 1.2,22.666666666666664,1,0.4059114883943951,0.0,02-pH1.2T-亲水凝胶空白制剂-251217-Side-24h-750X-1.mp4,145,0.3333333333333333,0.75,5,centered moving average on extracted normalized projected area,linear interpolation to regular 0.5 h grid after smoothing,0.0,5.0,0.0,24.8,"0,4,8,12,16,20,24"
02 low viscosity,pH 1.2,23.0,1,0.40845726260455695,0.0,02-pH1.2T-亲水凝胶空白制剂-251217-Side-24h-750X-1.mp4,145,0.3333333333333333,0.75,5,centered moving average on extracted normalized projected area,linear interpolation to regular 0.5 h grid after smoothing,0.0,5.0,0.0,24.8,"0,4,8,12,16,20,24"
02 low viscosity,pH 1.2,23.333333333333332,1,0.38835710099628845,0.0,02-pH1.2T-亲水凝胶空白制剂-251217-Side-24h-750X-1.mp4,145,0.3333333333333333,0.75,5,centered moving average on extracted normalized projected area,linear interpolation to regular 0.5 h grid after smoothing,0.0,5.0,0.0,24.8,"0,4,8,12,16,20,24"
02 low viscosity,pH 1.2,23.666666666666664,1,0.39763501394093304,0.0,02-pH1.2T-亲水凝胶空白制剂-251217-Side-24h-750X-1.mp4,145,0.3333333333333333,0.75,5,centered moving average on extracted normalized projected area,linear interpolation to regular 0.5 h grid after smoothing,0.0,5.0,0.0,24.8,"0,4,8,12,16,20,24"
02 low viscosity,pH 1.2,24.0,1,0.40612868280381464,0.0,02-pH1.2T-亲水凝胶空白制剂-251217-Side-24h-750X-1.mp4,145,0.3333333333333333,0.75,5,centered moving average on extracted normalized projected area,linear interpolation to regular 0.5 h grid after smoothing,0.0,5.0,0.0,24.8,"0,4,8,12,16,20,24"
02 low viscosity,pH 4.5,0.0,1,1.2087402763496644,0.0,02-pH4.5T-亲水凝胶空白制剂-251217-Side-24h-750X-1.mp4,145,0.3333333333333333,0.75,5,centered moving average on extracted normalized projected area,linear interpolation to regular 0.5 h grid after smoothing,0.0,5.0,0.0,24.8,"0,4,8,12,16,20,24"
02 low viscosity,pH 4.5,0.3333333333333333,1,1.3442233780235795,0.0,02-pH4.5T-亲水凝胶空白制剂-251217-Side-24h-750X-1.mp4,145,0.3333333333333333,0.75,5,centered moving average on extracted normalized projected area,linear interpolation to regular 0.5 h grid after smoothing,0.0,5.0,0.0,24.8,"0,4,8,12,16,20,24"
02 low viscosity,pH 4.5,0.6666666666666666,1,1.5880121658630408,0.0,02-pH4.5T-亲水凝胶空白制剂-251217-Side-24h-750X-1.mp4,145,0.3333333333333333,0.75,5,centered moving average on extracted normalized projected area,linear interpolation to regular 0.5 h grid after smoothing,0.0,5.0,0.0,24.8,"0,4,8,12,16,20,24"
02 low viscosity,pH 4.5,1.0,1,1.7306199731791971,0.0,02-pH4.5T-亲水凝胶空白制剂-251217-Side-24h-750X-1.mp4,145,0.3333333333333333,0.75,5,centered moving average on extracted normalized projected area,linear interpolation to regular 0.5 h grid after smoothing,0.0,5.0,0.0,24.8,"0,4,8,12,16,20,24"
02 low viscosity,pH 4.5,1.3333333333333333,1,1.8419998469284191,0.0,02-pH4.5T-亲水凝胶空白制剂-251217-Side-24h-750X-1.mp4,145,0.3333333333333333,0.75,5,centered moving average on extracted normalized projected area,linear interpolation to regular 0.5 h grid after smoothing,0.0,5.0,0.0,24.8,"0,4,8,12,16,20,24"
02 low viscosity,pH 4.5,1.6666666666666665,1,1.9227787150639073,0.0,02-pH4.5T-亲水凝胶空白制剂-251217-Side-24h-750X-1.mp4,145,0.3333333333333333,0.75,5,centered moving average on extracted normalized projected area,linear interpolation to regular 0.5 h grid after smoothing,0.0,5.0,0.0,24.8,"0,4,8,12,16,20,24"
02 low viscosity,pH 4.5,2.0,1,1.9988928931527092,0.0,02-pH4.5T-亲水凝胶空白制剂-251217-Side-24h-750X-1.mp4,145,0.3333333333333333,0.75,5,centered moving average on extracted normalized projected area,linear interpolation to regular 0.5 h grid after smoothing,0.0,5.0,0.0,24.8,"0,4,8,12,16,20,24"
02 low viscosity,pH 4.5,2.333333333333333,1,2.077084518806175,0.0,02-pH4.5T-亲水凝胶空白制剂-251217-Side-24h-750X-1.mp4,145,0.3333333333333333,0.75,5,centered moving average on extracted normalized projected area,linear interpolation to regular 0.5 h grid after smoothing,0.0,5.0,0.0,24.8,"0,4,8,12,16,20,24"
02 low viscosity,pH 4.5,2.6666666666666665,1,2.1529574427728586,0.0,02-pH4.5T-亲水凝胶空白制剂-251217-Side-24h-750X-1.mp4,145,0.3333333333333333,0.75,5,centered moving average on extracted normalized projected area,linear interpolation to regular 0.5 h grid after smoothing,0.0,5.0,0.0,24.8,"0,4,8,12,16,20,24"
02 low viscosity,pH 4.5,3.0,1,2.2330042294343344,0.0,02-pH4.5T-亲水凝胶空白制剂-251217-Side-24h-750X-1.mp4,145,0.3333333333333333,0.75,5,centered moving average on extracted normalized projected area,linear interpolation to regular 0.5 h grid after smoothing,0.0,5.0,0.0,24.8,"0,4,8,12,16,20,24"
02 low viscosity,pH 4.5,3.333333333333333,1,2.326423482511572,0.0,02-pH4.5T-亲水凝胶空白制剂-251217-Side-24h-750X-1.mp4,145,0.3333333333333333,0.75,5,centered moving average on extracted normalized projected area,linear interpolation to regular 0.5 h grid after smoothing,0.0,5.0,0.0,24.8,"0,4,8,12,16,20,24"
02 low viscosity,pH 4.5,3.6666666666666665,1,2.406653955070163,0.0,02-pH4.5T-亲水凝胶空白制剂-251217-Side-24h-750X-1.mp4,145,0.3333333333333333,0.75,5,centered moving average on extracted normalized projected area,linear interpolation to regular 0.5 h grid after smoothing,0.0,5.0,0.0,24.8,"0,4,8,12,16,20,24"
02 low viscosity,pH 4.5,4.0,1,2.4550425439165693,0.0,02-pH4.5T-亲水凝胶空白制剂-251217-Side-24h-750X-1.mp4,145,0.3333333333333333,0.75,5,centered moving average on extracted normalized projected area,linear interpolation to regular 0.5 h grid after smoothing,0.0,5.0,0.0,24.8,"0,4,8,12,16,20,24"
02 low viscosity,pH 4.5,4.333333333333333,1,2.5041895026171916,0.0,02-pH4.5T-亲水凝胶空白制剂-251217-Side-24h-750X-1.mp4,145,0.3333333333333333,0.75,5,centered moving average on extracted normalized projected area,linear interpolation to regular 0.5 h grid after smoothing,0.0,5.0,0.0,24.8,"0,4,8,12,16,20,24"
02 low viscosity,pH 4.5,4.666666666666666,1,2.5762259868957416,0.0,02-pH4.5T-亲水凝胶空白制剂-251217-Side-24h-750X-1.mp4,145,0.3333333333333333,0.75,5,centered moving average on extracted normalized projected area,linear interpolation to regular 0.5 h grid after smoothing,0.0,5.0,0.0,24.8,"0,4,8,12,16,20,24"
02 low viscosity,pH 4.5,5.0,1,2.6134709646504475,0.0,02-pH4.5T-亲水凝胶空白制剂-251217-Side-24h-750X-1.mp4,145,0.3333333333333333,0.75,5,centered moving average on extracted normalized projected area,linear interpolation to regular 0.5 h grid after smoothing,0.0,5.0,0.0,24.8,"0,4,8,12,16,20,24"
02 low viscosity,pH 4.5,5.333333333333333,1,2.6765500993301456,0.0,02-pH4.5T-亲水凝胶空白制剂-251217-Side-24h-750X-1.mp4,145,0.3333333333333333,0.75,5,centered moving average on extracted normalized projected area,linear interpolation to regular 0.5 h grid after smoothing,0.0,5.0,0.0,24.8,"0,4,8,12,16,20,24"
02 low viscosity,pH 4.5,5.666666666666666,1,2.7715220306609027,0.0,02-pH4.5T-亲水凝胶空白制剂-251217-Side-24h-750X-1.mp4,145,0.3333333333333333,0.75,5,centered moving average on extracted normalized projected area,linear interpolation to regular 0.5 h grid after smoothing,0.0,5.0,0.0,24.8,"0,4,8,12,16,20,24"
02 low viscosity,pH 4.5,6.0,1,2.8551027742560224,0.0,02-pH4.5T-亲水凝胶空白制剂-251217-Side-24h-750X-1.mp4,145,0.3333333333333333,0.75,5,centered moving average on extracted normalized projected area,linear interpolation to regular 0.5 h grid after smoothing,0.0,5.0,0.0,24.8,"0,4,8,12,16,20,24"
02 low viscosity,pH 4.5,6.333333333333333,1,2.9025047169340428,0.0,02-pH4.5T-亲水凝胶空白制剂-251217-Side-24h-750X-1.mp4,145,0.3333333333333333,0.75,5,centered moving average on extracted normalized projected area,linear interpolation to regular 0.5 h grid after smoothing,0.0,5.0,0.0,24.8,"0,4,8,12,16,20,24"
02 low viscosity,pH 4.5,6.666666666666666,1,2.8987531321440336,0.0,02-pH4.5T-亲水凝胶空白制剂-251217-Side-24h-750X-1.mp4,145,0.3333333333333333,0.75,5,centered moving average on extracted normalized projected area,linear interpolation to regular 0.5 h grid after smoothing,0.0,5.0,0.0,24.8,"0,4,8,12,16,20,24"
02 low viscosity,pH 4.5,7.0,1,2.9314232662147726,0.0,02-pH4.5T-亲水凝胶空白制剂-251217-Side-24h-750X-1.mp4,145,0.3333333333333333,0.75,5,centered moving average on extracted normalized projected area,linear interpolation to regular 0.5 h grid after smoothing,0.0,5.0,0.0,24.8,"0,4,8,12,16,20,24"
02 low viscosity,pH 4.5,7.333333333333333,1,2.9863553323816268,0.0,02-pH4.5T-亲水凝胶空白制剂-251217-Side-24h-750X-1.mp4,145,0.3333333333333333,0.75,5,centered moving average on extracted normalized projected area,linear interpolation to regular 0.5 h grid after smoothing,0.0,5.0,0.0,24.8,"0,4,8,12,16,20,24"
02 low viscosity,pH 4.5,7.666666666666666,1,3.005023742733259,0.0,02-pH4.5T-亲水凝胶空白制剂-251217-Side-24h-750X-1.mp4,145,0.3333333333333333,0.75,5,centered moving average on extracted normalized projected area,linear interpolation to regular 0.5 h grid after smoothing,0.0,5.0,0.0,24.8,"0,4,8,12,16,20,24"
02 low viscosity,pH 4.5,8.0,1,3.021445328488285,0.0,02-pH4.5T-亲水凝胶空白制剂-251217-Side-24h-750X-1.mp4,145,0.3333333333333333,0.75,5,centered moving average on extracted normalized projected area,linear interpolation to regular 0.5 h grid after smoothing,0.0,5.0,0.0,24.8,"0,4,8,12,16,20,24"
02 low viscosity,pH 4.5,8.333333333333332,1,3.03333732650501,0.0,02-pH4.5T-亲水凝胶空白制剂-251217-Side-24h-750X-1.mp4,145,0.3333333333333333,0.75,5,centered moving average on extracted normalized projected area,linear interpolation to regular 0.5 h grid after smoothing,0.0,5.0,0.0,24.8,"0,4,8,12,16,20,24"
02 low viscosity,pH 4.5,8.666666666666666,1,3.042821774765152,0.0,02-pH4.5T-亲水凝胶空白制剂-251217-Side-24h-750X-1.mp4,145,0.3333333333333333,0.75,5,centered moving average on extracted normalized projected area,linear interpolation to regular 0.5 h grid after smoothing,0.0,5.0,0.0,24.8,"0,4,8,12,16,20,24"
02 low viscosity,pH 4.5,9.0,1,3.047551686615887,0.0,02-pH4.5T-亲水凝胶空白制剂-251217-Side-24h-750X-1.mp4,145,0.3333333333333333,0.75,5,centered moving average on extracted normalized projected area,linear interpolation to regular 0.5 h grid after smoothing,0.0,5.0,0.0,24.8,"0,4,8,12,16,20,24"
02 low viscosity,pH 4.5,9.333333333333332,1,3.0491472914649282,0.0,02-pH4.5T-亲水凝胶空白制剂-251217-Side-24h-750X-1.mp4,145,0.3333333333333333,0.75,5,centered moving average on extracted normalized projected area,linear interpolation to regular 0.5 h grid after smoothing,0.0,5.0,0.0,24.8,"0,4,8,12,16,20,24"
02 low viscosity,pH 4.5,9.666666666666666,1,3.03981558202141,0.0,02-pH4.5T-亲水凝胶空白制剂-251217-Side-24h-750X-1.mp4,145,0.3333333333333333,0.75,5,centered moving average on extracted normalized projected area,linear interpolation to regular 0.5 h grid after smoothing,0.0,5.0,0.0,24.8,"0,4,8,12,16,20,24"
02 low viscosity,pH 4.5,10.0,1,3.0186590929510535,0.0,02-pH4.5T-亲水凝胶空白制剂-251217-Side-24h-750X-1.mp4,145,0.3333333333333333,0.75,5,centered moving average on extracted normalized projected area,linear interpolation to regular 0.5 h grid after smoothing,0.0,5.0,0.0,24.8,"0,4,8,12,16,20,24"
02 low viscosity,pH 4.5,10.333333333333332,1,2.9945899179070454,0.0,02-pH4.5T-亲水凝胶空白制剂-251217-Side-24h-750X-1.mp4,145,0.3333333333333333,0.75,5,centered moving average on extracted normalized projected area,linear interpolation to regular 0.5 h grid after smoothing,0.0,5.0,0.0,24.8,"0,4,8,12,16,20,24"
02 low viscosity,pH 4.5,10.666666666666666,1,2.9596959199768396,0.0,02-pH4.5T-亲水凝胶空白制剂-251217-Side-24h-750X-1.mp4,145,0.3333333333333333,0.75,5,centered moving average on extracted normalized projected area,linear interpolation to regular 0.5 h grid after smoothing,0.0,5.0,0.0,24.8,"0,4,8,12,16,20,24"
02 low viscosity,pH 4.5,11.0,1,2.926084728447688,0.0,02-pH4.5T-亲水凝胶空白制剂-251217-Side-24h-750X-1.mp4,145,0.3333333333333333,0.75,5,centered moving average on extracted normalized projected area,linear interpolation to regular 0.5 h grid after smoothing,0.0,5.0,0.0,24.8,"0,4,8,12,16,20,24"
02 low viscosity,pH 4.5,11.333333333333332,1,2.8998505888264403,0.0,02-pH4.5T-亲水凝胶空白制剂-251217-Side-24h-750X-1.mp4,145,0.3333333333333333,0.75,5,centered moving average on extracted normalized projected area,linear interpolation to regular 0.5 h grid after smoothing,0.0,5.0,0.0,24.8,"0,4,8,12,16,20,24"
02 low viscosity,pH 4.5,11.666666666666666,1,2.8666177503136305,0.0,02-pH4.5T-亲水凝胶空白制剂-251217-Side-24h-750X-1.mp4,145,0.3333333333333333,0.75,5,centered moving average on extracted normalized projected area,linear interpolation to regular 0.5 h grid after smoothing,0.0,5.0,0.0,24.8,"0,4,8,12,16,20,24"
02 low viscosity,pH 4.5,12.0,1,2.823309806896873,0.0,02-pH4.5T-亲水凝胶空白制剂-251217-Side-24h-750X-1.mp4,145,0.3333333333333333,0.75,5,centered moving average on extracted normalized projected area,linear interpolation to regular 0.5 h grid after smoothing,0.0,5.0,0.0,24.8,"0,4,8,12,16,20,24"
02 low viscosity,pH 4.5,12.333333333333332,1,2.7838818952923834,0.0,02-pH4.5T-亲水凝胶空白制剂-251217-Side-24h-750X-1.mp4,145,0.3333333333333333,0.75,5,centered moving average on extracted normalized projected area,linear interpolation to regular 0.5 h grid after smoothing,0.0,5.0,0.0,24.8,"0,4,8,12,16,20,24"
02 low viscosity,pH 4.5,12.666666666666666,1,2.748928332551338,0.0,02-pH4.5T-亲水凝胶空白制剂-251217-Side-24h-750X-1.mp4,145,0.3333333333333333,0.75,5,centered moving average on extracted normalized projected area,linear interpolation to regular 0.5 h grid after smoothing,0.0,5.0,0.0,24.8,"0,4,8,12,16,20,24"
02 low viscosity,pH 4.5,13.0,1,2.7133784561732774,0.0,02-pH4.5T-亲水凝胶空白制剂-251217-Side-24h-750X-1.mp4,145,0.3333333333333333,0.75,5,centered moving average on extracted normalized projected area,linear interpolation to regular 0.5 h grid after smoothing,0.0,5.0,0.0,24.8,"0,4,8,12,16,20,24"
02 low viscosity,pH 4.5,13.333333333333332,1,2.672243463677112,0.0,02-pH4.5T-亲水凝胶空白制剂-251217-Side-24h-750X-1.mp4,145,0.3333333333333333,0.75,5,centered moving average on extracted normalized projected area,linear interpolation to regular 0.5 h grid after smoothing,0.0,5.0,0.0,24.8,"0,4,8,12,16,20,24"
02 low viscosity,pH 4.5,13.666666666666666,1,2.6342121638664553,0.0,02-pH4.5T-亲水凝胶空白制剂-251217-Side-24h-750X-1.mp4,145,0.3333333333333333,0.75,5,centered moving average on extracted normalized projected area,linear interpolation to regular 0.5 h grid after smoothing,0.0,5.0,0.0,24.8,"0,4,8,12,16,20,24"
02 low viscosity,pH 4.5,14.0,1,2.597714574743855,0.0,02-pH4.5T-亲水凝胶空白制剂-251217-Side-24h-750X-1.mp4,145,0.3333333333333333,0.75,5,centered moving average on extracted normalized projected area,linear interpolation to regular 0.5 h grid after smoothing,0.0,5.0,0.0,24.8,"0,4,8,12,16,20,24"
02 low viscosity,pH 4.5,14.333333333333332,1,2.559279631829571,0.0,02-pH4.5T-亲水凝胶空白制剂-251217-Side-24h-750X-1.mp4,145,0.3333333333333333,0.75,5,centered moving average on extracted normalized projected area,linear interpolation to regular 0.5 h grid after smoothing,0.0,5.0,0.0,24.8,"0,4,8,12,16,20,24"
02 low viscosity,pH 4.5,14.666666666666666,1,2.5168708175686243,0.0,02-pH4.5T-亲水凝胶空白制剂-251217-Side-24h-750X-1.mp4,145,0.3333333333333333,0.75,5,centered moving average on extracted normalized projected area,linear interpolation to regular 0.5 h grid after smoothing,0.0,5.0,0.0,24.8,"0,4,8,12,16,20,24"
02 low viscosity,pH 4.5,15.0,1,2.479022870890777,0.0,02-pH4.5T-亲水凝胶空白制剂-251217-Side-24h-750X-1.mp4,145,0.3333333333333333,0.75,5,centered moving average on extracted normalized projected area,linear interpolation to regular 0.5 h grid after smoothing,0.0,5.0,0.0,24.8,"0,4,8,12,16,20,24"
02 low viscosity,pH 4.5,15.333333333333332,1,2.441967568790701,0.0,02-pH4.5T-亲水凝胶空白制剂-251217-Side-24h-750X-1.mp4,145,0.3333333333333333,0.75,5,centered moving average on extracted normalized projected area,linear interpolation to regular 0.5 h grid after smoothing,0.0,5.0,0.0,24.8,"0,4,8,12,16,20,24"
02 low viscosity,pH 4.5,15.666666666666666,1,2.409969285854522,0.0,02-pH4.5T-亲水凝胶空白制剂-251217-Side-24h-750X-1.mp4,145,0.3333333333333333,0.75,5,centered moving average on extracted normalized projected area,linear interpolation to regular 0.5 h grid after smoothing,0.0,5.0,0.0,24.8,"0,4,8,12,16,20,24"
02 low viscosity,pH 4.5,16.0,1,2.382876947087148,0.0,02-pH4.5T-亲水凝胶空白制剂-251217-Side-24h-750X-1.mp4,145,0.3333333333333333,0.75,5,centered moving average on extracted normalized projected area,linear interpolation to regular 0.5 h grid after smoothing,0.0,5.0,0.0,24.8,"0,4,8,12,16,20,24"
02 low viscosity,pH 4.5,16.333333333333332,1,2.3596460053308848,0.0,02-pH4.5T-亲水凝胶空白制剂-251217-Side-24h-750X-1.mp4,145,0.3333333333333333,0.75,5,centered moving average on extracted normalized projected area,linear interpolation to regular 0.5 h grid after smoothing,0.0,5.0,0.0,24.8,"0,4,8,12,16,20,24"
02 low viscosity,pH 4.5,16.666666666666664,1,2.346912779147657,0.0,02-pH4.5T-亲水凝胶空白制剂-251217-Side-24h-750X-1.mp4,145,0.3333333333333333,0.75,5,centered moving average on extracted normalized projected area,linear interpolation to regular 0.5 h grid after smoothing,0.0,5.0,0.0,24.8,"0,4,8,12,16,20,24"
02 low viscosity,pH 4.5,17.0,1,2.3170538379371273,0.0,02-pH4.5T-亲水凝胶空白制剂-251217-Side-24h-750X-1.mp4,145,0.3333333333333333,0.75,5,centered moving average on extracted normalized projected area,linear interpolation to regular 0.5 h grid after smoothing,0.0,5.0,0.0,24.8,"0,4,8,12,16,20,24"
02 low viscosity,pH 4.5,17.333333333333332,1,2.268964736966454,0.0,02-pH4.5T-亲水凝胶空白制剂-251217-Side-24h-750X-1.mp4,145,0.3333333333333333,0.75,5,centered moving average on extracted normalized projected area,linear interpolation to regular 0.5 h grid after smoothing,0.0,5.0,0.0,24.8,"0,4,8,12,16,20,24"
02 low viscosity,pH 4.5,17.666666666666664,1,2.2276510500377693,0.0,02-pH4.5T-亲水凝胶空白制剂-251217-Side-24h-750X-1.mp4,145,0.3333333333333333,0.75,5,centered moving average on extracted normalized projected area,linear interpolation to regular 0.5 h grid after smoothing,0.0,5.0,0.0,24.8,"0,4,8,12,16,20,24"
02 low viscosity,pH 4.5,18.0,1,2.1909647835534574,0.0,02-pH4.5T-亲水凝胶空白制剂-251217-Side-24h-750X-1.mp4,145,0.3333333333333333,0.75,5,centered moving average on extracted normalized projected area,linear interpolation to regular 0.5 h grid after smoothing,0.0,5.0,0.0,24.8,"0,4,8,12,16,20,24"
02 low viscosity,pH 4.5,18.333333333333332,1,2.15298472944598,0.0,02-pH4.5T-亲水凝胶空白制剂-251217-Side-24h-750X-1.mp4,145,0.3333333333333333,0.75,5,centered moving average on extracted normalized projected area,linear interpolation to regular 0.5 h grid after smoothing,0.0,5.0,0.0,24.8,"0,4,8,12,16,20,24"
02 low viscosity,pH 4.5,18.666666666666664,1,2.1051079321027713,0.0,02-pH4.5T-亲水凝胶空白制剂-251217-Side-24h-750X-1.mp4,145,0.3333333333333333,0.75,5,centered moving average on extracted normalized projected area,linear interpolation to regular 0.5 h grid after smoothing,0.0,5.0,0.0,24.8,"0,4,8,12,16,20,24"
02 low viscosity,pH 4.5,19.0,1,2.029434666719909,0.0,02-pH4.5T-亲水凝胶空白制剂-251217-Side-24h-750X-1.mp4,145,0.3333333333333333,0.75,5,centered moving average on extracted normalized projected area,linear interpolation to regular 0.5 h grid after smoothing,0.0,5.0,0.0,24.8,"0,4,8,12,16,20,24"
02 low viscosity,pH 4.5,19.333333333333332,1,1.959361824613244,0.0,02-pH4.5T-亲水凝胶空白制剂-251217-Side-24h-750X-1.mp4,145,0.3333333333333333,0.75,5,centered moving average on extracted normalized projected area,linear interpolation to regular 0.5 h grid after smoothing,0.0,5.0,0.0,24.8,"0,4,8,12,16,20,24"
02 low viscosity,pH 4.5,19.666666666666664,1,1.9029815681850704,0.0,02-pH4.5T-亲水凝胶空白制剂-251217-Side-24h-750X-1.mp4,145,0.3333333333333333,0.75,5,centered moving average on extracted normalized projected area,linear interpolation to regular 0.5 h grid after smoothing,0.0,5.0,0.0,24.8,"0,4,8,12,16,20,24"
02 low viscosity,pH 4.5,20.0,1,1.8694116394299083,0.0,02-pH4.5T-亲水凝胶空白制剂-251217-Side-24h-750X-1.mp4,145,0.3333333333333333,0.75,5,centered moving average on extracted normalized projected area,linear interpolation to regular 0.5 h grid after smoothing,0.0,5.0,0.0,24.8,"0,4,8,12,16,20,24"
02 low viscosity,pH 4.5,20.333333333333332,1,1.8367897561835924,0.0,02-pH4.5T-亲水凝胶空白制剂-251217-Side-24h-750X-1.mp4,145,0.3333333333333333,0.75,5,centered moving average on extracted normalized projected area,linear interpolation to regular 0.5 h grid after smoothing,0.0,5.0,0.0,24.8,"0,4,8,12,16,20,24"
02 low viscosity,pH 4.5,20.666666666666664,1,1.8029552798048674,0.0,02-pH4.5T-亲水凝胶空白制剂-251217-Side-24h-750X-1.mp4,145,0.3333333333333333,0.75,5,centered moving average on extracted normalized projected area,linear interpolation to regular 0.5 h grid after smoothing,0.0,5.0,0.0,24.8,"0,4,8,12,16,20,24"
02 low viscosity,pH 4.5,21.0,1,1.767187775570441,0.0,02-pH4.5T-亲水凝胶空白制剂-251217-Side-24h-750X-1.mp4,145,0.3333333333333333,0.75,5,centered moving average on extracted normalized projected area,linear interpolation to regular 0.5 h grid after smoothing,0.0,5.0,0.0,24.8,"0,4,8,12,16,20,24"
02 low viscosity,pH 4.5,21.333333333333332,1,1.7431814929803366,0.0,02-pH4.5T-亲水凝胶空白制剂-251217-Side-24h-750X-1.mp4,145,0.3333333333333333,0.75,5,centered moving average on extracted normalized projected area,linear interpolation to regular 0.5 h grid after smoothing,0.0,5.0,0.0,24.8,"0,4,8,12,16,20,24"
02 low viscosity,pH 4.5,21.666666666666664,1,1.7170132406917509,0.0,02-pH4.5T-亲水凝胶空白制剂-251217-Side-24h-750X-1.mp4,145,0.3333333333333333,0.75,5,centered moving average on extracted normalized projected area,linear interpolation to regular 0.5 h grid after smoothing,0.0,5.0,0.0,24.8,"0,4,8,12,16,20,24"
02 low viscosity,pH 4.5,22.0,1,1.7640404907607992,0.0,02-pH4.5T-亲水凝胶空白制剂-251217-Side-24h-750X-1.mp4,145,0.3333333333333333,0.75,5,centered moving average on extracted normalized projected area,linear interpolation to regular 0.5 h grid after smoothing,0.0,5.0,0.0,24.8,"0,4,8,12,16,20,24"
02 low viscosity,pH 4.5,22.333333333333332,1,1.8085244232362667,0.0,02-pH4.5T-亲水凝胶空白制剂-251217-Side-24h-750X-1.mp4,145,0.3333333333333333,0.75,5,centered moving average on extracted normalized projected area,linear interpolation to regular 0.5 h grid after smoothing,0.0,5.0,0.0,24.8,"0,4,8,12,16,20,24"
02 low viscosity,pH 4.5,22.666666666666664,1,1.8112507611983515,0.0,02-pH4.5T-亲水凝胶空白制剂-251217-Side-24h-750X-1.mp4,145,0.3333333333333333,0.75,5,centered moving average on extracted normalized projected area,linear interpolation to regular 0.5 h grid after smoothing,0.0,5.0,0.0,24.8,"0,4,8,12,16,20,24"
02 low viscosity,pH 4.5,23.0,1,1.7773201159350844,0.0,02-pH4.5T-亲水凝胶空白制剂-251217-Side-24h-750X-1.mp4,145,0.3333333333333333,0.75,5,centered moving average on extracted normalized projected area,linear interpolation to regular 0.5 h grid after smoothing,0.0,5.0,0.0,24.8,"0,4,8,12,16,20,24"
02 low viscosity,pH 4.5,23.333333333333332,1,1.735625746639912,0.0,02-pH4.5T-亲水凝胶空白制剂-251217-Side-24h-750X-1.mp4,145,0.3333333333333333,0.75,5,centered moving average on extracted normalized projected area,linear interpolation to regular 0.5 h grid after smoothing,0.0,5.0,0.0,24.8,"0,4,8,12,16,20,24"
02 low viscosity,pH 4.5,23.666666666666664,1,1.7006362453537787,0.0,02-pH4.5T-亲水凝胶空白制剂-251217-Side-24h-750X-1.mp4,145,0.3333333333333333,0.75,5,centered moving average on extracted normalized projected area,linear interpolation to regular 0.5 h grid after smoothing,0.0,5.0,0.0,24.8,"0,4,8,12,16,20,24"
02 low viscosity,pH 4.5,24.0,1,1.667572340187169,0.0,02-pH4.5T-亲水凝胶空白制剂-251217-Side-24h-750X-1.mp4,145,0.3333333333333333,0.75,5,centered moving average on extracted normalized projected area,linear interpolation to regular 0.5 h grid after smoothing,0.0,5.0,0.0,24.8,"0,4,8,12,16,20,24"
02 low viscosity,pH 6.8,0.0,1,1.2175749136108103,0.0,02-pH6.8T-亲水凝胶空白制剂-251217-Side-24h-750X-1.mp4,145,0.3333333333333333,0.75,5,centered moving average on extracted normalized projected area,linear interpolation to regular 0.5 h grid after smoothing,0.0,5.0,0.0,24.8,"0,4,8,12,16,20,24"
02 low viscosity,pH 6.8,0.3333333333333333,1,1.3330967043168807,0.0,02-pH6.8T-亲水凝胶空白制剂-251217-Side-24h-750X-1.mp4,145,0.3333333333333333,0.75,5,centered moving average on extracted normalized projected area,linear interpolation to regular 0.5 h grid after smoothing,0.0,5.0,0.0,24.8,"0,4,8,12,16,20,24"
02 low viscosity,pH 6.8,0.6666666666666666,1,1.5796042085718704,0.0,02-pH6.8T-亲水凝胶空白制剂-251217-Side-24h-750X-1.mp4,145,0.3333333333333333,0.75,5,centered moving average on extracted normalized projected area,linear interpolation to regular 0.5 h grid after smoothing,0.0,5.0,0.0,24.8,"0,4,8,12,16,20,24"
02 low viscosity,pH 6.8,1.0,1,1.7502320903605137,0.0,02-pH6.8T-亲水凝胶空白制剂-251217-Side-24h-750X-1.mp4,145,0.3333333333333333,0.75,5,centered moving average on extracted normalized projected area,linear interpolation to regular 0.5 h grid after smoothing,0.0,5.0,0.0,24.8,"0,4,8,12,16,20,24"
02 low viscosity,pH 6.8,1.3333333333333333,1,1.9194934241064523,0.0,02-pH6.8T-亲水凝胶空白制剂-251217-Side-24h-750X-1.mp4,145,0.3333333333333333,0.75,5,centered moving average on extracted normalized projected area,linear interpolation to regular 0.5 h grid after smoothing,0.0,5.0,0.0,24.8,"0,4,8,12,16,20,24"
02 low viscosity,pH 6.8,1.6666666666666665,1,2.042952498839548,0.0,02-pH6.8T-亲水凝胶空白制剂-251217-Side-24h-750X-1.mp4,145,0.3333333333333333,0.75,5,centered moving average on extracted normalized projected area,linear interpolation to regular 0.5 h grid after smoothing,0.0,5.0,0.0,24.8,"0,4,8,12,16,20,24"
02 low viscosity,pH 6.8,2.0,1,2.135574501005725,0.0,02-pH6.8T-亲水凝胶空白制剂-251217-Side-24h-750X-1.mp4,145,0.3333333333333333,0.75,5,centered moving average on extracted normalized projected area,linear interpolation to regular 0.5 h grid after smoothing,0.0,5.0,0.0,24.8,"0,4,8,12,16,20,24"
02 low viscosity,pH 6.8,2.333333333333333,1,2.211003868172675,0.0,02-pH6.8T-亲水凝胶空白制剂-251217-Side-24h-750X-1.mp4,145,0.3333333333333333,0.75,5,centered moving average on extracted normalized projected area,linear interpolation to regular 0.5 h grid after smoothing,0.0,5.0,0.0,24.8,"0,4,8,12,16,20,24"
02 low viscosity,pH 6.8,2.6666666666666665,1,2.277626798700294,0.0,02-pH6.8T-亲水凝胶空白制剂-251217-Side-24h-750X-1.mp4,145,0.3333333333333333,0.75,5,centered moving average on extracted normalized projected area,linear interpolation to regular 0.5 h grid after smoothing,0.0,5.0,0.0,24.8,"0,4,8,12,16,20,24"
02 low viscosity,pH 6.8,3.0,1,2.3257323224508744,0.0,02-pH6.8T-亲水凝胶空白制剂-251217-Side-24h-750X-1.mp4,145,0.3333333333333333,0.75,5,centered moving average on extracted normalized projected area,linear interpolation to regular 0.5 h grid after smoothing,0.0,5.0,0.0,24.8,"0,4,8,12,16,20,24"
02 low viscosity,pH 6.8,3.333333333333333,1,2.3635364381866006,0.0,02-pH6.8T-亲水凝胶空白制剂-251217-Side-24h-750X-1.mp4,145,0.3333333333333333,0.75,5,centered moving average on extracted normalized projected area,linear interpolation to regular 0.5 h grid after smoothing,0.0,5.0,0.0,24.8,"0,4,8,12,16,20,24"
02 low viscosity,pH 6.8,3.6666666666666665,1,2.4061005724895557,0.0,02-pH6.8T-亲水凝胶空白制剂-251217-Side-24h-750X-1.mp4,145,0.3333333333333333,0.75,5,centered moving average on extracted normalized projected area,linear interpolation to regular 0.5 h grid after smoothing,0.0,5.0,0.0,24.8,"0,4,8,12,16,20,24"
02 low viscosity,pH 6.8,4.0,1,2.4598728144824387,0.0,02-pH6.8T-亲水凝胶空白制剂-251217-Side-24h-750X-1.mp4,145,0.3333333333333333,0.75,5,centered moving average on extracted normalized projected area,linear interpolation to regular 0.5 h grid after smoothing,0.0,5.0,0.0,24.8,"0,4,8,12,16,20,24"
02 low viscosity,pH 6.8,4.333333333333333,1,2.508697818350611,0.0,02-pH6.8T-亲水凝胶空白制剂-251217-Side-24h-750X-1.mp4,145,0.3333333333333333,0.75,5,centered moving average on extracted normalized projected area,linear interpolation to regular 0.5 h grid after smoothing,0.0,5.0,0.0,24.8,"0,4,8,12,16,20,24"
02 low viscosity,pH 6.8,4.666666666666666,1,2.5604459229460006,0.0,02-pH6.8T-亲水凝胶空白制剂-251217-Side-24h-750X-1.mp4,145,0.3333333333333333,0.75,5,centered moving average on extracted normalized projected area,linear interpolation to regular 0.5 h grid after smoothing,0.0,5.0,0.0,24.8,"0,4,8,12,16,20,24"
02 low viscosity,pH 6.8,5.0,1,2.6100306359275876,0.0,02-pH6.8T-亲水凝胶空白制剂-251217-Side-24h-750X-1.mp4,145,0.3333333333333333,0.75,5,centered moving average on extracted normalized projected area,linear interpolation to regular 0.5 h grid after smoothing,0.0,5.0,0.0,24.8,"0,4,8,12,16,20,24"
02 low viscosity,pH 6.8,5.333333333333333,1,2.658223116199907,0.0,02-pH6.8T-亲水凝胶空白制剂-251217-Side-24h-750X-1.mp4,145,0.3333333333333333,0.75,5,centered moving average on extracted normalized projected area,linear interpolation to regular 0.5 h grid after smoothing,0.0,5.0,0.0,24.8,"0,4,8,12,16,20,24"
02 low viscosity,pH 6.8,5.666666666666666,1,2.700093455051834,0.0,02-pH6.8T-亲水凝胶空白制剂-251217-Side-24h-750X-1.mp4,145,0.3333333333333333,0.75,5,centered moving average on extracted normalized projected area,linear interpolation to regular 0.5 h grid after smoothing,0.0,5.0,0.0,24.8,"0,4,8,12,16,20,24"
02 low viscosity,pH 6.8,6.0,1,2.7420250657589356,0.0,02-pH6.8T-亲水凝胶空白制剂-251217-Side-24h-750X-1.mp4,145,0.3333333333333333,0.75,5,centered moving average on extracted normalized projected area,linear interpolation to regular 0.5 h grid after smoothing,0.0,5.0,0.0,24.8,"0,4,8,12,16,20,24"
02 low viscosity,pH 6.8,6.333333333333333,1,2.777808138635309,0.0,02-pH6.8T-亲水凝胶空白制剂-251217-Side-24h-750X-1.mp4,145,0.3333333333333333,0.75,5,centered moving average on extracted normalized projected area,linear interpolation to regular 0.5 h grid after smoothing,0.0,5.0,0.0,24.8,"0,4,8,12,16,20,24"
02 low viscosity,pH 6.8,6.666666666666666,1,2.8083998143277116,0.0,02-pH6.8T-亲水凝胶空白制剂-251217-Side-24h-750X-1.mp4,145,0.3333333333333333,0.75,5,centered moving average on extracted normalized projected area,linear interpolation to regular 0.5 h grid after smoothing,0.0,5.0,0.0,24.8,"0,4,8,12,16,20,24"
02 low viscosity,pH 6.8,7.0,1,2.8277406777038525,0.0,02-pH6.8T-亲水凝胶空白制剂-251217-Side-24h-750X-1.mp4,145,0.3333333333333333,0.75,5,centered moving average on extracted normalized projected area,linear interpolation to regular 0.5 h grid after smoothing,0.0,5.0,0.0,24.8,"0,4,8,12,16,20,24"
02 low viscosity,pH 6.8,7.333333333333333,1,2.846495745010057,0.0,02-pH6.8T-亲水凝胶空白制剂-251217-Side-24h-750X-1.mp4,145,0.3333333333333333,0.75,5,centered moving average on extracted normalized projected area,linear interpolation to regular 0.5 h grid after smoothing,0.0,5.0,0.0,24.8,"0,4,8,12,16,20,24"
02 low viscosity,pH 6.8,7.666666666666666,1,2.874112950642117,0.0,02-pH6.8T-亲水凝胶空白制剂-251217-Side-24h-750X-1.mp4,145,0.3333333333333333,0.75,5,centered moving average on extracted normalized projected area,linear interpolation to regular 0.5 h grid after smoothing,0.0,5.0,0.0,24.8,"0,4,8,12,16,20,24"
02 low viscosity,pH 6.8,8.0,1,2.9086578988086034,0.0,02-pH6.8T-亲水凝胶空白制剂-251217-Side-24h-750X-1.mp4,145,0.3333333333333333,0.75,5,centered moving average on extracted normalized projected area,linear interpolation to regular 0.5 h grid after smoothing,0.0,5.0,0.0,24.8,"0,4,8,12,16,20,24"
02 low viscosity,pH 6.8,8.333333333333332,1,2.9681621537985454,0.0,02-pH6.8T-亲水凝胶空白制剂-251217-Side-24h-750X-1.mp4,145,0.3333333333333333,0.75,5,centered moving average on extracted normalized projected area,linear interpolation to regular 0.5 h grid after smoothing,0.0,5.0,0.0,24.8,"0,4,8,12,16,20,24"
02 low viscosity,pH 6.8,8.666666666666666,1,3.024369178400124,0.0,02-pH6.8T-亲水凝胶空白制剂-251217-Side-24h-750X-1.mp4,145,0.3333333333333333,0.75,5,centered moving average on extracted normalized projected area,linear interpolation to regular 0.5 h grid after smoothing,0.0,5.0,0.0,24.8,"0,4,8,12,16,20,24"
02 low viscosity,pH 6.8,9.0,1,3.052318118520811,0.0,02-pH6.8T-亲水凝胶空白制剂-251217-Side-24h-750X-1.mp4,145,0.3333333333333333,0.75,5,centered moving average on extracted normalized projected area,linear interpolation to regular 0.5 h grid after smoothing,0.0,5.0,0.0,24.8,"0,4,8,12,16,20,24"
02 low viscosity,pH 6.8,9.333333333333332,1,3.0613074423642272,0.0,02-pH6.8T-亲水凝胶空白制剂-251217-Side-24h-750X-1.mp4,145,0.3333333333333333,0.75,5,centered moving average on extracted normalized projected area,linear interpolation to regular 0.5 h grid after smoothing,0.0,5.0,0.0,24.8,"0,4,8,12,16,20,24"
02 low viscosity,pH 6.8,9.666666666666666,1,3.068254680488937,0.0,02-pH6.8T-亲水凝胶空白制剂-251217-Side-24h-750X-1.mp4,145,0.3333333333333333,0.75,5,centered moving average on extracted normalized projected area,linear interpolation to regular 0.5 h grid after smoothing,0.0,5.0,0.0,24.8,"0,4,8,12,16,20,24"
02 low viscosity,pH 6.8,10.0,1,3.0752470988704936,0.0,02-pH6.8T-亲水凝胶空白制剂-251217-Side-24h-750X-1.mp4,145,0.3333333333333333,0.75,5,centered moving average on extracted normalized projected area,linear interpolation to regular 0.5 h grid after smoothing,0.0,5.0,0.0,24.8,"0,4,8,12,16,20,24"
02 low viscosity,pH 6.8,10.333333333333332,1,3.085718397029243,0.0,02-pH6.8T-亲水凝胶空白制剂-251217-Side-24h-750X-1.mp4,145,0.3333333333333333,0.75,5,centered moving average on extracted normalized projected area,linear interpolation to regular 0.5 h grid after smoothing,0.0,5.0,0.0,24.8,"0,4,8,12,16,20,24"
02 low viscosity,pH 6.8,10.666666666666666,1,3.090515550054154,0.0,02-pH6.8T-亲水凝胶空白制剂-251217-Side-24h-750X-1.mp4,145,0.3333333333333333,0.75,5,centered moving average on extracted normalized projected area,linear interpolation to regular 0.5 h grid after smoothing,0.0,5.0,0.0,24.8,"0,4,8,12,16,20,24"
02 low viscosity,pH 6.8,11.0,1,3.090324926504719,0.0,02-pH6.8T-亲水凝胶空白制剂-251217-Side-24h-750X-1.mp4,145,0.3333333333333333,0.75,5,centered moving average on extracted normalized projected area,linear interpolation to regular 0.5 h grid after smoothing,0.0,5.0,0.0,24.8,"0,4,8,12,16,20,24"
02 low viscosity,pH 6.8,11.333333333333332,1,3.088920625096704,0.0,02-pH6.8T-亲水凝胶空白制剂-251217-Side-24h-750X-1.mp4,145,0.3333333333333333,0.75,5,centered moving average on extracted normalized projected area,linear interpolation to regular 0.5 h grid after smoothing,0.0,5.0,0.0,24.8,"0,4,8,12,16,20,24"
02 low viscosity,pH 6.8,11.666666666666666,1,3.0750982515859504,0.0,02-pH6.8T-亲水凝胶空白制剂-251217-Side-24h-750X-1.mp4,145,0.3333333333333333,0.75,5,centered moving average on extracted normalized projected area,linear interpolation to regular 0.5 h grid after smoothing,0.0,5.0,0.0,24.8,"0,4,8,12,16,20,24"
02 low viscosity,pH 6.8,12.0,1,3.0585842488008668,0.0,02-pH6.8T-亲水凝胶空白制剂-251217-Side-24h-750X-1.mp4,145,0.3333333333333333,0.75,5,centered moving average on extracted normalized projected area,linear interpolation to regular 0.5 h grid after smoothing,0.0,5.0,0.0,24.8,"0,4,8,12,16,20,24"
02 low viscosity,pH 6.8,12.333333333333332,1,3.0418737428438805,0.0,02-pH6.8T-亲水凝胶空白制剂-251217-Side-24h-750X-1.mp4,145,0.3333333333333333,0.75,5,centered moving average on extracted normalized projected area,linear interpolation to regular 0.5 h grid after smoothing,0.0,5.0,0.0,24.8,"0,4,8,12,16,20,24"
02 low viscosity,pH 6.8,12.666666666666666,1,3.027616277270617,0.0,02-pH6.8T-亲水凝胶空白制剂-251217-Side-24h-750X-1.mp4,145,0.3333333333333333,0.75,5,centered moving average on extracted normalized projected area,linear interpolation to regular 0.5 h grid after smoothing,0.0,5.0,0.0,24.8,"0,4,8,12,16,20,24"
02 low viscosity,pH 6.8,13.0,1,3.0135825468048894,0.0,02-pH6.8T-亲水凝胶空白制剂-251217-Side-24h-750X-1.mp4,145,0.3333333333333333,0.75,5,centered moving average on extracted normalized projected area,linear interpolation to regular 0.5 h grid after smoothing,0.0,5.0,0.0,24.8,"0,4,8,12,16,20,24"
02 low viscosity,pH 6.8,13.333333333333332,1,2.9982590128423334,0.0,02-pH6.8T-亲水凝胶空白制剂-251217-Side-24h-750X-1.mp4,145,0.3333333333333333,0.75,5,centered moving average on extracted normalized projected area,linear interpolation to regular 0.5 h grid after smoothing,0.0,5.0,0.0,24.8,"0,4,8,12,16,20,24"
02 low viscosity,pH 6.8,13.666666666666666,1,2.9828732786631593,0.0,02-pH6.8T-亲水凝胶空白制剂-251217-Side-24h-750X-1.mp4,145,0.3333333333333333,0.75,5,centered moving average on extracted normalized projected area,linear interpolation to regular 0.5 h grid after smoothing,0.0,5.0,0.0,24.8,"0,4,8,12,16,20,24"
02 low viscosity,pH 6.8,14.0,1,2.971515085873434,0.0,02-pH6.8T-亲水凝胶空白制剂-251217-Side-24h-750X-1.mp4,145,0.3333333333333333,0.75,5,centered moving average on extracted normalized projected area,linear interpolation to regular 0.5 h grid after smoothing,0.0,5.0,0.0,24.8,"0,4,8,12,16,20,24"
02 low viscosity,pH 6.8,14.333333333333332,1,2.9544855330341946,0.0,02-pH6.8T-亲水凝胶空白制剂-251217-Side-24h-750X-1.mp4,145,0.3333333333333333,0.75,5,centered moving average on extracted normalized projected area,linear interpolation to regular 0.5 h grid after smoothing,0.0,5.0,0.0,24.8,"0,4,8,12,16,20,24"
02 low viscosity,pH 6.8,14.666666666666666,1,2.935565526845118,0.0,02-pH6.8T-亲水凝胶空白制剂-251217-Side-24h-750X-1.mp4,145,0.3333333333333333,0.75,5,centered moving average on extracted normalized projected area,linear interpolation to regular 0.5 h grid after smoothing,0.0,5.0,0.0,24.8,"0,4,8,12,16,20,24"
02 low viscosity,pH 6.8,15.0,1,2.915590902057868,0.0,02-pH6.8T-亲水凝胶空白制剂-251217-Side-24h-750X-1.mp4,145,0.3333333333333333,0.75,5,centered moving average on extracted normalized projected area,linear interpolation to regular 0.5 h grid after smoothing,0.0,5.0,0.0,24.8,"0,4,8,12,16,20,24"
02 low viscosity,pH 6.8,15.333333333333332,1,2.9239879313012533,0.0,02-pH6.8T-亲水凝胶空白制剂-251217-Side-24h-750X-1.mp4,145,0.3333333333333333,0.75,5,centered moving average on extracted normalized projected area,linear interpolation to regular 0.5 h grid after smoothing,0.0,5.0,0.0,24.8,"0,4,8,12,16,20,24"
02 low viscosity,pH 6.8,15.666666666666666,1,2.934431688070555,0.0,02-pH6.8T-亲水凝胶空白制剂-251217-Side-24h-750X-1.mp4,145,0.3333333333333333,0.75,5,centered moving average on extracted normalized projected area,linear interpolation to regular 0.5 h grid after smoothing,0.0,5.0,0.0,24.8,"0,4,8,12,16,20,24"
02 low viscosity,pH 6.8,16.0,1,2.891342720099025,0.0,02-pH6.8T-亲水凝胶空白制剂-251217-Side-24h-750X-1.mp4,145,0.3333333333333333,0.75,5,centered moving average on extracted normalized projected area,linear interpolation to regular 0.5 h grid after smoothing,0.0,5.0,0.0,24.8,"0,4,8,12,16,20,24"
02 low viscosity,pH 6.8,16.333333333333332,1,2.827899427510445,0.0,02-pH6.8T-亲水凝胶空白制剂-251217-Side-24h-750X-1.mp4,145,0.3333333333333333,0.75,5,centered moving average on extracted normalized projected area,linear interpolation to regular 0.5 h grid after smoothing,0.0,5.0,0.0,24.8,"0,4,8,12,16,20,24"
02 low viscosity,pH 6.8,16.666666666666664,1,2.681705090515242,0.0,02-pH6.8T-亲水凝胶空白制剂-251217-Side-24h-750X-1.mp4,145,0.3333333333333333,0.75,5,centered moving average on extracted normalized projected area,linear interpolation to regular 0.5 h grid after smoothing,0.0,5.0,0.0,24.8,"0,4,8,12,16,20,24"
02 low viscosity,pH 6.8,17.0,1,2.6871864459229458,0.0,02-pH6.8T-亲水凝胶空白制剂-251217-Side-24h-750X-1.mp4,145,0.3333333333333333,0.75,5,centered moving average on extracted normalized projected area,linear interpolation to regular 0.5 h grid after smoothing,0.0,5.0,0.0,24.8,"0,4,8,12,16,20,24"
02 low viscosity,pH 6.8,17.333333333333332,1,2.701973386971994,0.0,02-pH6.8T-亲水凝胶空白制剂-251217-Side-24h-750X-1.mp4,145,0.3333333333333333,0.75,5,centered moving average on extracted normalized projected area,linear interpolation to regular 0.5 h grid after smoothing,0.0,5.0,0.0,24.8,"0,4,8,12,16,20,24"
02 low viscosity,pH 6.8,17.666666666666664,1,2.7389156738356797,0.0,02-pH6.8T-亲水凝胶空白制剂-251217-Side-24h-750X-1.mp4,145,0.3333333333333333,0.75,5,centered moving average on extracted normalized projected area,linear interpolation to regular 0.5 h grid after smoothing,0.0,5.0,0.0,24.8,"0,4,8,12,16,20,24"
02 low viscosity,pH 6.8,18.0,1,2.7258273247717772,0.0,02-pH6.8T-亲水凝胶空白制剂-251217-Side-24h-750X-1.mp4,145,0.3333333333333333,0.75,5,centered moving average on extracted normalized projected area,linear interpolation to regular 0.5 h grid after smoothing,0.0,5.0,0.0,24.8,"0,4,8,12,16,20,24"
02 low viscosity,pH 6.8,18.333333333333332,1,2.6609942751044406,0.0,02-pH6.8T-亲水凝胶空白制剂-251217-Side-24h-750X-1.mp4,145,0.3333333333333333,0.75,5,centered moving average on extracted normalized projected area,linear interpolation to regular 0.5 h grid after smoothing,0.0,5.0,0.0,24.8,"0,4,8,12,16,20,24"
02 low viscosity,pH 6.8,18.666666666666664,1,2.65830264583011,0.0,02-pH6.8T-亲水凝胶空白制剂-251217-Side-24h-750X-1.mp4,145,0.3333333333333333,0.75,5,centered moving average on extracted normalized projected area,linear interpolation to regular 0.5 h grid after smoothing,0.0,5.0,0.0,24.8,"0,4,8,12,16,20,24"
02 low viscosity,pH 6.8,19.0,1,2.6894754757852395,0.0,02-pH6.8T-亲水凝胶空白制剂-251217-Side-24h-750X-1.mp4,145,0.3333333333333333,0.75,5,centered moving average on extracted normalized projected area,linear interpolation to regular 0.5 h grid after smoothing,0.0,5.0,0.0,24.8,"0,4,8,12,16,20,24"
02 low viscosity,pH 6.8,19.333333333333332,1,2.663569240290886,0.0,02-pH6.8T-亲水凝胶空白制剂-251217-Side-24h-750X-1.mp4,145,0.3333333333333333,0.75,5,centered moving average on extracted normalized projected area,linear interpolation to regular 0.5 h grid after smoothing,0.0,5.0,0.0,24.8,"0,4,8,12,16,20,24"
02 low viscosity,pH 6.8,19.666666666666664,1,2.6364861519418232,0.0,02-pH6.8T-亲水凝胶空白制剂-251217-Side-24h-750X-1.mp4,145,0.3333333333333333,0.75,5,centered moving average on extracted normalized projected area,linear interpolation to regular 0.5 h grid after smoothing,0.0,5.0,0.0,24.8,"0,4,8,12,16,20,24"
02 low viscosity,pH 6.8,20.0,1,2.6133795451028936,0.0,02-pH6.8T-亲水凝胶空白制剂-251217-Side-24h-750X-1.mp4,145,0.3333333333333333,0.75,5,centered moving average on extracted normalized projected area,linear interpolation to regular 0.5 h grid after smoothing,0.0,5.0,0.0,24.8,"0,4,8,12,16,20,24"
02 low viscosity,pH 6.8,20.333333333333332,1,2.597151787095776,0.0,02-pH6.8T-亲水凝胶空白制剂-251217-Side-24h-750X-1.mp4,145,0.3333333333333333,0.75,5,centered moving average on extracted normalized projected area,linear interpolation to regular 0.5 h grid after smoothing,0.0,5.0,0.0,24.8,"0,4,8,12,16,20,24"
02 low viscosity,pH 6.8,20.666666666666664,1,2.587469596162773,0.0,02-pH6.8T-亲水凝胶空白制剂-251217-Side-24h-750X-1.mp4,145,0.3333333333333333,0.75,5,centered moving average on extracted normalized projected area,linear interpolation to regular 0.5 h grid after smoothing,0.0,5.0,0.0,24.8,"0,4,8,12,16,20,24"
02 low viscosity,pH 6.8,21.0,1,2.578181958842643,0.0,02-pH6.8T-亲水凝胶空白制剂-251217-Side-24h-750X-1.mp4,145,0.3333333333333333,0.75,5,centered moving average on extracted normalized projected area,linear interpolation to regular 0.5 h grid after smoothing,0.0,5.0,0.0,24.8,"0,4,8,12,16,20,24"
02 low viscosity,pH 6.8,21.333333333333332,1,2.56851059879313,0.0,02-pH6.8T-亲水凝胶空白制剂-251217-Side-24h-750X-1.mp4,145,0.3333333333333333,0.75,5,centered moving average on extracted normalized projected area,linear interpolation to regular 0.5 h grid after smoothing,0.0,5.0,0.0,24.8,"0,4,8,12,16,20,24"
02 low viscosity,pH 6.8,21.666666666666664,1,2.5569537366548043,0.0,02-pH6.8T-亲水凝胶空白制剂-251217-Side-24h-750X-1.mp4,145,0.3333333333333333,0.75,5,centered moving average on extracted normalized projected area,linear interpolation to regular 0.5 h grid after smoothing,0.0,5.0,0.0,24.8,"0,4,8,12,16,20,24"
02 low viscosity,pH 6.8,22.0,1,2.546963329723039,0.0,02-pH6.8T-亲水凝胶空白制剂-251217-Side-24h-750X-1.mp4,145,0.3333333333333333,0.75,5,centered moving average on extracted normalized projected area,linear interpolation to regular 0.5 h grid after smoothing,0.0,5.0,0.0,24.8,"0,4,8,12,16,20,24"
02 low viscosity,pH 6.8,22.333333333333332,1,2.533367166950333,0.0,02-pH6.8T-亲水凝胶空白制剂-251217-Side-24h-750X-1.mp4,145,0.3333333333333333,0.75,5,centered moving average on extracted normalized projected area,linear interpolation to regular 0.5 h grid after smoothing,0.0,5.0,0.0,24.8,"0,4,8,12,16,20,24"
02 low viscosity,pH 6.8,22.666666666666664,1,2.536443447315488,0.0,02-pH6.8T-亲水凝胶空白制剂-251217-Side-24h-750X-1.mp4,145,0.3333333333333333,0.75,5,centered moving average on extracted normalized projected area,linear interpolation to regular 0.5 h grid after smoothing,0.0,5.0,0.0,24.8,"0,4,8,12,16,20,24"
02 low viscosity,pH 6.8,23.0,1,2.5379603899118055,0.0,02-pH6.8T-亲水凝胶空白制剂-251217-Side-24h-750X-1.mp4,145,0.3333333333333333,0.75,5,centered moving average on extracted normalized projected area,linear interpolation to regular 0.5 h grid after smoothing,0.0,5.0,0.0,24.8,"0,4,8,12,16,20,24"
02 low viscosity,pH 6.8,23.333333333333332,1,2.558039610088194,0.0,02-pH6.8T-亲水凝胶空白制剂-251217-Side-24h-750X-1.mp4,145,0.3333333333333333,0.75,5,centered moving average on extracted normalized projected area,linear interpolation to regular 0.5 h grid after smoothing,0.0,5.0,0.0,24.8,"0,4,8,12,16,20,24"
02 low viscosity,pH 6.8,23.666666666666664,1,2.543316416524834,0.0,02-pH6.8T-亲水凝胶空白制剂-251217-Side-24h-750X-1.mp4,145,0.3333333333333333,0.75,5,centered moving average on extracted normalized projected area,linear interpolation to regular 0.5 h grid after smoothing,0.0,5.0,0.0,24.8,"0,4,8,12,16,20,24"
02 low viscosity,pH 6.8,24.0,1,2.553414822837692,0.0,02-pH6.8T-亲水凝胶空白制剂-251217-Side-24h-750X-1.mp4,145,0.3333333333333333,0.75,5,centered moving average on extracted normalized projected area,linear interpolation to regular 0.5 h grid after smoothing,0.0,5.0,0.0,24.8,"0,4,8,12,16,20,24"
03 standard viscosity,pH 1.2,0.0,1,1.244700422541898,0.0,03-pH1.2T-亲水凝胶空白制剂-251203-Side-24h-750X-2.mp4,145,0.3333333333333333,0.75,5,centered moving average on extracted normalized projected area,linear interpolation to regular 0.5 h grid after smoothing,0.0,5.0,0.0,24.8,"0,4,8,12,16,20,24"
03 standard viscosity,pH 1.2,0.3333333333333333,1,1.399288672444206,0.0,03-pH1.2T-亲水凝胶空白制剂-251203-Side-24h-750X-2.mp4,145,0.3333333333333333,0.75,5,centered moving average on extracted normalized projected area,linear interpolation to regular 0.5 h grid after smoothing,0.0,5.0,0.0,24.8,"0,4,8,12,16,20,24"
03 standard viscosity,pH 1.2,0.6666666666666666,1,1.665705904265226,0.0,03-pH1.2T-亲水凝胶空白制剂-251203-Side-24h-750X-2.mp4,145,0.3333333333333333,0.75,5,centered moving average on extracted normalized projected area,linear interpolation to regular 0.5 h grid after smoothing,0.0,5.0,0.0,24.8,"0,4,8,12,16,20,24"
03 standard viscosity,pH 1.2,1.0,1,1.818702683159313,0.0,03-pH1.2T-亲水凝胶空白制剂-251203-Side-24h-750X-2.mp4,145,0.3333333333333333,0.75,5,centered moving average on extracted normalized projected area,linear interpolation to regular 0.5 h grid after smoothing,0.0,5.0,0.0,24.8,"0,4,8,12,16,20,24"
03 standard viscosity,pH 1.2,1.3333333333333333,1,1.9283208068103381,0.0,03-pH1.2T-亲水凝胶空白制剂-251203-Side-24h-750X-2.mp4,145,0.3333333333333333,0.75,5,centered moving average on extracted normalized projected area,linear interpolation to regular 0.5 h grid after smoothing,0.0,5.0,0.0,24.8,"0,4,8,12,16,20,24"
03 standard viscosity,pH 1.2,1.6666666666666665,1,2.0229476405946993,0.0,03-pH1.2T-亲水凝胶空白制剂-251203-Side-24h-750X-2.mp4,145,0.3333333333333333,0.75,5,centered moving average on extracted normalized projected area,linear interpolation to regular 0.5 h grid after smoothing,0.0,5.0,0.0,24.8,"0,4,8,12,16,20,24"
03 standard viscosity,pH 1.2,2.0,1,2.106767335356568,0.0,03-pH1.2T-亲水凝胶空白制剂-251203-Side-24h-750X-2.mp4,145,0.3333333333333333,0.75,5,centered moving average on extracted normalized projected area,linear interpolation to regular 0.5 h grid after smoothing,0.0,5.0,0.0,24.8,"0,4,8,12,16,20,24"
03 standard viscosity,pH 1.2,2.333333333333333,1,2.1907990314769976,0.0,03-pH1.2T-亲水凝胶空白制剂-251203-Side-24h-750X-2.mp4,145,0.3333333333333333,0.75,5,centered moving average on extracted normalized projected area,linear interpolation to regular 0.5 h grid after smoothing,0.0,5.0,0.0,24.8,"0,4,8,12,16,20,24"
03 standard viscosity,pH 1.2,2.6666666666666665,1,2.266699078588411,0.0,03-pH1.2T-亲水凝胶空白制剂-251203-Side-24h-750X-2.mp4,145,0.3333333333333333,0.75,5,centered moving average on extracted normalized projected area,linear interpolation to regular 0.5 h grid after smoothing,0.0,5.0,0.0,24.8,"0,4,8,12,16,20,24"
03 standard viscosity,pH 1.2,3.0,1,2.3390416662101607,0.0,03-pH1.2T-亲水凝胶空白制剂-251203-Side-24h-750X-2.mp4,145,0.3333333333333333,0.75,5,centered moving average on extracted normalized projected area,linear interpolation to regular 0.5 h grid after smoothing,0.0,5.0,0.0,24.8,"0,4,8,12,16,20,24"
03 standard viscosity,pH 1.2,3.333333333333333,1,2.4070489082203936,0.0,03-pH1.2T-亲水凝胶空白制剂-251203-Side-24h-750X-2.mp4,145,0.3333333333333333,0.75,5,centered moving average on extracted normalized projected area,linear interpolation to regular 0.5 h grid after smoothing,0.0,5.0,0.0,24.8,"0,4,8,12,16,20,24"
03 standard viscosity,pH 1.2,3.6666666666666665,1,2.4798743878255345,0.0,03-pH1.2T-亲水凝胶空白制剂-251203-Side-24h-750X-2.mp4,145,0.3333333333333333,0.75,5,centered moving average on extracted normalized projected area,linear interpolation to regular 0.5 h grid after smoothing,0.0,5.0,0.0,24.8,"0,4,8,12,16,20,24"
03 standard viscosity,pH 1.2,4.0,1,2.5575024925224326,0.0,03-pH1.2T-亲水凝胶空白制剂-251203-Side-24h-750X-2.mp4,145,0.3333333333333333,0.75,5,centered moving average on extracted normalized projected area,linear interpolation to regular 0.5 h grid after smoothing,0.0,5.0,0.0,24.8,"0,4,8,12,16,20,24"
03 standard viscosity,pH 1.2,4.333333333333333,1,2.638617389589473,0.0,03-pH1.2T-亲水凝胶空白制剂-251203-Side-24h-750X-2.mp4,145,0.3333333333333333,0.75,5,centered moving average on extracted normalized projected area,linear interpolation to regular 0.5 h grid after smoothing,0.0,5.0,0.0,24.8,"0,4,8,12,16,20,24"
03 standard viscosity,pH 1.2,4.666666666666666,1,2.7154188533301196,0.0,03-pH1.2T-亲水凝胶空白制剂-251203-Side-24h-750X-2.mp4,145,0.3333333333333333,0.75,5,centered moving average on extracted normalized projected area,linear interpolation to regular 0.5 h grid after smoothing,0.0,5.0,0.0,24.8,"0,4,8,12,16,20,24"
03 standard viscosity,pH 1.2,5.0,1,2.7638893758285583,0.0,03-pH1.2T-亲水凝胶空白制剂-251203-Side-24h-750X-2.mp4,145,0.3333333333333333,0.75,5,centered moving average on extracted normalized projected area,linear interpolation to regular 0.5 h grid after smoothing,0.0,5.0,0.0,24.8,"0,4,8,12,16,20,24"
03 standard viscosity,pH 1.2,5.333333333333333,1,2.8040545944583832,0.0,03-pH1.2T-亲水凝胶空白制剂-251203-Side-24h-750X-2.mp4,145,0.3333333333333333,0.75,5,centered moving average on extracted normalized projected area,linear interpolation to regular 0.5 h grid after smoothing,0.0,5.0,0.0,24.8,"0,4,8,12,16,20,24"
03 standard viscosity,pH 1.2,5.666666666666666,1,2.845968139537432,0.0,03-pH1.2T-亲水凝胶空白制剂-251203-Side-24h-750X-2.mp4,145,0.3333333333333333,0.75,5,centered moving average on extracted normalized projected area,linear interpolation to regular 0.5 h grid after smoothing,0.0,5.0,0.0,24.8,"0,4,8,12,16,20,24"
03 standard viscosity,pH 1.2,6.0,1,2.89007592606795,0.0,03-pH1.2T-亲水凝胶空白制剂-251203-Side-24h-750X-2.mp4,145,0.3333333333333333,0.75,5,centered moving average on extracted normalized projected area,linear interpolation to regular 0.5 h grid after smoothing,0.0,5.0,0.0,24.8,"0,4,8,12,16,20,24"
03 standard viscosity,pH 1.2,6.333333333333333,1,2.9311505045303647,0.0,03-pH1.2T-亲水凝胶空白制剂-251203-Side-24h-750X-2.mp4,145,0.3333333333333333,0.75,5,centered moving average on extracted normalized projected area,linear interpolation to regular 0.5 h grid after smoothing,0.0,5.0,0.0,24.8,"0,4,8,12,16,20,24"
03 standard viscosity,pH 1.2,6.666666666666666,1,2.9637787187886886,0.0,03-pH1.2T-亲水凝胶空白制剂-251203-Side-24h-750X-2.mp4,145,0.3333333333333333,0.75,5,centered moving average on extracted normalized projected area,linear interpolation to regular 0.5 h grid after smoothing,0.0,5.0,0.0,24.8,"0,4,8,12,16,20,24"
03 standard viscosity,pH 1.2,7.0,1,2.992183613993185,0.0,03-pH1.2T-亲水凝胶空白制剂-251203-Side-24h-750X-2.mp4,145,0.3333333333333333,0.75,5,centered moving average on extracted normalized projected area,linear interpolation to regular 0.5 h grid after smoothing,0.0,5.0,0.0,24.8,"0,4,8,12,16,20,24"
03 standard viscosity,pH 1.2,7.333333333333333,1,3.017066383267779,0.0,03-pH1.2T-亲水凝胶空白制剂-251203-Side-24h-750X-2.mp4,145,0.3333333333333333,0.75,5,centered moving average on extracted normalized projected area,linear interpolation to regular 0.5 h grid after smoothing,0.0,5.0,0.0,24.8,"0,4,8,12,16,20,24"
03 standard viscosity,pH 1.2,7.666666666666666,1,3.03789592760181,0.0,03-pH1.2T-亲水凝胶空白制剂-251203-Side-24h-750X-2.mp4,145,0.3333333333333333,0.75,5,centered moving average on extracted normalized projected area,linear interpolation to regular 0.5 h grid after smoothing,0.0,5.0,0.0,24.8,"0,4,8,12,16,20,24"
03 standard viscosity,pH 1.2,8.0,1,3.051998126499622,0.0,03-pH1.2T-亲水凝胶空白制剂-251203-Side-24h-750X-2.mp4,145,0.3333333333333333,0.75,5,centered moving average on extracted normalized projected area,linear interpolation to regular 0.5 h grid after smoothing,0.0,5.0,0.0,24.8,"0,4,8,12,16,20,24"
03 standard viscosity,pH 1.2,8.333333333333332,1,3.0445961565851896,0.0,03-pH1.2T-亲水凝胶空白制剂-251203-Side-24h-750X-2.mp4,145,0.3333333333333333,0.75,5,centered moving average on extracted normalized projected area,linear interpolation to regular 0.5 h grid after smoothing,0.0,5.0,0.0,24.8,"0,4,8,12,16,20,24"
03 standard viscosity,pH 1.2,8.666666666666666,1,3.0330549560110875,0.0,03-pH1.2T-亲水凝胶空白制剂-251203-Side-24h-750X-2.mp4,145,0.3333333333333333,0.75,5,centered moving average on extracted normalized projected area,linear interpolation to regular 0.5 h grid after smoothing,0.0,5.0,0.0,24.8,"0,4,8,12,16,20,24"
03 standard viscosity,pH 1.2,9.0,1,3.042859607989219,0.0,03-pH1.2T-亲水凝胶空白制剂-251203-Side-24h-750X-2.mp4,145,0.3333333333333333,0.75,5,centered moving average on extracted normalized projected area,linear interpolation to regular 0.5 h grid after smoothing,0.0,5.0,0.0,24.8,"0,4,8,12,16,20,24"
03 standard viscosity,pH 1.2,9.333333333333332,1,3.038946073866313,0.0,03-pH1.2T-亲水凝胶空白制剂-251203-Side-24h-750X-2.mp4,145,0.3333333333333333,0.75,5,centered moving average on extracted normalized projected area,linear interpolation to regular 0.5 h grid after smoothing,0.0,5.0,0.0,24.8,"0,4,8,12,16,20,24"
03 standard viscosity,pH 1.2,9.666666666666666,1,3.01695846526355,0.0,03-pH1.2T-亲水凝胶空白制剂-251203-Side-24h-750X-2.mp4,145,0.3333333333333333,0.75,5,centered moving average on extracted normalized projected area,linear interpolation to regular 0.5 h grid after smoothing,0.0,5.0,0.0,24.8,"0,4,8,12,16,20,24"
03 standard viscosity,pH 1.2,10.0,1,3.003353401334458,0.0,03-pH1.2T-亲水凝胶空白制剂-251203-Side-24h-750X-2.mp4,145,0.3333333333333333,0.75,5,centered moving average on extracted normalized projected area,linear interpolation to regular 0.5 h grid after smoothing,0.0,5.0,0.0,24.8,"0,4,8,12,16,20,24"
03 standard viscosity,pH 1.2,10.333333333333332,1,2.9926010430247723,0.0,03-pH1.2T-亲水凝胶空白制剂-251203-Side-24h-750X-2.mp4,145,0.3333333333333333,0.75,5,centered moving average on extracted normalized projected area,linear interpolation to regular 0.5 h grid after smoothing,0.0,5.0,0.0,24.8,"0,4,8,12,16,20,24"
03 standard viscosity,pH 1.2,10.666666666666666,1,2.971456509592103,0.0,03-pH1.2T-亲水凝胶空白制剂-251203-Side-24h-750X-2.mp4,145,0.3333333333333333,0.75,5,centered moving average on extracted normalized projected area,linear interpolation to regular 0.5 h grid after smoothing,0.0,5.0,0.0,24.8,"0,4,8,12,16,20,24"
03 standard viscosity,pH 1.2,11.0,1,2.946483078237814,0.0,03-pH1.2T-亲水凝胶空白制剂-251203-Side-24h-750X-2.mp4,145,0.3333333333333333,0.75,5,centered moving average on extracted normalized projected area,linear interpolation to regular 0.5 h grid after smoothing,0.0,5.0,0.0,24.8,"0,4,8,12,16,20,24"
03 standard viscosity,pH 1.2,11.333333333333332,1,2.926915681526848,0.0,03-pH1.2T-亲水凝胶空白制剂-251203-Side-24h-750X-2.mp4,145,0.3333333333333333,0.75,5,centered moving average on extracted normalized projected area,linear interpolation to regular 0.5 h grid after smoothing,0.0,5.0,0.0,24.8,"0,4,8,12,16,20,24"
03 standard viscosity,pH 1.2,11.666666666666666,1,2.9082431277595786,0.0,03-pH1.2T-亲水凝胶空白制剂-251203-Side-24h-750X-2.mp4,145,0.3333333333333333,0.75,5,centered moving average on extracted normalized projected area,linear interpolation to regular 0.5 h grid after smoothing,0.0,5.0,0.0,24.8,"0,4,8,12,16,20,24"
03 standard viscosity,pH 1.2,12.0,1,2.8829582680529837,0.0,03-pH1.2T-亲水凝胶空白制剂-251203-Side-24h-750X-2.mp4,145,0.3333333333333333,0.75,5,centered moving average on extracted normalized projected area,linear interpolation to regular 0.5 h grid after smoothing,0.0,5.0,0.0,24.8,"0,4,8,12,16,20,24"
03 standard viscosity,pH 1.2,12.333333333333332,1,2.8467591730303594,0.0,03-pH1.2T-亲水凝胶空白制剂-251203-Side-24h-750X-2.mp4,145,0.3333333333333333,0.75,5,centered moving average on extracted normalized projected area,linear interpolation to regular 0.5 h grid after smoothing,0.0,5.0,0.0,24.8,"0,4,8,12,16,20,24"
03 standard viscosity,pH 1.2,12.666666666666666,1,2.803792468747603,0.0,03-pH1.2T-亲水凝胶空白制剂-251203-Side-24h-750X-2.mp4,145,0.3333333333333333,0.75,5,centered moving average on extracted normalized projected area,linear interpolation to regular 0.5 h grid after smoothing,0.0,5.0,0.0,24.8,"0,4,8,12,16,20,24"
03 standard viscosity,pH 1.2,13.0,1,2.7635275492204707,0.0,03-pH1.2T-亲水凝胶空白制剂-251203-Side-24h-750X-2.mp4,145,0.3333333333333333,0.75,5,centered moving average on extracted normalized projected area,linear interpolation to regular 0.5 h grid after smoothing,0.0,5.0,0.0,24.8,"0,4,8,12,16,20,24"
03 standard viscosity,pH 1.2,13.333333333333332,1,2.7275793498625003,0.0,03-pH1.2T-亲水凝胶空白制剂-251203-Side-24h-750X-2.mp4,145,0.3333333333333333,0.75,5,centered moving average on extracted normalized projected area,linear interpolation to regular 0.5 h grid after smoothing,0.0,5.0,0.0,24.8,"0,4,8,12,16,20,24"
03 standard viscosity,pH 1.2,13.666666666666666,1,2.693825391956,0.0,03-pH1.2T-亲水凝胶空白制剂-251203-Side-24h-750X-2.mp4,145,0.3333333333333333,0.75,5,centered moving average on extracted normalized projected area,linear interpolation to regular 0.5 h grid after smoothing,0.0,5.0,0.0,24.8,"0,4,8,12,16,20,24"
03 standard viscosity,pH 1.2,14.0,1,2.6575487822247545,0.0,03-pH1.2T-亲水凝胶空白制剂-251203-Side-24h-750X-2.mp4,145,0.3333333333333333,0.75,5,centered moving average on extracted normalized projected area,linear interpolation to regular 0.5 h grid after smoothing,0.0,5.0,0.0,24.8,"0,4,8,12,16,20,24"
03 standard viscosity,pH 1.2,14.333333333333332,1,2.621002925290064,0.0,03-pH1.2T-亲水凝胶空白制剂-251203-Side-24h-750X-2.mp4,145,0.3333333333333333,0.75,5,centered moving average on extracted normalized projected area,linear interpolation to regular 0.5 h grid after smoothing,0.0,5.0,0.0,24.8,"0,4,8,12,16,20,24"
03 standard viscosity,pH 1.2,14.666666666666666,1,2.5884708511827155,0.0,03-pH1.2T-亲水凝胶空白制剂-251203-Side-24h-750X-2.mp4,145,0.3333333333333333,0.75,5,centered moving average on extracted normalized projected area,linear interpolation to regular 0.5 h grid after smoothing,0.0,5.0,0.0,24.8,"0,4,8,12,16,20,24"
03 standard viscosity,pH 1.2,15.0,1,2.5554673890416666,0.0,03-pH1.2T-亲水凝胶空白制剂-251203-Side-24h-750X-2.mp4,145,0.3333333333333333,0.75,5,centered moving average on extracted normalized projected area,linear interpolation to regular 0.5 h grid after smoothing,0.0,5.0,0.0,24.8,"0,4,8,12,16,20,24"
03 standard viscosity,pH 1.2,15.333333333333332,1,2.5198996417341384,0.0,03-pH1.2T-亲水凝胶空白制剂-251203-Side-24h-750X-2.mp4,145,0.3333333333333333,0.75,5,centered moving average on extracted normalized projected area,linear interpolation to regular 0.5 h grid after smoothing,0.0,5.0,0.0,24.8,"0,4,8,12,16,20,24"
03 standard viscosity,pH 1.2,15.666666666666666,1,2.48396376803655,0.0,03-pH1.2T-亲水凝胶空白制剂-251203-Side-24h-750X-2.mp4,145,0.3333333333333333,0.75,5,centered moving average on extracted normalized projected area,linear interpolation to regular 0.5 h grid after smoothing,0.0,5.0,0.0,24.8,"0,4,8,12,16,20,24"
03 standard viscosity,pH 1.2,16.0,1,2.4427588114776553,0.0,03-pH1.2T-亲水凝胶空白制剂-251203-Side-24h-750X-2.mp4,145,0.3333333333333333,0.75,5,centered moving average on extracted normalized projected area,linear interpolation to regular 0.5 h grid after smoothing,0.0,5.0,0.0,24.8,"0,4,8,12,16,20,24"
03 standard viscosity,pH 1.2,16.333333333333332,1,2.4038516319174352,0.0,03-pH1.2T-亲水凝胶空白制剂-251203-Side-24h-750X-2.mp4,145,0.3333333333333333,0.75,5,centered moving average on extracted normalized projected area,linear interpolation to regular 0.5 h grid after smoothing,0.0,5.0,0.0,24.8,"0,4,8,12,16,20,24"
03 standard viscosity,pH 1.2,16.666666666666664,1,2.3637411940004167,0.0,03-pH1.2T-亲水凝胶空白制剂-251203-Side-24h-750X-2.mp4,145,0.3333333333333333,0.75,5,centered moving average on extracted normalized projected area,linear interpolation to regular 0.5 h grid after smoothing,0.0,5.0,0.0,24.8,"0,4,8,12,16,20,24"
03 standard viscosity,pH 1.2,17.0,1,2.3220506064224904,0.0,03-pH1.2T-亲水凝胶空白制剂-251203-Side-24h-750X-2.mp4,145,0.3333333333333333,0.75,5,centered moving average on extracted normalized projected area,linear interpolation to regular 0.5 h grid after smoothing,0.0,5.0,0.0,24.8,"0,4,8,12,16,20,24"
03 standard viscosity,pH 1.2,17.333333333333332,1,2.2764662057782696,0.0,03-pH1.2T-亲水凝胶空白制剂-251203-Side-24h-750X-2.mp4,145,0.3333333333333333,0.75,5,centered moving average on extracted normalized projected area,linear interpolation to regular 0.5 h grid after smoothing,0.0,5.0,0.0,24.8,"0,4,8,12,16,20,24"
03 standard viscosity,pH 1.2,17.666666666666664,1,2.23131512057235,0.0,03-pH1.2T-亲水凝胶空白制剂-251203-Side-24h-750X-2.mp4,145,0.3333333333333333,0.75,5,centered moving average on extracted normalized projected area,linear interpolation to regular 0.5 h grid after smoothing,0.0,5.0,0.0,24.8,"0,4,8,12,16,20,24"
03 standard viscosity,pH 1.2,18.0,1,2.190137828273422,0.0,03-pH1.2T-亲水凝胶空白制剂-251203-Side-24h-750X-2.mp4,145,0.3333333333333333,0.75,5,centered moving average on extracted normalized projected area,linear interpolation to regular 0.5 h grid after smoothing,0.0,5.0,0.0,24.8,"0,4,8,12,16,20,24"
03 standard viscosity,pH 1.2,18.333333333333332,1,2.149939741215912,0.0,03-pH1.2T-亲水凝胶空白制剂-251203-Side-24h-750X-2.mp4,145,0.3333333333333333,0.75,5,centered moving average on extracted normalized projected area,linear interpolation to regular 0.5 h grid after smoothing,0.0,5.0,0.0,24.8,"0,4,8,12,16,20,24"
03 standard viscosity,pH 1.2,18.666666666666664,1,2.1073882747362314,0.0,03-pH1.2T-亲水凝胶空白制剂-251203-Side-24h-750X-2.mp4,145,0.3333333333333333,0.75,5,centered moving average on extracted normalized projected area,linear interpolation to regular 0.5 h grid after smoothing,0.0,5.0,0.0,24.8,"0,4,8,12,16,20,24"
03 standard viscosity,pH 1.2,19.0,1,2.0644451261599817,0.0,03-pH1.2T-亲水凝胶空白制剂-251203-Side-24h-750X-2.mp4,145,0.3333333333333333,0.75,5,centered moving average on extracted normalized projected area,linear interpolation to regular 0.5 h grid after smoothing,0.0,5.0,0.0,24.8,"0,4,8,12,16,20,24"
03 standard viscosity,pH 1.2,19.333333333333332,1,2.0237025188171747,0.0,03-pH1.2T-亲水凝胶空白制剂-251203-Side-24h-750X-2.mp4,145,0.3333333333333333,0.75,5,centered moving average on extracted normalized projected area,linear interpolation to regular 0.5 h grid after smoothing,0.0,5.0,0.0,24.8,"0,4,8,12,16,20,24"
03 standard viscosity,pH 1.2,19.666666666666664,1,1.983615088799536,0.0,03-pH1.2T-亲水凝胶空白制剂-251203-Side-24h-750X-2.mp4,145,0.3333333333333333,0.75,5,centered moving average on extracted normalized projected area,linear interpolation to regular 0.5 h grid after smoothing,0.0,5.0,0.0,24.8,"0,4,8,12,16,20,24"
03 standard viscosity,pH 1.2,20.0,1,1.9409652909403659,0.0,03-pH1.2T-亲水凝胶空白制剂-251203-Side-24h-750X-2.mp4,145,0.3333333333333333,0.75,5,centered moving average on extracted normalized projected area,linear interpolation to regular 0.5 h grid after smoothing,0.0,5.0,0.0,24.8,"0,4,8,12,16,20,24"
03 standard viscosity,pH 1.2,20.333333333333332,1,1.8966553635795906,0.0,03-pH1.2T-亲水凝胶空白制剂-251203-Side-24h-750X-2.mp4,145,0.3333333333333333,0.75,5,centered moving average on extracted normalized projected area,linear interpolation to regular 0.5 h grid after smoothing,0.0,5.0,0.0,24.8,"0,4,8,12,16,20,24"
03 standard viscosity,pH 1.2,20.666666666666664,1,1.8533723006803773,0.0,03-pH1.2T-亲水凝胶空白制剂-251203-Side-24h-750X-2.mp4,145,0.3333333333333333,0.75,5,centered moving average on extracted normalized projected area,linear interpolation to regular 0.5 h grid after smoothing,0.0,5.0,0.0,24.8,"0,4,8,12,16,20,24"
03 standard viscosity,pH 1.2,21.0,1,1.8061384527735478,0.0,03-pH1.2T-亲水凝胶空白制剂-251203-Side-24h-750X-2.mp4,145,0.3333333333333333,0.75,5,centered moving average on extracted normalized projected area,linear interpolation to regular 0.5 h grid after smoothing,0.0,5.0,0.0,24.8,"0,4,8,12,16,20,24"
03 standard viscosity,pH 1.2,21.333333333333332,1,1.7599520120955812,0.0,03-pH1.2T-亲水凝胶空白制剂-251203-Side-24h-750X-2.mp4,145,0.3333333333333333,0.75,5,centered moving average on extracted normalized projected area,linear interpolation to regular 0.5 h grid after smoothing,0.0,5.0,0.0,24.8,"0,4,8,12,16,20,24"
03 standard viscosity,pH 1.2,21.666666666666664,1,1.7192556944550965,0.0,03-pH1.2T-亲水凝胶空白制剂-251203-Side-24h-750X-2.mp4,145,0.3333333333333333,0.75,5,centered moving average on extracted normalized projected area,linear interpolation to regular 0.5 h grid after smoothing,0.0,5.0,0.0,24.8,"0,4,8,12,16,20,24"
03 standard viscosity,pH 1.2,22.0,1,1.6816344921280115,0.0,03-pH1.2T-亲水凝胶空白制剂-251203-Side-24h-750X-2.mp4,145,0.3333333333333333,0.75,5,centered moving average on extracted normalized projected area,linear interpolation to regular 0.5 h grid after smoothing,0.0,5.0,0.0,24.8,"0,4,8,12,16,20,24"
03 standard viscosity,pH 1.2,22.333333333333332,1,1.643644889507302,0.0,03-pH1.2T-亲水凝胶空白制剂-251203-Side-24h-750X-2.mp4,145,0.3333333333333333,0.75,5,centered moving average on extracted normalized projected area,linear interpolation to regular 0.5 h grid after smoothing,0.0,5.0,0.0,24.8,"0,4,8,12,16,20,24"
03 standard viscosity,pH 1.2,22.666666666666664,1,1.6036388088481812,0.0,03-pH1.2T-亲水凝胶空白制剂-251203-Side-24h-750X-2.mp4,145,0.3333333333333333,0.75,5,centered moving average on extracted normalized projected area,linear interpolation to regular 0.5 h grid after smoothing,0.0,5.0,0.0,24.8,"0,4,8,12,16,20,24"
03 standard viscosity,pH 1.2,23.0,1,1.5653199741435035,0.0,03-pH1.2T-亲水凝胶空白制剂-251203-Side-24h-750X-2.mp4,145,0.3333333333333333,0.75,5,centered moving average on extracted normalized projected area,linear interpolation to regular 0.5 h grid after smoothing,0.0,5.0,0.0,24.8,"0,4,8,12,16,20,24"
03 standard viscosity,pH 1.2,23.333333333333332,1,1.5242034884357913,0.0,03-pH1.2T-亲水凝胶空白制剂-251203-Side-24h-750X-2.mp4,145,0.3333333333333333,0.75,5,centered moving average on extracted normalized projected area,linear interpolation to regular 0.5 h grid after smoothing,0.0,5.0,0.0,24.8,"0,4,8,12,16,20,24"
03 standard viscosity,pH 1.2,23.666666666666664,1,1.4907984836698698,0.0,03-pH1.2T-亲水凝胶空白制剂-251203-Side-24h-750X-2.mp4,145,0.3333333333333333,0.75,5,centered moving average on extracted normalized projected area,linear interpolation to regular 0.5 h grid after smoothing,0.0,5.0,0.0,24.8,"0,4,8,12,16,20,24"
03 standard viscosity,pH 1.2,24.0,1,1.4754436324725457,0.0,03-pH1.2T-亲水凝胶空白制剂-251203-Side-24h-750X-2.mp4,145,0.3333333333333333,0.75,5,centered moving average on extracted normalized projected area,linear interpolation to regular 0.5 h grid after smoothing,0.0,5.0,0.0,24.8,"0,4,8,12,16,20,24"
03 standard viscosity,pH 4.5,0.0,1,1.2208129912399155,0.0,03-pH4.5T-亲水凝胶空白制剂-251203-Side-24h-750X-1.mp4,145,0.3333333333333333,0.75,5,centered moving average on extracted normalized projected area,linear interpolation to regular 0.5 h grid after smoothing,0.0,5.0,0.0,24.8,"0,4,8,12,16,20,24"
03 standard viscosity,pH 4.5,0.3333333333333333,1,1.3583985516924126,0.0,03-pH4.5T-亲水凝胶空白制剂-251203-Side-24h-750X-1.mp4,145,0.3333333333333333,0.75,5,centered moving average on extracted normalized projected area,linear interpolation to regular 0.5 h grid after smoothing,0.0,5.0,0.0,24.8,"0,4,8,12,16,20,24"
03 standard viscosity,pH 4.5,0.6666666666666666,1,1.6105082431850897,0.0,03-pH4.5T-亲水凝胶空白制剂-251203-Side-24h-750X-1.mp4,145,0.3333333333333333,0.75,5,centered moving average on extracted normalized projected area,linear interpolation to regular 0.5 h grid after smoothing,0.0,5.0,0.0,24.8,"0,4,8,12,16,20,24"
03 standard viscosity,pH 4.5,1.0,1,1.7751825965662054,0.0,03-pH4.5T-亲水凝胶空白制剂-251203-Side-24h-750X-1.mp4,145,0.3333333333333333,0.75,5,centered moving average on extracted normalized projected area,linear interpolation to regular 0.5 h grid after smoothing,0.0,5.0,0.0,24.8,"0,4,8,12,16,20,24"
03 standard viscosity,pH 4.5,1.3333333333333333,1,1.9062493878822955,0.0,03-pH4.5T-亲水凝胶空白制剂-251203-Side-24h-750X-1.mp4,145,0.3333333333333333,0.75,5,centered moving average on extracted normalized projected area,linear interpolation to regular 0.5 h grid after smoothing,0.0,5.0,0.0,24.8,"0,4,8,12,16,20,24"
03 standard viscosity,pH 4.5,1.6666666666666665,1,2.0206923978690883,0.0,03-pH4.5T-亲水凝胶空白制剂-251203-Side-24h-750X-1.mp4,145,0.3333333333333333,0.75,5,centered moving average on extracted normalized projected area,linear interpolation to regular 0.5 h grid after smoothing,0.0,5.0,0.0,24.8,"0,4,8,12,16,20,24"
03 standard viscosity,pH 4.5,2.0,1,2.122694505037914,0.0,03-pH4.5T-亲水凝胶空白制剂-251203-Side-24h-750X-1.mp4,145,0.3333333333333333,0.75,5,centered moving average on extracted normalized projected area,linear interpolation to regular 0.5 h grid after smoothing,0.0,5.0,0.0,24.8,"0,4,8,12,16,20,24"
03 standard viscosity,pH 4.5,2.333333333333333,1,2.216721126593361,0.0,03-pH4.5T-亲水凝胶空白制剂-251203-Side-24h-750X-1.mp4,145,0.3333333333333333,0.75,5,centered moving average on extracted normalized projected area,linear interpolation to regular 0.5 h grid after smoothing,0.0,5.0,0.0,24.8,"0,4,8,12,16,20,24"
03 standard viscosity,pH 4.5,2.6666666666666665,1,2.3040137114365846,0.0,03-pH4.5T-亲水凝胶空白制剂-251203-Side-24h-750X-1.mp4,145,0.3333333333333333,0.75,5,centered moving average on extracted normalized projected area,linear interpolation to regular 0.5 h grid after smoothing,0.0,5.0,0.0,24.8,"0,4,8,12,16,20,24"
03 standard viscosity,pH 4.5,3.0,1,2.377303120687353,0.0,03-pH4.5T-亲水凝胶空白制剂-251203-Side-24h-750X-1.mp4,145,0.3333333333333333,0.75,5,centered moving average on extracted normalized projected area,linear interpolation to regular 0.5 h grid after smoothing,0.0,5.0,0.0,24.8,"0,4,8,12,16,20,24"
03 standard viscosity,pH 4.5,3.333333333333333,1,2.4468625443321614,0.0,03-pH4.5T-亲水凝胶空白制剂-251203-Side-24h-750X-1.mp4,145,0.3333333333333333,0.75,5,centered moving average on extracted normalized projected area,linear interpolation to regular 0.5 h grid after smoothing,0.0,5.0,0.0,24.8,"0,4,8,12,16,20,24"
03 standard viscosity,pH 4.5,3.6666666666666665,1,2.517910638234727,0.0,03-pH4.5T-亲水凝胶空白制剂-251203-Side-24h-750X-1.mp4,145,0.3333333333333333,0.75,5,centered moving average on extracted normalized projected area,linear interpolation to regular 0.5 h grid after smoothing,0.0,5.0,0.0,24.8,"0,4,8,12,16,20,24"
03 standard viscosity,pH 4.5,4.0,1,2.586496015670213,0.0,03-pH4.5T-亲水凝胶空白制剂-251203-Side-24h-750X-1.mp4,145,0.3333333333333333,0.75,5,centered moving average on extracted normalized projected area,linear interpolation to regular 0.5 h grid after smoothing,0.0,5.0,0.0,24.8,"0,4,8,12,16,20,24"
03 standard viscosity,pH 4.5,4.333333333333333,1,2.648738518155782,0.0,03-pH4.5T-亲水凝胶空白制剂-251203-Side-24h-750X-1.mp4,145,0.3333333333333333,0.75,5,centered moving average on extracted normalized projected area,linear interpolation to regular 0.5 h grid after smoothing,0.0,5.0,0.0,24.8,"0,4,8,12,16,20,24"
03 standard viscosity,pH 4.5,4.666666666666666,1,2.700196174449836,0.0,03-pH4.5T-亲水凝胶空白制剂-251203-Side-24h-750X-1.mp4,145,0.3333333333333333,0.75,5,centered moving average on extracted normalized projected area,linear interpolation to regular 0.5 h grid after smoothing,0.0,5.0,0.0,24.8,"0,4,8,12,16,20,24"
03 standard viscosity,pH 4.5,5.0,1,2.7496594399679473,0.0,03-pH4.5T-亲水凝胶空白制剂-251203-Side-24h-750X-1.mp4,145,0.3333333333333333,0.75,5,centered moving average on extracted normalized projected area,linear interpolation to regular 0.5 h grid after smoothing,0.0,5.0,0.0,24.8,"0,4,8,12,16,20,24"
03 standard viscosity,pH 4.5,5.333333333333333,1,2.803159269316951,0.0,03-pH4.5T-亲水凝胶空白制剂-251203-Side-24h-750X-1.mp4,145,0.3333333333333333,0.75,5,centered moving average on extracted normalized projected area,linear interpolation to regular 0.5 h grid after smoothing,0.0,5.0,0.0,24.8,"0,4,8,12,16,20,24"
03 standard viscosity,pH 4.5,5.666666666666666,1,2.859415631631275,0.0,03-pH4.5T-亲水凝胶空白制剂-251203-Side-24h-750X-1.mp4,145,0.3333333333333333,0.75,5,centered moving average on extracted normalized projected area,linear interpolation to regular 0.5 h grid after smoothing,0.0,5.0,0.0,24.8,"0,4,8,12,16,20,24"
03 standard viscosity,pH 4.5,6.0,1,2.915222959236671,0.0,03-pH4.5T-亲水凝胶空白制剂-251203-Side-24h-750X-1.mp4,145,0.3333333333333333,0.75,5,centered moving average on extracted normalized projected area,linear interpolation to regular 0.5 h grid after smoothing,0.0,5.0,0.0,24.8,"0,4,8,12,16,20,24"
03 standard viscosity,pH 4.5,6.333333333333333,1,2.969433883868287,0.0,03-pH4.5T-亲水凝胶空白制剂-251203-Side-24h-750X-1.mp4,145,0.3333333333333333,0.75,5,centered moving average on extracted normalized projected area,linear interpolation to regular 0.5 h grid after smoothing,0.0,5.0,0.0,24.8,"0,4,8,12,16,20,24"
03 standard viscosity,pH 4.5,6.666666666666666,1,3.0277110507649616,0.0,03-pH4.5T-亲水凝胶空白制剂-251203-Side-24h-750X-1.mp4,145,0.3333333333333333,0.75,5,centered moving average on extracted normalized projected area,linear interpolation to regular 0.5 h grid after smoothing,0.0,5.0,0.0,24.8,"0,4,8,12,16,20,24"
03 standard viscosity,pH 4.5,7.0,1,3.0636338274792623,0.0,03-pH4.5T-亲水凝胶空白制剂-251203-Side-24h-750X-1.mp4,145,0.3333333333333333,0.75,5,centered moving average on extracted normalized projected area,linear interpolation to regular 0.5 h grid after smoothing,0.0,5.0,0.0,24.8,"0,4,8,12,16,20,24"
03 standard viscosity,pH 4.5,7.333333333333333,1,3.0876784044873795,0.0,03-pH4.5T-亲水凝胶空白制剂-251203-Side-24h-750X-1.mp4,145,0.3333333333333333,0.75,5,centered moving average on extracted normalized projected area,linear interpolation to regular 0.5 h grid after smoothing,0.0,5.0,0.0,24.8,"0,4,8,12,16,20,24"
03 standard viscosity,pH 4.5,7.666666666666666,1,3.120235349982935,0.0,03-pH4.5T-亲水凝胶空白制剂-251203-Side-24h-750X-1.mp4,145,0.3333333333333333,0.75,5,centered moving average on extracted normalized projected area,linear interpolation to regular 0.5 h grid after smoothing,0.0,5.0,0.0,24.8,"0,4,8,12,16,20,24"
03 standard viscosity,pH 4.5,8.0,1,3.1601742124085535,0.0,03-pH4.5T-亲水凝胶空白制剂-251203-Side-24h-750X-1.mp4,145,0.3333333333333333,0.75,5,centered moving average on extracted normalized projected area,linear interpolation to regular 0.5 h grid after smoothing,0.0,5.0,0.0,24.8,"0,4,8,12,16,20,24"
03 standard viscosity,pH 4.5,8.333333333333332,1,3.213992491356156,0.0,03-pH4.5T-亲水凝胶空白制剂-251203-Side-24h-750X-1.mp4,145,0.3333333333333333,0.75,5,centered moving average on extracted normalized projected area,linear interpolation to regular 0.5 h grid after smoothing,0.0,5.0,0.0,24.8,"0,4,8,12,16,20,24"
03 standard viscosity,pH 4.5,8.666666666666666,1,3.2568897000994226,0.0,03-pH4.5T-亲水凝胶空白制剂-251203-Side-24h-750X-1.mp4,145,0.3333333333333333,0.75,5,centered moving average on extracted normalized projected area,linear interpolation to regular 0.5 h grid after smoothing,0.0,5.0,0.0,24.8,"0,4,8,12,16,20,24"
03 standard viscosity,pH 4.5,9.0,1,3.290352134621377,0.0,03-pH4.5T-亲水凝胶空白制剂-251203-Side-24h-750X-1.mp4,145,0.3333333333333333,0.75,5,centered moving average on extracted normalized projected area,linear interpolation to regular 0.5 h grid after smoothing,0.0,5.0,0.0,24.8,"0,4,8,12,16,20,24"
03 standard viscosity,pH 4.5,9.333333333333332,1,3.3203436762676395,0.0,03-pH4.5T-亲水凝胶空白制剂-251203-Side-24h-750X-1.mp4,145,0.3333333333333333,0.75,5,centered moving average on extracted normalized projected area,linear interpolation to regular 0.5 h grid after smoothing,0.0,5.0,0.0,24.8,"0,4,8,12,16,20,24"
03 standard viscosity,pH 4.5,9.666666666666666,1,3.3437934974550743,0.0,03-pH4.5T-亲水凝胶空白制剂-251203-Side-24h-750X-1.mp4,145,0.3333333333333333,0.75,5,centered moving average on extracted normalized projected area,linear interpolation to regular 0.5 h grid after smoothing,0.0,5.0,0.0,24.8,"0,4,8,12,16,20,24"
03 standard viscosity,pH 4.5,10.0,1,3.3674706554482183,0.0,03-pH4.5T-亲水凝胶空白制剂-251203-Side-24h-750X-1.mp4,145,0.3333333333333333,0.75,5,centered moving average on extracted normalized projected area,linear interpolation to regular 0.5 h grid after smoothing,0.0,5.0,0.0,24.8,"0,4,8,12,16,20,24"
03 standard viscosity,pH 4.5,10.333333333333332,1,3.392447432073484,0.0,03-pH4.5T-亲水凝胶空白制剂-251203-Side-24h-750X-1.mp4,145,0.3333333333333333,0.75,5,centered moving average on extracted normalized projected area,linear interpolation to regular 0.5 h grid after smoothing,0.0,5.0,0.0,24.8,"0,4,8,12,16,20,24"
03 standard viscosity,pH 4.5,10.666666666666666,1,3.406048168098651,0.0,03-pH4.5T-亲水凝胶空白制剂-251203-Side-24h-750X-1.mp4,145,0.3333333333333333,0.75,5,centered moving average on extracted normalized projected area,linear interpolation to regular 0.5 h grid after smoothing,0.0,5.0,0.0,24.8,"0,4,8,12,16,20,24"
03 standard viscosity,pH 4.5,11.0,1,3.4112730564335423,0.0,03-pH4.5T-亲水凝胶空白制剂-251203-Side-24h-750X-1.mp4,145,0.3333333333333333,0.75,5,centered moving average on extracted normalized projected area,linear interpolation to regular 0.5 h grid after smoothing,0.0,5.0,0.0,24.8,"0,4,8,12,16,20,24"
03 standard viscosity,pH 4.5,11.333333333333332,1,3.412136698867768,0.0,03-pH4.5T-亲水凝胶空白制剂-251203-Side-24h-750X-1.mp4,145,0.3333333333333333,0.75,5,centered moving average on extracted normalized projected area,linear interpolation to regular 0.5 h grid after smoothing,0.0,5.0,0.0,24.8,"0,4,8,12,16,20,24"
03 standard viscosity,pH 4.5,11.666666666666666,1,3.420614343587232,0.0,03-pH4.5T-亲水凝胶空白制剂-251203-Side-24h-750X-1.mp4,145,0.3333333333333333,0.75,5,centered moving average on extracted normalized projected area,linear interpolation to regular 0.5 h grid after smoothing,0.0,5.0,0.0,24.8,"0,4,8,12,16,20,24"
03 standard viscosity,pH 4.5,12.0,1,3.4281238777842082,0.0,03-pH4.5T-亲水凝胶空白制剂-251203-Side-24h-750X-1.mp4,145,0.3333333333333333,0.75,5,centered moving average on extracted normalized projected area,linear interpolation to regular 0.5 h grid after smoothing,0.0,5.0,0.0,24.8,"0,4,8,12,16,20,24"
03 standard viscosity,pH 4.5,12.333333333333332,1,3.434216266749766,0.0,03-pH4.5T-亲水凝胶空白制剂-251203-Side-24h-750X-1.mp4,145,0.3333333333333333,0.75,5,centered moving average on extracted normalized projected area,linear interpolation to regular 0.5 h grid after smoothing,0.0,5.0,0.0,24.8,"0,4,8,12,16,20,24"
03 standard viscosity,pH 4.5,12.666666666666666,1,3.4343426968793125,0.0,03-pH4.5T-亲水凝胶空白制剂-251203-Side-24h-750X-1.mp4,145,0.3333333333333333,0.75,5,centered moving average on extracted normalized projected area,linear interpolation to regular 0.5 h grid after smoothing,0.0,5.0,0.0,24.8,"0,4,8,12,16,20,24"
03 standard viscosity,pH 4.5,13.0,1,3.435680007122824,0.0,03-pH4.5T-亲水凝胶空白制剂-251203-Side-24h-750X-1.mp4,145,0.3333333333333333,0.75,5,centered moving average on extracted normalized projected area,linear interpolation to regular 0.5 h grid after smoothing,0.0,5.0,0.0,24.8,"0,4,8,12,16,20,24"
03 standard viscosity,pH 4.5,13.333333333333332,1,3.4474077371677874,0.0,03-pH4.5T-亲水凝胶空白制剂-251203-Side-24h-750X-1.mp4,145,0.3333333333333333,0.75,5,centered moving average on extracted normalized projected area,linear interpolation to regular 0.5 h grid after smoothing,0.0,5.0,0.0,24.8,"0,4,8,12,16,20,24"
03 standard viscosity,pH 4.5,13.666666666666666,1,3.456443039665227,0.0,03-pH4.5T-亲水凝胶空白制剂-251203-Side-24h-750X-1.mp4,145,0.3333333333333333,0.75,5,centered moving average on extracted normalized projected area,linear interpolation to regular 0.5 h grid after smoothing,0.0,5.0,0.0,24.8,"0,4,8,12,16,20,24"
03 standard viscosity,pH 4.5,14.0,1,3.443544792176765,0.0,03-pH4.5T-亲水凝胶空白制剂-251203-Side-24h-750X-1.mp4,145,0.3333333333333333,0.75,5,centered moving average on extracted normalized projected area,linear interpolation to regular 0.5 h grid after smoothing,0.0,5.0,0.0,24.8,"0,4,8,12,16,20,24"
03 standard viscosity,pH 4.5,14.333333333333332,1,3.426393625072341,0.0,03-pH4.5T-亲水凝胶空白制剂-251203-Side-24h-750X-1.mp4,145,0.3333333333333333,0.75,5,centered moving average on extracted normalized projected area,linear interpolation to regular 0.5 h grid after smoothing,0.0,5.0,0.0,24.8,"0,4,8,12,16,20,24"
03 standard viscosity,pH 4.5,14.666666666666666,1,3.411031177195091,0.0,03-pH4.5T-亲水凝胶空白制剂-251203-Side-24h-750X-1.mp4,145,0.3333333333333333,0.75,5,centered moving average on extracted normalized projected area,linear interpolation to regular 0.5 h grid after smoothing,0.0,5.0,0.0,24.8,"0,4,8,12,16,20,24"
03 standard viscosity,pH 4.5,15.0,1,3.395095341969758,0.0,03-pH4.5T-亲水凝胶空白制剂-251203-Side-24h-750X-1.mp4,145,0.3333333333333333,0.75,5,centered moving average on extracted normalized projected area,linear interpolation to regular 0.5 h grid after smoothing,0.0,5.0,0.0,24.8,"0,4,8,12,16,20,24"
03 standard viscosity,pH 4.5,15.333333333333332,1,3.3765294039086498,0.0,03-pH4.5T-亲水凝胶空白制剂-251203-Side-24h-750X-1.mp4,145,0.3333333333333333,0.75,5,centered moving average on extracted normalized projected area,linear interpolation to regular 0.5 h grid after smoothing,0.0,5.0,0.0,24.8,"0,4,8,12,16,20,24"
03 standard viscosity,pH 4.5,15.666666666666666,1,3.3567027259641784,0.0,03-pH4.5T-亲水凝胶空白制剂-251203-Side-24h-750X-1.mp4,145,0.3333333333333333,0.75,5,centered moving average on extracted normalized projected area,linear interpolation to regular 0.5 h grid after smoothing,0.0,5.0,0.0,24.8,"0,4,8,12,16,20,24"
03 standard viscosity,pH 4.5,16.0,1,3.338792087729451,0.0,03-pH4.5T-亲水凝胶空白制剂-251203-Side-24h-750X-1.mp4,145,0.3333333333333333,0.75,5,centered moving average on extracted normalized projected area,linear interpolation to regular 0.5 h grid after smoothing,0.0,5.0,0.0,24.8,"0,4,8,12,16,20,24"
03 standard viscosity,pH 4.5,16.333333333333332,1,3.3207998338007685,0.0,03-pH4.5T-亲水凝胶空白制剂-251203-Side-24h-750X-1.mp4,145,0.3333333333333333,0.75,5,centered moving average on extracted normalized projected area,linear interpolation to regular 0.5 h grid after smoothing,0.0,5.0,0.0,24.8,"0,4,8,12,16,20,24"
03 standard viscosity,pH 4.5,16.666666666666664,1,3.3015964029737788,0.0,03-pH4.5T-亲水凝胶空白制剂-251203-Side-24h-750X-1.mp4,145,0.3333333333333333,0.75,5,centered moving average on extracted normalized projected area,linear interpolation to regular 0.5 h grid after smoothing,0.0,5.0,0.0,24.8,"0,4,8,12,16,20,24"
03 standard viscosity,pH 4.5,17.0,1,3.2806713261808307,0.0,03-pH4.5T-亲水凝胶空白制剂-251203-Side-24h-750X-1.mp4,145,0.3333333333333333,0.75,5,centered moving average on extracted normalized projected area,linear interpolation to regular 0.5 h grid after smoothing,0.0,5.0,0.0,24.8,"0,4,8,12,16,20,24"
03 standard viscosity,pH 4.5,17.333333333333332,1,3.2586917746219712,0.0,03-pH4.5T-亲水凝胶空白制剂-251203-Side-24h-750X-1.mp4,145,0.3333333333333333,0.75,5,centered moving average on extracted normalized projected area,linear interpolation to regular 0.5 h grid after smoothing,0.0,5.0,0.0,24.8,"0,4,8,12,16,20,24"
03 standard viscosity,pH 4.5,17.666666666666664,1,3.236058407158439,0.0,03-pH4.5T-亲水凝胶空白制剂-251203-Side-24h-750X-1.mp4,145,0.3333333333333333,0.75,5,centered moving average on extracted normalized projected area,linear interpolation to regular 0.5 h grid after smoothing,0.0,5.0,0.0,24.8,"0,4,8,12,16,20,24"
03 standard viscosity,pH 4.5,18.0,1,3.215615901705026,0.0,03-pH4.5T-亲水凝胶空白制剂-251203-Side-24h-750X-1.mp4,145,0.3333333333333333,0.75,5,centered moving average on extracted normalized projected area,linear interpolation to regular 0.5 h grid after smoothing,0.0,5.0,0.0,24.8,"0,4,8,12,16,20,24"
03 standard viscosity,pH 4.5,18.333333333333332,1,3.1916155455638155,0.0,03-pH4.5T-亲水凝胶空白制剂-251203-Side-24h-750X-1.mp4,145,0.3333333333333333,0.75,5,centered moving average on extracted normalized projected area,linear interpolation to regular 0.5 h grid after smoothing,0.0,5.0,0.0,24.8,"0,4,8,12,16,20,24"
03 standard viscosity,pH 4.5,18.666666666666664,1,3.1696873376960637,0.0,03-pH4.5T-亲水凝胶空白制剂-251203-Side-24h-750X-1.mp4,145,0.3333333333333333,0.75,5,centered moving average on extracted normalized projected area,linear interpolation to regular 0.5 h grid after smoothing,0.0,5.0,0.0,24.8,"0,4,8,12,16,20,24"
03 standard viscosity,pH 4.5,19.0,1,3.1482025256347477,0.0,03-pH4.5T-亲水凝胶空白制剂-251203-Side-24h-750X-1.mp4,145,0.3333333333333333,0.75,5,centered moving average on extracted normalized projected area,linear interpolation to regular 0.5 h grid after smoothing,0.0,5.0,0.0,24.8,"0,4,8,12,16,20,24"
03 standard viscosity,pH 4.5,19.333333333333332,1,3.1181198711955953,0.0,03-pH4.5T-亲水凝胶空白制剂-251203-Side-24h-750X-1.mp4,145,0.3333333333333333,0.75,5,centered moving average on extracted normalized projected area,linear interpolation to regular 0.5 h grid after smoothing,0.0,5.0,0.0,24.8,"0,4,8,12,16,20,24"
03 standard viscosity,pH 4.5,19.666666666666664,1,3.0793411387615195,0.0,03-pH4.5T-亲水凝胶空白制剂-251203-Side-24h-750X-1.mp4,145,0.3333333333333333,0.75,5,centered moving average on extracted normalized projected area,linear interpolation to regular 0.5 h grid after smoothing,0.0,5.0,0.0,24.8,"0,4,8,12,16,20,24"
03 standard viscosity,pH 4.5,20.0,1,3.0453257950110553,0.0,03-pH4.5T-亲水凝胶空白制剂-251203-Side-24h-750X-1.mp4,145,0.3333333333333333,0.75,5,centered moving average on extracted normalized projected area,linear interpolation to regular 0.5 h grid after smoothing,0.0,5.0,0.0,24.8,"0,4,8,12,16,20,24"
03 standard viscosity,pH 4.5,20.333333333333332,1,3.021054474765911,0.0,03-pH4.5T-亲水凝胶空白制剂-251203-Side-24h-750X-1.mp4,145,0.3333333333333333,0.75,5,centered moving average on extracted normalized projected area,linear interpolation to regular 0.5 h grid after smoothing,0.0,5.0,0.0,24.8,"0,4,8,12,16,20,24"
03 standard viscosity,pH 4.5,20.666666666666664,1,3.0249272136402086,0.0,03-pH4.5T-亲水凝胶空白制剂-251203-Side-24h-750X-1.mp4,145,0.3333333333333333,0.75,5,centered moving average on extracted normalized projected area,linear interpolation to regular 0.5 h grid after smoothing,0.0,5.0,0.0,24.8,"0,4,8,12,16,20,24"
03 standard viscosity,pH 4.5,21.0,1,3.019200759767915,0.0,03-pH4.5T-亲水凝胶空白制剂-251203-Side-24h-750X-1.mp4,145,0.3333333333333333,0.75,5,centered moving average on extracted normalized projected area,linear interpolation to regular 0.5 h grid after smoothing,0.0,5.0,0.0,24.8,"0,4,8,12,16,20,24"
03 standard viscosity,pH 4.5,21.333333333333332,1,2.98088441733814,0.0,03-pH4.5T-亲水凝胶空白制剂-251203-Side-24h-750X-1.mp4,145,0.3333333333333333,0.75,5,centered moving average on extracted normalized projected area,linear interpolation to regular 0.5 h grid after smoothing,0.0,5.0,0.0,24.8,"0,4,8,12,16,20,24"
03 standard viscosity,pH 4.5,21.666666666666664,1,2.9107385478342174,0.0,03-pH4.5T-亲水凝胶空白制剂-251203-Side-24h-750X-1.mp4,145,0.3333333333333333,0.75,5,centered moving average on extracted normalized projected area,linear interpolation to regular 0.5 h grid after smoothing,0.0,5.0,0.0,24.8,"0,4,8,12,16,20,24"
03 standard viscosity,pH 4.5,22.0,1,2.844008666102776,0.0,03-pH4.5T-亲水凝胶空白制剂-251203-Side-24h-750X-1.mp4,145,0.3333333333333333,0.75,5,centered moving average on extracted normalized projected area,linear interpolation to regular 0.5 h grid after smoothing,0.0,5.0,0.0,24.8,"0,4,8,12,16,20,24"
03 standard viscosity,pH 4.5,22.333333333333332,1,2.803433794832984,0.0,03-pH4.5T-亲水凝胶空白制剂-251203-Side-24h-750X-1.mp4,145,0.3333333333333333,0.75,5,centered moving average on extracted normalized projected area,linear interpolation to regular 0.5 h grid after smoothing,0.0,5.0,0.0,24.8,"0,4,8,12,16,20,24"
03 standard viscosity,pH 4.5,22.666666666666664,1,2.7821279437296886,0.0,03-pH4.5T-亲水凝胶空白制剂-251203-Side-24h-750X-1.mp4,145,0.3333333333333333,0.75,5,centered moving average on extracted normalized projected area,linear interpolation to regular 0.5 h grid after smoothing,0.0,5.0,0.0,24.8,"0,4,8,12,16,20,24"
03 standard viscosity,pH 4.5,23.0,1,2.7655353247562657,0.0,03-pH4.5T-亲水凝胶空白制剂-251203-Side-24h-750X-1.mp4,145,0.3333333333333333,0.75,5,centered moving average on extracted normalized projected area,linear interpolation to regular 0.5 h grid after smoothing,0.0,5.0,0.0,24.8,"0,4,8,12,16,20,24"
03 standard viscosity,pH 4.5,23.333333333333332,1,2.7818537149979967,0.0,03-pH4.5T-亲水凝胶空白制剂-251203-Side-24h-750X-1.mp4,145,0.3333333333333333,0.75,5,centered moving average on extracted normalized projected area,linear interpolation to regular 0.5 h grid after smoothing,0.0,5.0,0.0,24.8,"0,4,8,12,16,20,24"
03 standard viscosity,pH 4.5,23.666666666666664,1,2.7700120197658378,0.0,03-pH4.5T-亲水凝胶空白制剂-251203-Side-24h-750X-1.mp4,145,0.3333333333333333,0.75,5,centered moving average on extracted normalized projected area,linear interpolation to regular 0.5 h grid after smoothing,0.0,5.0,0.0,24.8,"0,4,8,12,16,20,24"
03 standard viscosity,pH 4.5,24.0,1,2.768994445186405,0.0,03-pH4.5T-亲水凝胶空白制剂-251203-Side-24h-750X-1.mp4,145,0.3333333333333333,0.75,5,centered moving average on extracted normalized projected area,linear interpolation to regular 0.5 h grid after smoothing,0.0,5.0,0.0,24.8,"0,4,8,12,16,20,24"
03 standard viscosity,pH 6.8,0.0,1,1.2150179416916222,0.0,03-pH6.8T-亲水凝胶空白制剂-251203-Side-24h-750X-1.mp4,145,0.3333333333333333,0.75,5,centered moving average on extracted normalized projected area,linear interpolation to regular 0.5 h grid after smoothing,0.0,5.0,0.0,24.8,"0,4,8,12,16,20,24"
03 standard viscosity,pH 6.8,0.3333333333333333,1,1.343467283663308,0.0,03-pH6.8T-亲水凝胶空白制剂-251203-Side-24h-750X-1.mp4,145,0.3333333333333333,0.75,5,centered moving average on extracted normalized projected area,linear interpolation to regular 0.5 h grid after smoothing,0.0,5.0,0.0,24.8,"0,4,8,12,16,20,24"
03 standard viscosity,pH 6.8,0.6666666666666666,1,1.5572874496956672,0.0,03-pH6.8T-亲水凝胶空白制剂-251203-Side-24h-750X-1.mp4,145,0.3333333333333333,0.75,5,centered moving average on extracted normalized projected area,linear interpolation to regular 0.5 h grid after smoothing,0.0,5.0,0.0,24.8,"0,4,8,12,16,20,24"
03 standard viscosity,pH 6.8,1.0,1,1.6668412695324484,0.0,03-pH6.8T-亲水凝胶空白制剂-251203-Side-24h-750X-1.mp4,145,0.3333333333333333,0.75,5,centered moving average on extracted normalized projected area,linear interpolation to regular 0.5 h grid after smoothing,0.0,5.0,0.0,24.8,"0,4,8,12,16,20,24"
03 standard viscosity,pH 6.8,1.3333333333333333,1,1.7547525154037142,0.0,03-pH6.8T-亲水凝胶空白制剂-251203-Side-24h-750X-1.mp4,145,0.3333333333333333,0.75,5,centered moving average on extracted normalized projected area,linear interpolation to regular 0.5 h grid after smoothing,0.0,5.0,0.0,24.8,"0,4,8,12,16,20,24"
03 standard viscosity,pH 6.8,1.6666666666666665,1,1.8444737444682069,0.0,03-pH6.8T-亲水凝胶空白制剂-251203-Side-24h-750X-1.mp4,145,0.3333333333333333,0.75,5,centered moving average on extracted normalized projected area,linear interpolation to regular 0.5 h grid after smoothing,0.0,5.0,0.0,24.8,"0,4,8,12,16,20,24"
03 standard viscosity,pH 6.8,2.0,1,1.9382172249219152,0.0,03-pH6.8T-亲水凝胶空白制剂-251203-Side-24h-750X-1.mp4,145,0.3333333333333333,0.75,5,centered moving average on extracted normalized projected area,linear interpolation to regular 0.5 h grid after smoothing,0.0,5.0,0.0,24.8,"0,4,8,12,16,20,24"
03 standard viscosity,pH 6.8,2.333333333333333,1,2.012346916937426,0.0,03-pH6.8T-亲水凝胶空白制剂-251203-Side-24h-750X-1.mp4,145,0.3333333333333333,0.75,5,centered moving average on extracted normalized projected area,linear interpolation to regular 0.5 h grid after smoothing,0.0,5.0,0.0,24.8,"0,4,8,12,16,20,24"
03 standard viscosity,pH 6.8,2.6666666666666665,1,2.088988196347408,0.0,03-pH6.8T-亲水凝胶空白制剂-251203-Side-24h-750X-1.mp4,145,0.3333333333333333,0.75,5,centered moving average on extracted normalized projected area,linear interpolation to regular 0.5 h grid after smoothing,0.0,5.0,0.0,24.8,"0,4,8,12,16,20,24"
03 standard viscosity,pH 6.8,3.0,1,2.1615350884413402,0.0,03-pH6.8T-亲水凝胶空白制剂-251203-Side-24h-750X-1.mp4,145,0.3333333333333333,0.75,5,centered moving average on extracted normalized projected area,linear interpolation to regular 0.5 h grid after smoothing,0.0,5.0,0.0,24.8,"0,4,8,12,16,20,24"
03 standard viscosity,pH 6.8,3.333333333333333,1,2.2268665919366404,0.0,03-pH6.8T-亲水凝胶空白制剂-251203-Side-24h-750X-1.mp4,145,0.3333333333333333,0.75,5,centered moving average on extracted normalized projected area,linear interpolation to regular 0.5 h grid after smoothing,0.0,5.0,0.0,24.8,"0,4,8,12,16,20,24"
03 standard viscosity,pH 6.8,3.6666666666666665,1,2.28583666450658,0.0,03-pH6.8T-亲水凝胶空白制剂-251203-Side-24h-750X-1.mp4,145,0.3333333333333333,0.75,5,centered moving average on extracted normalized projected area,linear interpolation to regular 0.5 h grid after smoothing,0.0,5.0,0.0,24.8,"0,4,8,12,16,20,24"
03 standard viscosity,pH 6.8,4.0,1,2.374200481005952,0.0,03-pH6.8T-亲水凝胶空白制剂-251203-Side-24h-750X-1.mp4,145,0.3333333333333333,0.75,5,centered moving average on extracted normalized projected area,linear interpolation to regular 0.5 h grid after smoothing,0.0,5.0,0.0,24.8,"0,4,8,12,16,20,24"
03 standard viscosity,pH 6.8,4.333333333333333,1,2.4569819944536153,0.0,03-pH6.8T-亲水凝胶空白制剂-251203-Side-24h-750X-1.mp4,145,0.3333333333333333,0.75,5,centered moving average on extracted normalized projected area,linear interpolation to regular 0.5 h grid after smoothing,0.0,5.0,0.0,24.8,"0,4,8,12,16,20,24"
03 standard viscosity,pH 6.8,4.666666666666666,1,2.5401352623457942,0.0,03-pH6.8T-亲水凝胶空白制剂-251203-Side-24h-750X-1.mp4,145,0.3333333333333333,0.75,5,centered moving average on extracted normalized projected area,linear interpolation to regular 0.5 h grid after smoothing,0.0,5.0,0.0,24.8,"0,4,8,12,16,20,24"
03 standard viscosity,pH 6.8,5.0,1,2.5161454272257755,0.0,03-pH6.8T-亲水凝胶空白制剂-251203-Side-24h-750X-1.mp4,145,0.3333333333333333,0.75,5,centered moving average on extracted normalized projected area,linear interpolation to regular 0.5 h grid after smoothing,0.0,5.0,0.0,24.8,"0,4,8,12,16,20,24"
03 standard viscosity,pH 6.8,5.333333333333333,1,2.563747356637329,0.0,03-pH6.8T-亲水凝胶空白制剂-251203-Side-24h-750X-1.mp4,145,0.3333333333333333,0.75,5,centered moving average on extracted normalized projected area,linear interpolation to regular 0.5 h grid after smoothing,0.0,5.0,0.0,24.8,"0,4,8,12,16,20,24"
03 standard viscosity,pH 6.8,5.666666666666666,1,2.613625608553345,0.0,03-pH6.8T-亲水凝胶空白制剂-251203-Side-24h-750X-1.mp4,145,0.3333333333333333,0.75,5,centered moving average on extracted normalized projected area,linear interpolation to regular 0.5 h grid after smoothing,0.0,5.0,0.0,24.8,"0,4,8,12,16,20,24"
03 standard viscosity,pH 6.8,6.0,1,2.7338070558514658,0.0,03-pH6.8T-亲水凝胶空白制剂-251203-Side-24h-750X-1.mp4,145,0.3333333333333333,0.75,5,centered moving average on extracted normalized projected area,linear interpolation to regular 0.5 h grid after smoothing,0.0,5.0,0.0,24.8,"0,4,8,12,16,20,24"
03 standard viscosity,pH 6.8,6.333333333333333,1,2.8137749688333886,0.0,03-pH6.8T-亲水凝胶空白制剂-251203-Side-24h-750X-1.mp4,145,0.3333333333333333,0.75,5,centered moving average on extracted normalized projected area,linear interpolation to regular 0.5 h grid after smoothing,0.0,5.0,0.0,24.8,"0,4,8,12,16,20,24"
03 standard viscosity,pH 6.8,6.666666666666666,1,2.849184729333132,0.0,03-pH6.8T-亲水凝胶空白制剂-251203-Side-24h-750X-1.mp4,145,0.3333333333333333,0.75,5,centered moving average on extracted normalized projected area,linear interpolation to regular 0.5 h grid after smoothing,0.0,5.0,0.0,24.8,"0,4,8,12,16,20,24"
03 standard viscosity,pH 6.8,7.0,1,2.8807509320051543,0.0,03-pH6.8T-亲水凝胶空白制剂-251203-Side-24h-750X-1.mp4,145,0.3333333333333333,0.75,5,centered moving average on extracted normalized projected area,linear interpolation to regular 0.5 h grid after smoothing,0.0,5.0,0.0,24.8,"0,4,8,12,16,20,24"
03 standard viscosity,pH 6.8,7.333333333333333,1,2.927733270675848,0.0,03-pH6.8T-亲水凝胶空白制剂-251203-Side-24h-750X-1.mp4,145,0.3333333333333333,0.75,5,centered moving average on extracted normalized projected area,linear interpolation to regular 0.5 h grid after smoothing,0.0,5.0,0.0,24.8,"0,4,8,12,16,20,24"
03 standard viscosity,pH 6.8,7.666666666666666,1,2.9639487984579076,0.0,03-pH6.8T-亲水凝胶空白制剂-251203-Side-24h-750X-1.mp4,145,0.3333333333333333,0.75,5,centered moving average on extracted normalized projected area,linear interpolation to regular 0.5 h grid after smoothing,0.0,5.0,0.0,24.8,"0,4,8,12,16,20,24"
03 standard viscosity,pH 6.8,8.0,1,3.038272449314035,0.0,03-pH6.8T-亲水凝胶空白制剂-251203-Side-24h-750X-1.mp4,145,0.3333333333333333,0.75,5,centered moving average on extracted normalized projected area,linear interpolation to regular 0.5 h grid after smoothing,0.0,5.0,0.0,24.8,"0,4,8,12,16,20,24"
03 standard viscosity,pH 6.8,8.333333333333332,1,3.077205496099123,0.0,03-pH6.8T-亲水凝胶空白制剂-251203-Side-24h-750X-1.mp4,145,0.3333333333333333,0.75,5,centered moving average on extracted normalized projected area,linear interpolation to regular 0.5 h grid after smoothing,0.0,5.0,0.0,24.8,"0,4,8,12,16,20,24"
03 standard viscosity,pH 6.8,8.666666666666666,1,3.1233650062931866,0.0,03-pH6.8T-亲水凝胶空白制剂-251203-Side-24h-750X-1.mp4,145,0.3333333333333333,0.75,5,centered moving average on extracted normalized projected area,linear interpolation to regular 0.5 h grid after smoothing,0.0,5.0,0.0,24.8,"0,4,8,12,16,20,24"
03 standard viscosity,pH 6.8,9.0,1,3.1639206624532497,0.0,03-pH6.8T-亲水凝胶空白制剂-251203-Side-24h-750X-1.mp4,145,0.3333333333333333,0.75,5,centered moving average on extracted normalized projected area,linear interpolation to regular 0.5 h grid after smoothing,0.0,5.0,0.0,24.8,"0,4,8,12,16,20,24"
03 standard viscosity,pH 6.8,9.333333333333332,1,3.206723906474723,0.0,03-pH6.8T-亲水凝胶空白制剂-251203-Side-24h-750X-1.mp4,145,0.3333333333333333,0.75,5,centered moving average on extracted normalized projected area,linear interpolation to regular 0.5 h grid after smoothing,0.0,5.0,0.0,24.8,"0,4,8,12,16,20,24"
03 standard viscosity,pH 6.8,9.666666666666666,1,3.226523871454377,0.0,03-pH6.8T-亲水凝胶空白制剂-251203-Side-24h-750X-1.mp4,145,0.3333333333333333,0.75,5,centered moving average on extracted normalized projected area,linear interpolation to regular 0.5 h grid after smoothing,0.0,5.0,0.0,24.8,"0,4,8,12,16,20,24"
03 standard viscosity,pH 6.8,10.0,1,3.2603322742422356,0.0,03-pH6.8T-亲水凝胶空白制剂-251203-Side-24h-750X-1.mp4,145,0.3333333333333333,0.75,5,centered moving average on extracted normalized projected area,linear interpolation to regular 0.5 h grid after smoothing,0.0,5.0,0.0,24.8,"0,4,8,12,16,20,24"
03 standard viscosity,pH 6.8,10.333333333333332,1,3.2955807016939973,0.0,03-pH6.8T-亲水凝胶空白制剂-251203-Side-24h-750X-1.mp4,145,0.3333333333333333,0.75,5,centered moving average on extracted normalized projected area,linear interpolation to regular 0.5 h grid after smoothing,0.0,5.0,0.0,24.8,"0,4,8,12,16,20,24"
03 standard viscosity,pH 6.8,10.666666666666666,1,3.3429701144746273,0.0,03-pH6.8T-亲水凝胶空白制剂-251203-Side-24h-750X-1.mp4,145,0.3333333333333333,0.75,5,centered moving average on extracted normalized projected area,linear interpolation to regular 0.5 h grid after smoothing,0.0,5.0,0.0,24.8,"0,4,8,12,16,20,24"
03 standard viscosity,pH 6.8,11.0,1,3.3401047317875494,0.0,03-pH6.8T-亲水凝胶空白制剂-251203-Side-24h-750X-1.mp4,145,0.3333333333333333,0.75,5,centered moving average on extracted normalized projected area,linear interpolation to regular 0.5 h grid after smoothing,0.0,5.0,0.0,24.8,"0,4,8,12,16,20,24"
03 standard viscosity,pH 6.8,11.333333333333332,1,3.3309677139346556,0.0,03-pH6.8T-亲水凝胶空白制剂-251203-Side-24h-750X-1.mp4,145,0.3333333333333333,0.75,5,centered moving average on extracted normalized projected area,linear interpolation to regular 0.5 h grid after smoothing,0.0,5.0,0.0,24.8,"0,4,8,12,16,20,24"
03 standard viscosity,pH 6.8,11.666666666666666,1,3.3216888187816815,0.0,03-pH6.8T-亲水凝胶空白制剂-251203-Side-24h-750X-1.mp4,145,0.3333333333333333,0.75,5,centered moving average on extracted normalized projected area,linear interpolation to regular 0.5 h grid after smoothing,0.0,5.0,0.0,24.8,"0,4,8,12,16,20,24"
03 standard viscosity,pH 6.8,12.0,1,3.3134153368164108,0.0,03-pH6.8T-亲水凝胶空白制剂-251203-Side-24h-750X-1.mp4,145,0.3333333333333333,0.75,5,centered moving average on extracted normalized projected area,linear interpolation to regular 0.5 h grid after smoothing,0.0,5.0,0.0,24.8,"0,4,8,12,16,20,24"
03 standard viscosity,pH 6.8,12.333333333333332,1,3.3147161780530183,0.0,03-pH6.8T-亲水凝胶空白制剂-251203-Side-24h-750X-1.mp4,145,0.3333333333333333,0.75,5,centered moving average on extracted normalized projected area,linear interpolation to regular 0.5 h grid after smoothing,0.0,5.0,0.0,24.8,"0,4,8,12,16,20,24"
03 standard viscosity,pH 6.8,12.666666666666666,1,3.3262848650743884,0.0,03-pH6.8T-亲水凝胶空白制剂-251203-Side-24h-750X-1.mp4,145,0.3333333333333333,0.75,5,centered moving average on extracted normalized projected area,linear interpolation to regular 0.5 h grid after smoothing,0.0,5.0,0.0,24.8,"0,4,8,12,16,20,24"
03 standard viscosity,pH 6.8,13.0,1,3.3334008796991244,0.0,03-pH6.8T-亲水凝胶空白制剂-251203-Side-24h-750X-1.mp4,145,0.3333333333333333,0.75,5,centered moving average on extracted normalized projected area,linear interpolation to regular 0.5 h grid after smoothing,0.0,5.0,0.0,24.8,"0,4,8,12,16,20,24"
03 standard viscosity,pH 6.8,13.333333333333332,1,3.33425603464919,0.0,03-pH6.8T-亲水凝胶空白制剂-251203-Side-24h-750X-1.mp4,145,0.3333333333333333,0.75,5,centered moving average on extracted normalized projected area,linear interpolation to regular 0.5 h grid after smoothing,0.0,5.0,0.0,24.8,"0,4,8,12,16,20,24"
03 standard viscosity,pH 6.8,13.666666666666666,1,3.3429731076666123,0.0,03-pH6.8T-亲水凝胶空白制剂-251203-Side-24h-750X-1.mp4,145,0.3333333333333333,0.75,5,centered moving average on extracted normalized projected area,linear interpolation to regular 0.5 h grid after smoothing,0.0,5.0,0.0,24.8,"0,4,8,12,16,20,24"
03 standard viscosity,pH 6.8,14.0,1,3.3493064025873154,0.0,03-pH6.8T-亲水凝胶空白制剂-251203-Side-24h-750X-1.mp4,145,0.3333333333333333,0.75,5,centered moving average on extracted normalized projected area,linear interpolation to regular 0.5 h grid after smoothing,0.0,5.0,0.0,24.8,"0,4,8,12,16,20,24"
03 standard viscosity,pH 6.8,14.333333333333332,1,3.336054344393676,0.0,03-pH6.8T-亲水凝胶空白制剂-251203-Side-24h-750X-1.mp4,145,0.3333333333333333,0.75,5,centered moving average on extracted normalized projected area,linear interpolation to regular 0.5 h grid after smoothing,0.0,5.0,0.0,24.8,"0,4,8,12,16,20,24"
03 standard viscosity,pH 6.8,14.666666666666666,1,3.3032031644025666,0.0,03-pH6.8T-亲水凝胶空白制剂-251203-Side-24h-750X-1.mp4,145,0.3333333333333333,0.75,5,centered moving average on extracted normalized projected area,linear interpolation to regular 0.5 h grid after smoothing,0.0,5.0,0.0,24.8,"0,4,8,12,16,20,24"
03 standard viscosity,pH 6.8,15.0,1,3.274671759083964,0.0,03-pH6.8T-亲水凝胶空白制剂-251203-Side-24h-750X-1.mp4,145,0.3333333333333333,0.75,5,centered moving average on extracted normalized projected area,linear interpolation to regular 0.5 h grid after smoothing,0.0,5.0,0.0,24.8,"0,4,8,12,16,20,24"
03 standard viscosity,pH 6.8,15.333333333333332,1,3.2728309460132925,0.0,03-pH6.8T-亲水凝胶空白制剂-251203-Side-24h-750X-1.mp4,145,0.3333333333333333,0.75,5,centered moving average on extracted normalized projected area,linear interpolation to regular 0.5 h grid after smoothing,0.0,5.0,0.0,24.8,"0,4,8,12,16,20,24"
03 standard viscosity,pH 6.8,15.666666666666666,1,3.269230734693939,0.0,03-pH6.8T-亲水凝胶空白制剂-251203-Side-24h-750X-1.mp4,145,0.3333333333333333,0.75,5,centered moving average on extracted normalized projected area,linear interpolation to regular 0.5 h grid after smoothing,0.0,5.0,0.0,24.8,"0,4,8,12,16,20,24"
03 standard viscosity,pH 6.8,16.0,1,3.2628926506660596,0.0,03-pH6.8T-亲水凝胶空白制剂-251203-Side-24h-750X-1.mp4,145,0.3333333333333333,0.75,5,centered moving average on extracted normalized projected area,linear interpolation to regular 0.5 h grid after smoothing,0.0,5.0,0.0,24.8,"0,4,8,12,16,20,24"
03 standard viscosity,pH 6.8,16.333333333333332,1,3.2577120339787156,0.0,03-pH6.8T-亲水凝胶空白制剂-251203-Side-24h-750X-1.mp4,145,0.3333333333333333,0.75,5,centered moving average on extracted normalized projected area,linear interpolation to regular 0.5 h grid after smoothing,0.0,5.0,0.0,24.8,"0,4,8,12,16,20,24"
03 standard viscosity,pH 6.8,16.666666666666664,1,3.248337656001425,0.0,03-pH6.8T-亲水凝胶空白制剂-251203-Side-24h-750X-1.mp4,145,0.3333333333333333,0.75,5,centered moving average on extracted normalized projected area,linear interpolation to regular 0.5 h grid after smoothing,0.0,5.0,0.0,24.8,"0,4,8,12,16,20,24"
03 standard viscosity,pH 6.8,17.0,1,3.25107941985953,0.0,03-pH6.8T-亲水凝胶空白制剂-251203-Side-24h-750X-1.mp4,145,0.3333333333333333,0.75,5,centered moving average on extracted normalized projected area,linear interpolation to regular 0.5 h grid after smoothing,0.0,5.0,0.0,24.8,"0,4,8,12,16,20,24"
03 standard viscosity,pH 6.8,17.333333333333332,1,3.2505193936391676,0.0,03-pH6.8T-亲水凝胶空白制剂-251203-Side-24h-750X-1.mp4,145,0.3333333333333333,0.75,5,centered moving average on extracted normalized projected area,linear interpolation to regular 0.5 h grid after smoothing,0.0,5.0,0.0,24.8,"0,4,8,12,16,20,24"
03 standard viscosity,pH 6.8,17.666666666666664,1,3.2484627714263907,0.0,03-pH6.8T-亲水凝胶空白制剂-251203-Side-24h-750X-1.mp4,145,0.3333333333333333,0.75,5,centered moving average on extracted normalized projected area,linear interpolation to regular 0.5 h grid after smoothing,0.0,5.0,0.0,24.8,"0,4,8,12,16,20,24"
03 standard viscosity,pH 6.8,18.0,1,3.2599718939272626,0.0,03-pH6.8T-亲水凝胶空白制剂-251203-Side-24h-750X-1.mp4,145,0.3333333333333333,0.75,5,centered moving average on extracted normalized projected area,linear interpolation to regular 0.5 h grid after smoothing,0.0,5.0,0.0,24.8,"0,4,8,12,16,20,24"
03 standard viscosity,pH 6.8,18.333333333333332,1,3.2812992847767757,0.0,03-pH6.8T-亲水凝胶空白制剂-251203-Side-24h-750X-1.mp4,145,0.3333333333333333,0.75,5,centered moving average on extracted normalized projected area,linear interpolation to regular 0.5 h grid after smoothing,0.0,5.0,0.0,24.8,"0,4,8,12,16,20,24"
03 standard viscosity,pH 6.8,18.666666666666664,1,3.2924345575987415,0.0,03-pH6.8T-亲水凝胶空白制剂-251203-Side-24h-750X-1.mp4,145,0.3333333333333333,0.75,5,centered moving average on extracted normalized projected area,linear interpolation to regular 0.5 h grid after smoothing,0.0,5.0,0.0,24.8,"0,4,8,12,16,20,24"
03 standard viscosity,pH 6.8,19.0,1,3.301773316591413,0.0,03-pH6.8T-亲水凝胶空白制剂-251203-Side-24h-750X-1.mp4,145,0.3333333333333333,0.75,5,centered moving average on extracted normalized projected area,linear interpolation to regular 0.5 h grid after smoothing,0.0,5.0,0.0,24.8,"0,4,8,12,16,20,24"
03 standard viscosity,pH 6.8,19.333333333333332,1,3.2971335696957267,0.0,03-pH6.8T-亲水凝胶空白制剂-251203-Side-24h-750X-1.mp4,145,0.3333333333333333,0.75,5,centered moving average on extracted normalized projected area,linear interpolation to regular 0.5 h grid after smoothing,0.0,5.0,0.0,24.8,"0,4,8,12,16,20,24"
03 standard viscosity,pH 6.8,19.666666666666664,1,3.2910948048663315,0.0,03-pH6.8T-亲水凝胶空白制剂-251203-Side-24h-750X-1.mp4,145,0.3333333333333333,0.75,5,centered moving average on extracted normalized projected area,linear interpolation to regular 0.5 h grid after smoothing,0.0,5.0,0.0,24.8,"0,4,8,12,16,20,24"
03 standard viscosity,pH 6.8,20.0,1,3.287325478199835,0.0,03-pH6.8T-亲水凝胶空白制剂-251203-Side-24h-750X-1.mp4,145,0.3333333333333333,0.75,5,centered moving average on extracted normalized projected area,linear interpolation to regular 0.5 h grid after smoothing,0.0,5.0,0.0,24.8,"0,4,8,12,16,20,24"
03 standard viscosity,pH 6.8,20.333333333333332,1,3.287009696445435,0.0,03-pH6.8T-亲水凝胶空白制剂-251203-Side-24h-750X-1.mp4,145,0.3333333333333333,0.75,5,centered moving average on extracted normalized projected area,linear interpolation to regular 0.5 h grid after smoothing,0.0,5.0,0.0,24.8,"0,4,8,12,16,20,24"
03 standard viscosity,pH 6.8,20.666666666666664,1,3.2819766441229428,0.0,03-pH6.8T-亲水凝胶空白制剂-251203-Side-24h-750X-1.mp4,145,0.3333333333333333,0.75,5,centered moving average on extracted normalized projected area,linear interpolation to regular 0.5 h grid after smoothing,0.0,5.0,0.0,24.8,"0,4,8,12,16,20,24"
03 standard viscosity,pH 6.8,21.0,1,3.267891281280727,0.0,03-pH6.8T-亲水凝胶空白制剂-251203-Side-24h-750X-1.mp4,145,0.3333333333333333,0.75,5,centered moving average on extracted normalized projected area,linear interpolation to regular 0.5 h grid after smoothing,0.0,5.0,0.0,24.8,"0,4,8,12,16,20,24"
03 standard viscosity,pH 6.8,21.333333333333332,1,3.2570511371884647,0.0,03-pH6.8T-亲水凝胶空白制剂-251203-Side-24h-750X-1.mp4,145,0.3333333333333333,0.75,5,centered moving average on extracted normalized projected area,linear interpolation to regular 0.5 h grid after smoothing,0.0,5.0,0.0,24.8,"0,4,8,12,16,20,24"
03 standard viscosity,pH 6.8,21.666666666666664,1,3.276294967097337,0.0,03-pH6.8T-亲水凝胶空白制剂-251203-Side-24h-750X-1.mp4,145,0.3333333333333333,0.75,5,centered moving average on extracted normalized projected area,linear interpolation to regular 0.5 h grid after smoothing,0.0,5.0,0.0,24.8,"0,4,8,12,16,20,24"
03 standard viscosity,pH 6.8,22.0,1,3.3052412288250372,0.0,03-pH6.8T-亲水凝胶空白制剂-251203-Side-24h-750X-1.mp4,145,0.3333333333333333,0.75,5,centered moving average on extracted normalized projected area,linear interpolation to regular 0.5 h grid after smoothing,0.0,5.0,0.0,24.8,"0,4,8,12,16,20,24"
03 standard viscosity,pH 6.8,22.333333333333332,1,3.300921753471729,0.0,03-pH6.8T-亲水凝胶空白制剂-251203-Side-24h-750X-1.mp4,145,0.3333333333333333,0.75,5,centered moving average on extracted normalized projected area,linear interpolation to regular 0.5 h grid after smoothing,0.0,5.0,0.0,24.8,"0,4,8,12,16,20,24"
03 standard viscosity,pH 6.8,22.666666666666664,1,3.296499312314141,0.0,03-pH6.8T-亲水凝胶空白制剂-251203-Side-24h-750X-1.mp4,145,0.3333333333333333,0.75,5,centered moving average on extracted normalized projected area,linear interpolation to regular 0.5 h grid after smoothing,0.0,5.0,0.0,24.8,"0,4,8,12,16,20,24"
03 standard viscosity,pH 6.8,23.0,1,3.2903414184437496,0.0,03-pH6.8T-亲水凝胶空白制剂-251203-Side-24h-750X-1.mp4,145,0.3333333333333333,0.75,5,centered moving average on extracted normalized projected area,linear interpolation to regular 0.5 h grid after smoothing,0.0,5.0,0.0,24.8,"0,4,8,12,16,20,24"
03 standard viscosity,pH 6.8,23.333333333333332,1,3.2834301381507762,0.0,03-pH6.8T-亲水凝胶空白制剂-251203-Side-24h-750X-1.mp4,145,0.3333333333333333,0.75,5,centered moving average on extracted normalized projected area,linear interpolation to regular 0.5 h grid after smoothing,0.0,5.0,0.0,24.8,"0,4,8,12,16,20,24"
03 standard viscosity,pH 6.8,23.666666666666664,1,3.2781761882598035,0.0,03-pH6.8T-亲水凝胶空白制剂-251203-Side-24h-750X-1.mp4,145,0.3333333333333333,0.75,5,centered moving average on extracted normalized projected area,linear interpolation to regular 0.5 h grid after smoothing,0.0,5.0,0.0,24.8,"0,4,8,12,16,20,24"
03 standard viscosity,pH 6.8,24.0,1,3.273834164193542,0.0,03-pH6.8T-亲水凝胶空白制剂-251203-Side-24h-750X-1.mp4,145,0.3333333333333333,0.75,5,centered moving average on extracted normalized projected area,linear interpolation to regular 0.5 h grid after smoothing,0.0,5.0,0.0,24.8,"0,4,8,12,16,20,24"
