formulation_group_fig4,pH_condition_fig4,real_time_h,n_videos,mean_smoothed_normalized_projected_area,sd_smoothed_normalized_projected_area,source_videos,raw_points_in_trace,downsample_interval_h,smoothing_window_h,smoothing_window_points,smoothing_method,downsampling_method,y_axis_min,y_axis_max
01 high viscosity,pH 1.2,0.0,1,1.1358434087204716,0.0,01-pH1.2T-亲水凝胶空白制剂-251217-Side-24h-750X-2.mp4,145,0.5,0.5,3,centered moving average on extracted normalized projected area,linear interpolation to regular 0.5 h grid after smoothing,0.0,5.0
01 high viscosity,pH 1.2,0.5,1,1.4998665168497187,0.0,01-pH1.2T-亲水凝胶空白制剂-251217-Side-24h-750X-2.mp4,145,0.5,0.5,3,centered moving average on extracted normalized projected area,linear interpolation to regular 0.5 h grid after smoothing,0.0,5.0
01 high viscosity,pH 1.2,1.0,1,1.7774774201284693,0.0,01-pH1.2T-亲水凝胶空白制剂-251217-Side-24h-750X-2.mp4,145,0.5,0.5,3,centered moving average on extracted normalized projected area,linear interpolation to regular 0.5 h grid after smoothing,0.0,5.0
01 high viscosity,pH 1.2,1.5,1,1.9686326933544145,0.0,01-pH1.2T-亲水凝胶空白制剂-251217-Side-24h-750X-2.mp4,145,0.5,0.5,3,centered moving average on extracted normalized projected area,linear interpolation to regular 0.5 h grid after smoothing,0.0,5.0
01 high viscosity,pH 1.2,2.0,1,2.1036026633466123,0.0,01-pH1.2T-亲水凝胶空白制剂-251217-Side-24h-750X-2.mp4,145,0.5,0.5,3,centered moving average on extracted normalized projected area,linear interpolation to regular 0.5 h grid after smoothing,0.0,5.0
01 high viscosity,pH 1.2,2.5,1,2.244846588136136,0.0,01-pH1.2T-亲水凝胶空白制剂-251217-Side-24h-750X-2.mp4,145,0.5,0.5,3,centered moving average on extracted normalized projected area,linear interpolation to regular 0.5 h grid after smoothing,0.0,5.0
01 high viscosity,pH 1.2,3.0,1,2.3596193978404845,0.0,01-pH1.2T-亲水凝胶空白制剂-251217-Side-24h-750X-2.mp4,145,0.5,0.5,3,centered moving average on extracted normalized projected area,linear interpolation to regular 0.5 h grid after smoothing,0.0,5.0
01 high viscosity,pH 1.2,3.5,1,2.466472536273614,0.0,01-pH1.2T-亲水凝胶空白制剂-251217-Side-24h-750X-2.mp4,145,0.5,0.5,3,centered moving average on extracted normalized projected area,linear interpolation to regular 0.5 h grid after smoothing,0.0,5.0
01 high viscosity,pH 1.2,4.0,1,2.5999759187514466,0.0,01-pH1.2T-亲水凝胶空白制剂-251217-Side-24h-750X-2.mp4,145,0.5,0.5,3,centered moving average on extracted normalized projected area,linear interpolation to regular 0.5 h grid after smoothing,0.0,5.0
01 high viscosity,pH 1.2,4.5,1,2.695158534063863,0.0,01-pH1.2T-亲水凝胶空白制剂-251217-Side-24h-750X-2.mp4,145,0.5,0.5,3,centered moving average on extracted normalized projected area,linear interpolation to regular 0.5 h grid after smoothing,0.0,5.0
01 high viscosity,pH 1.2,5.0,1,2.7836403445789806,0.0,01-pH1.2T-亲水凝胶空白制剂-251217-Side-24h-750X-2.mp4,145,0.5,0.5,3,centered moving average on extracted normalized projected area,linear interpolation to regular 0.5 h grid after smoothing,0.0,5.0
01 high viscosity,pH 1.2,5.5,1,2.8709718807011,0.0,01-pH1.2T-亲水凝胶空白制剂-251217-Side-24h-750X-2.mp4,145,0.5,0.5,3,centered moving average on extracted normalized projected area,linear interpolation to regular 0.5 h grid after smoothing,0.0,5.0
01 high viscosity,pH 1.2,6.0,1,2.929152769368257,0.0,01-pH1.2T-亲水凝胶空白制剂-251217-Side-24h-750X-2.mp4,145,0.5,0.5,3,centered moving average on extracted normalized projected area,linear interpolation to regular 0.5 h grid after smoothing,0.0,5.0
01 high viscosity,pH 1.2,6.5,1,3.013754439363366,0.0,01-pH1.2T-亲水凝胶空白制剂-251217-Side-24h-750X-2.mp4,145,0.5,0.5,3,centered moving average on extracted normalized projected area,linear interpolation to regular 0.5 h grid after smoothing,0.0,5.0
01 high viscosity,pH 1.2,7.0,1,3.0928830534628386,0.0,01-pH1.2T-亲水凝胶空白制剂-251217-Side-24h-750X-2.mp4,145,0.5,0.5,3,centered moving average on extracted normalized projected area,linear interpolation to regular 0.5 h grid after smoothing,0.0,5.0
01 high viscosity,pH 1.2,7.5,1,3.135826630801397,0.0,01-pH1.2T-亲水凝胶空白制剂-251217-Side-24h-750X-2.mp4,145,0.5,0.5,3,centered moving average on extracted normalized projected area,linear interpolation to regular 0.5 h grid after smoothing,0.0,5.0
01 high viscosity,pH 1.2,8.0,1,3.207566545421528,0.0,01-pH1.2T-亲水凝胶空白制剂-251217-Side-24h-750X-2.mp4,145,0.5,0.5,3,centered moving average on extracted normalized projected area,linear interpolation to regular 0.5 h grid after smoothing,0.0,5.0
01 high viscosity,pH 1.2,8.5,1,3.2537571435691475,0.0,01-pH1.2T-亲水凝胶空白制剂-251217-Side-24h-750X-2.mp4,145,0.5,0.5,3,centered moving average on extracted normalized projected area,linear interpolation to regular 0.5 h grid after smoothing,0.0,5.0
01 high viscosity,pH 1.2,9.0,1,3.2993526190578404,0.0,01-pH1.2T-亲水凝胶空白制剂-251217-Side-24h-750X-2.mp4,145,0.5,0.5,3,centered moving average on extracted normalized projected area,linear interpolation to regular 0.5 h grid after smoothing,0.0,5.0
01 high viscosity,pH 1.2,9.5,1,3.3471450150088358,0.0,01-pH1.2T-亲水凝胶空白制剂-251217-Side-24h-750X-2.mp4,145,0.5,0.5,3,centered moving average on extracted normalized projected area,linear interpolation to regular 0.5 h grid after smoothing,0.0,5.0
01 high viscosity,pH 1.2,10.0,1,3.3640783765685502,0.0,01-pH1.2T-亲水凝胶空白制剂-251217-Side-24h-750X-2.mp4,145,0.5,0.5,3,centered moving average on extracted normalized projected area,linear interpolation to regular 0.5 h grid after smoothing,0.0,5.0
01 high viscosity,pH 1.2,10.5,1,3.391689896682561,0.0,01-pH1.2T-亲水凝胶空白制剂-251217-Side-24h-750X-2.mp4,145,0.5,0.5,3,centered moving average on extracted normalized projected area,linear interpolation to regular 0.5 h grid after smoothing,0.0,5.0
01 high viscosity,pH 1.2,11.0,1,3.395595204081179,0.0,01-pH1.2T-亲水凝胶空白制剂-251217-Side-24h-750X-2.mp4,145,0.5,0.5,3,centered moving average on extracted normalized projected area,linear interpolation to regular 0.5 h grid after smoothing,0.0,5.0
01 high viscosity,pH 1.2,11.5,1,3.4049548155835283,0.0,01-pH1.2T-亲水凝胶空白制剂-251217-Side-24h-750X-2.mp4,145,0.5,0.5,3,centered moving average on extracted normalized projected area,linear interpolation to regular 0.5 h grid after smoothing,0.0,5.0
01 high viscosity,pH 1.2,12.0,1,3.4075642754677706,0.0,01-pH1.2T-亲水凝胶空白制剂-251217-Side-24h-750X-2.mp4,145,0.5,0.5,3,centered moving average on extracted normalized projected area,linear interpolation to regular 0.5 h grid after smoothing,0.0,5.0
01 high viscosity,pH 1.2,12.5,1,3.4165029585886413,0.0,01-pH1.2T-亲水凝胶空白制剂-251217-Side-24h-750X-2.mp4,145,0.5,0.5,3,centered moving average on extracted normalized projected area,linear interpolation to regular 0.5 h grid after smoothing,0.0,5.0
01 high viscosity,pH 1.2,13.0,1,3.413448883848934,0.0,01-pH1.2T-亲水凝胶空白制剂-251217-Side-24h-750X-2.mp4,145,0.5,0.5,3,centered moving average on extracted normalized projected area,linear interpolation to regular 0.5 h grid after smoothing,0.0,5.0
01 high viscosity,pH 1.2,13.5,1,3.4078909514215088,0.0,01-pH1.2T-亲水凝胶空白制剂-251217-Side-24h-750X-2.mp4,145,0.5,0.5,3,centered moving average on extracted normalized projected area,linear interpolation to regular 0.5 h grid after smoothing,0.0,5.0
01 high viscosity,pH 1.2,14.0,1,3.401782801942094,0.0,01-pH1.2T-亲水凝胶空白制剂-251217-Side-24h-750X-2.mp4,145,0.5,0.5,3,centered moving average on extracted normalized projected area,linear interpolation to regular 0.5 h grid after smoothing,0.0,5.0
01 high viscosity,pH 1.2,14.5,1,3.3656347752967846,0.0,01-pH1.2T-亲水凝胶空白制剂-251217-Side-24h-750X-2.mp4,145,0.5,0.5,3,centered moving average on extracted normalized projected area,linear interpolation to regular 0.5 h grid after smoothing,0.0,5.0
01 high viscosity,pH 1.2,15.0,1,3.34045309263928,0.0,01-pH1.2T-亲水凝胶空白制剂-251217-Side-24h-750X-2.mp4,145,0.5,0.5,3,centered moving average on extracted normalized projected area,linear interpolation to regular 0.5 h grid after smoothing,0.0,5.0
01 high viscosity,pH 1.2,15.5,1,3.3171845862244402,0.0,01-pH1.2T-亲水凝胶空白制剂-251217-Side-24h-750X-2.mp4,145,0.5,0.5,3,centered moving average on extracted normalized projected area,linear interpolation to regular 0.5 h grid after smoothing,0.0,5.0
01 high viscosity,pH 1.2,16.0,1,3.275884258018735,0.0,01-pH1.2T-亲水凝胶空白制剂-251217-Side-24h-750X-2.mp4,145,0.5,0.5,3,centered moving average on extracted normalized projected area,linear interpolation to regular 0.5 h grid after smoothing,0.0,5.0
01 high viscosity,pH 1.2,16.5,1,3.2329806516050303,0.0,01-pH1.2T-亲水凝胶空白制剂-251217-Side-24h-750X-2.mp4,145,0.5,0.5,3,centered moving average on extracted normalized projected area,linear interpolation to regular 0.5 h grid after smoothing,0.0,5.0
01 high viscosity,pH 1.2,17.0,1,3.1909628206247995,0.0,01-pH1.2T-亲水凝胶空白制剂-251217-Side-24h-750X-2.mp4,145,0.5,0.5,3,centered moving average on extracted normalized projected area,linear interpolation to regular 0.5 h grid after smoothing,0.0,5.0
01 high viscosity,pH 1.2,17.5,1,3.1677535303949274,0.0,01-pH1.2T-亲水凝胶空白制剂-251217-Side-24h-750X-2.mp4,145,0.5,0.5,3,centered moving average on extracted normalized projected area,linear interpolation to regular 0.5 h grid after smoothing,0.0,5.0
01 high viscosity,pH 1.2,18.0,1,3.1071970857741507,0.0,01-pH1.2T-亲水凝胶空白制剂-251217-Side-24h-750X-2.mp4,145,0.5,0.5,3,centered moving average on extracted normalized projected area,linear interpolation to regular 0.5 h grid after smoothing,0.0,5.0
01 high viscosity,pH 1.2,18.5,1,3.0615404202276566,0.0,01-pH1.2T-亲水凝胶空白制剂-251217-Side-24h-750X-2.mp4,145,0.5,0.5,3,centered moving average on extracted normalized projected area,linear interpolation to regular 0.5 h grid after smoothing,0.0,5.0
01 high viscosity,pH 1.2,19.0,1,3.0126658484963773,0.0,01-pH1.2T-亲水凝胶空白制剂-251217-Side-24h-750X-2.mp4,145,0.5,0.5,3,centered moving average on extracted normalized projected area,linear interpolation to regular 0.5 h grid after smoothing,0.0,5.0
01 high viscosity,pH 1.2,19.5,1,2.9525885615056304,0.0,01-pH1.2T-亲水凝胶空白制剂-251217-Side-24h-750X-2.mp4,145,0.5,0.5,3,centered moving average on extracted normalized projected area,linear interpolation to regular 0.5 h grid after smoothing,0.0,5.0
01 high viscosity,pH 1.2,20.0,1,2.9041729152078517,0.0,01-pH1.2T-亲水凝胶空白制剂-251217-Side-24h-750X-2.mp4,145,0.5,0.5,3,centered moving average on extracted normalized projected area,linear interpolation to regular 0.5 h grid after smoothing,0.0,5.0
01 high viscosity,pH 1.2,20.5,1,2.8470668002978567,0.0,01-pH1.2T-亲水凝胶空白制剂-251217-Side-24h-750X-2.mp4,145,0.5,0.5,3,centered moving average on extracted normalized projected area,linear interpolation to regular 0.5 h grid after smoothing,0.0,5.0
01 high viscosity,pH 1.2,21.0,1,2.791740131746142,0.0,01-pH1.2T-亲水凝胶空白制剂-251217-Side-24h-750X-2.mp4,145,0.5,0.5,3,centered moving average on extracted normalized projected area,linear interpolation to regular 0.5 h grid after smoothing,0.0,5.0
01 high viscosity,pH 1.2,21.5,1,2.750842473598217,0.0,01-pH1.2T-亲水凝胶空白制剂-251217-Side-24h-750X-2.mp4,145,0.5,0.5,3,centered moving average on extracted normalized projected area,linear interpolation to regular 0.5 h grid after smoothing,0.0,5.0
01 high viscosity,pH 1.2,22.0,1,2.7386306158532583,0.0,01-pH1.2T-亲水凝胶空白制剂-251217-Side-24h-750X-2.mp4,145,0.5,0.5,3,centered moving average on extracted normalized projected area,linear interpolation to regular 0.5 h grid after smoothing,0.0,5.0
01 high viscosity,pH 1.2,22.5,1,2.629220818634149,0.0,01-pH1.2T-亲水凝胶空白制剂-251217-Side-24h-750X-2.mp4,145,0.5,0.5,3,centered moving average on extracted normalized projected area,linear interpolation to regular 0.5 h grid after smoothing,0.0,5.0
01 high viscosity,pH 1.2,23.0,1,2.4641285622853104,0.0,01-pH1.2T-亲水凝胶空白制剂-251217-Side-24h-750X-2.mp4,145,0.5,0.5,3,centered moving average on extracted normalized projected area,linear interpolation to regular 0.5 h grid after smoothing,0.0,5.0
01 high viscosity,pH 1.2,23.5,1,2.407770545178742,0.0,01-pH1.2T-亲水凝胶空白制剂-251217-Side-24h-750X-2.mp4,145,0.5,0.5,3,centered moving average on extracted normalized projected area,linear interpolation to regular 0.5 h grid after smoothing,0.0,5.0
01 high viscosity,pH 1.2,24.0,1,2.369261766626054,0.0,01-pH1.2T-亲水凝胶空白制剂-251217-Side-24h-750X-2.mp4,145,0.5,0.5,3,centered moving average on extracted normalized projected area,linear interpolation to regular 0.5 h grid after smoothing,0.0,5.0
01 high viscosity,pH 4.5,0.0,1,1.122411708230303,0.0,01-pH4.5T-亲水凝胶空白制剂-251217-Side-24h-750X-1.mp4,145,0.5,0.5,3,centered moving average on extracted normalized projected area,linear interpolation to regular 0.5 h grid after smoothing,0.0,5.0
01 high viscosity,pH 4.5,0.5,1,1.547053500483602,0.0,01-pH4.5T-亲水凝胶空白制剂-251217-Side-24h-750X-1.mp4,145,0.5,0.5,3,centered moving average on extracted normalized projected area,linear interpolation to regular 0.5 h grid after smoothing,0.0,5.0
01 high viscosity,pH 4.5,1.0,1,1.7722092658717272,0.0,01-pH4.5T-亲水凝胶空白制剂-251217-Side-24h-750X-1.mp4,145,0.5,0.5,3,centered moving average on extracted normalized projected area,linear interpolation to regular 0.5 h grid after smoothing,0.0,5.0
01 high viscosity,pH 4.5,1.5,1,1.933939221913069,0.0,01-pH4.5T-亲水凝胶空白制剂-251217-Side-24h-750X-1.mp4,145,0.5,0.5,3,centered moving average on extracted normalized projected area,linear interpolation to regular 0.5 h grid after smoothing,0.0,5.0
01 high viscosity,pH 4.5,2.0,1,2.0732882565043007,0.0,01-pH4.5T-亲水凝胶空白制剂-251217-Side-24h-750X-1.mp4,145,0.5,0.5,3,centered moving average on extracted normalized projected area,linear interpolation to regular 0.5 h grid after smoothing,0.0,5.0
01 high viscosity,pH 4.5,2.5,1,2.1919434140166456,0.0,01-pH4.5T-亲水凝胶空白制剂-251217-Side-24h-750X-1.mp4,145,0.5,0.5,3,centered moving average on extracted normalized projected area,linear interpolation to regular 0.5 h grid after smoothing,0.0,5.0
01 high viscosity,pH 4.5,3.0,1,2.3216290181122963,0.0,01-pH4.5T-亲水凝胶空白制剂-251217-Side-24h-750X-1.mp4,145,0.5,0.5,3,centered moving average on extracted normalized projected area,linear interpolation to regular 0.5 h grid after smoothing,0.0,5.0
01 high viscosity,pH 4.5,3.5,1,2.4454114498942188,0.0,01-pH4.5T-亲水凝胶空白制剂-251217-Side-24h-750X-1.mp4,145,0.5,0.5,3,centered moving average on extracted normalized projected area,linear interpolation to regular 0.5 h grid after smoothing,0.0,5.0
01 high viscosity,pH 4.5,4.0,1,2.53154829327641,0.0,01-pH4.5T-亲水凝胶空白制剂-251217-Side-24h-750X-1.mp4,145,0.5,0.5,3,centered moving average on extracted normalized projected area,linear interpolation to regular 0.5 h grid after smoothing,0.0,5.0
01 high viscosity,pH 4.5,4.5,1,2.6275748707503936,0.0,01-pH4.5T-亲水凝胶空白制剂-251217-Side-24h-750X-1.mp4,145,0.5,0.5,3,centered moving average on extracted normalized projected area,linear interpolation to regular 0.5 h grid after smoothing,0.0,5.0
01 high viscosity,pH 4.5,5.0,1,2.719632385675902,0.0,01-pH4.5T-亲水凝胶空白制剂-251217-Side-24h-750X-1.mp4,145,0.5,0.5,3,centered moving average on extracted normalized projected area,linear interpolation to regular 0.5 h grid after smoothing,0.0,5.0
01 high viscosity,pH 4.5,5.5,1,2.809782187979097,0.0,01-pH4.5T-亲水凝胶空白制剂-251217-Side-24h-750X-1.mp4,145,0.5,0.5,3,centered moving average on extracted normalized projected area,linear interpolation to regular 0.5 h grid after smoothing,0.0,5.0
01 high viscosity,pH 4.5,6.0,1,2.8962882947653275,0.0,01-pH4.5T-亲水凝胶空白制剂-251217-Side-24h-750X-1.mp4,145,0.5,0.5,3,centered moving average on extracted normalized projected area,linear interpolation to regular 0.5 h grid after smoothing,0.0,5.0
01 high viscosity,pH 4.5,6.5,1,3.072972973774587,0.0,01-pH4.5T-亲水凝胶空白制剂-251217-Side-24h-750X-1.mp4,145,0.5,0.5,3,centered moving average on extracted normalized projected area,linear interpolation to regular 0.5 h grid after smoothing,0.0,5.0
01 high viscosity,pH 4.5,7.0,1,3.1403094160388445,0.0,01-pH4.5T-亲水凝胶空白制剂-251217-Side-24h-750X-1.mp4,145,0.5,0.5,3,centered moving average on extracted normalized projected area,linear interpolation to regular 0.5 h grid after smoothing,0.0,5.0
01 high viscosity,pH 4.5,7.5,1,3.2530409360367565,0.0,01-pH4.5T-亲水凝胶空白制剂-251217-Side-24h-750X-1.mp4,145,0.5,0.5,3,centered moving average on extracted normalized projected area,linear interpolation to regular 0.5 h grid after smoothing,0.0,5.0
01 high viscosity,pH 4.5,8.0,1,3.322295175225124,0.0,01-pH4.5T-亲水凝胶空白制剂-251217-Side-24h-750X-1.mp4,145,0.5,0.5,3,centered moving average on extracted normalized projected area,linear interpolation to regular 0.5 h grid after smoothing,0.0,5.0
01 high viscosity,pH 4.5,8.5,1,3.3737002002327108,0.0,01-pH4.5T-亲水凝胶空白制剂-251217-Side-24h-750X-1.mp4,145,0.5,0.5,3,centered moving average on extracted normalized projected area,linear interpolation to regular 0.5 h grid after smoothing,0.0,5.0
01 high viscosity,pH 4.5,9.0,1,3.435102030889403,0.0,01-pH4.5T-亲水凝胶空白制剂-251217-Side-24h-750X-1.mp4,145,0.5,0.5,3,centered moving average on extracted normalized projected area,linear interpolation to regular 0.5 h grid after smoothing,0.0,5.0
01 high viscosity,pH 4.5,9.5,1,3.5000262488443834,0.0,01-pH4.5T-亲水凝胶空白制剂-251217-Side-24h-750X-1.mp4,145,0.5,0.5,3,centered moving average on extracted normalized projected area,linear interpolation to regular 0.5 h grid after smoothing,0.0,5.0
01 high viscosity,pH 4.5,10.0,1,3.5780986167600504,0.0,01-pH4.5T-亲水凝胶空白制剂-251217-Side-24h-750X-1.mp4,145,0.5,0.5,3,centered moving average on extracted normalized projected area,linear interpolation to regular 0.5 h grid after smoothing,0.0,5.0
01 high viscosity,pH 4.5,10.5,1,3.6228910091627746,0.0,01-pH4.5T-亲水凝胶空白制剂-251217-Side-24h-750X-1.mp4,145,0.5,0.5,3,centered moving average on extracted normalized projected area,linear interpolation to regular 0.5 h grid after smoothing,0.0,5.0
01 high viscosity,pH 4.5,11.0,1,3.6425939552915447,0.0,01-pH4.5T-亲水凝胶空白制剂-251217-Side-24h-750X-1.mp4,145,0.5,0.5,3,centered moving average on extracted normalized projected area,linear interpolation to regular 0.5 h grid after smoothing,0.0,5.0
01 high viscosity,pH 4.5,11.5,1,3.6725923803608818,0.0,01-pH4.5T-亲水凝胶空白制剂-251217-Side-24h-750X-1.mp4,145,0.5,0.5,3,centered moving average on extracted normalized projected area,linear interpolation to regular 0.5 h grid after smoothing,0.0,5.0
01 high viscosity,pH 4.5,12.0,1,3.697662251225465,0.0,01-pH4.5T-亲水凝胶空白制剂-251217-Side-24h-750X-1.mp4,145,0.5,0.5,3,centered moving average on extracted normalized projected area,linear interpolation to regular 0.5 h grid after smoothing,0.0,5.0
01 high viscosity,pH 4.5,12.5,1,3.7220793118472453,0.0,01-pH4.5T-亲水凝胶空白制剂-251217-Side-24h-750X-1.mp4,145,0.5,0.5,3,centered moving average on extracted normalized projected area,linear interpolation to regular 0.5 h grid after smoothing,0.0,5.0
01 high viscosity,pH 4.5,13.0,1,3.7455152292235945,0.0,01-pH4.5T-亲水凝胶空白制剂-251217-Side-24h-750X-1.mp4,145,0.5,0.5,3,centered moving average on extracted normalized projected area,linear interpolation to regular 0.5 h grid after smoothing,0.0,5.0
01 high viscosity,pH 4.5,13.5,1,3.7742676498267724,0.0,01-pH4.5T-亲水凝胶空白制剂-251217-Side-24h-750X-1.mp4,145,0.5,0.5,3,centered moving average on extracted normalized projected area,linear interpolation to regular 0.5 h grid after smoothing,0.0,5.0
01 high viscosity,pH 4.5,14.0,1,3.7982169768034364,0.0,01-pH4.5T-亲水凝胶空白制剂-251217-Side-24h-750X-1.mp4,145,0.5,0.5,3,centered moving average on extracted normalized projected area,linear interpolation to regular 0.5 h grid after smoothing,0.0,5.0
01 high viscosity,pH 4.5,14.5,1,3.790542229941656,0.0,01-pH4.5T-亲水凝胶空白制剂-251217-Side-24h-750X-1.mp4,145,0.5,0.5,3,centered moving average on extracted normalized projected area,linear interpolation to regular 0.5 h grid after smoothing,0.0,5.0
01 high viscosity,pH 4.5,15.0,1,3.8145372328735188,0.0,01-pH4.5T-亲水凝胶空白制剂-251217-Side-24h-750X-1.mp4,145,0.5,0.5,3,centered moving average on extracted normalized projected area,linear interpolation to regular 0.5 h grid after smoothing,0.0,5.0
01 high viscosity,pH 4.5,15.5,1,3.8264969182077113,0.0,01-pH4.5T-亲水凝胶空白制剂-251217-Side-24h-750X-1.mp4,145,0.5,0.5,3,centered moving average on extracted normalized projected area,linear interpolation to regular 0.5 h grid after smoothing,0.0,5.0
01 high viscosity,pH 4.5,16.0,1,3.8172596977616116,0.0,01-pH4.5T-亲水凝胶空白制剂-251217-Side-24h-750X-1.mp4,145,0.5,0.5,3,centered moving average on extracted normalized projected area,linear interpolation to regular 0.5 h grid after smoothing,0.0,5.0
01 high viscosity,pH 4.5,16.5,1,3.7987541141726857,0.0,01-pH4.5T-亲水凝胶空白制剂-251217-Side-24h-750X-1.mp4,145,0.5,0.5,3,centered moving average on extracted normalized projected area,linear interpolation to regular 0.5 h grid after smoothing,0.0,5.0
01 high viscosity,pH 4.5,17.0,1,3.7895990511265207,0.0,01-pH4.5T-亲水凝胶空白制剂-251217-Side-24h-750X-1.mp4,145,0.5,0.5,3,centered moving average on extracted normalized projected area,linear interpolation to regular 0.5 h grid after smoothing,0.0,5.0
01 high viscosity,pH 4.5,17.5,1,3.7776915668839828,0.0,01-pH4.5T-亲水凝胶空白制剂-251217-Side-24h-750X-1.mp4,145,0.5,0.5,3,centered moving average on extracted normalized projected area,linear interpolation to regular 0.5 h grid after smoothing,0.0,5.0
01 high viscosity,pH 4.5,18.0,1,3.7621365313620303,0.0,01-pH4.5T-亲水凝胶空白制剂-251217-Side-24h-750X-1.mp4,145,0.5,0.5,3,centered moving average on extracted normalized projected area,linear interpolation to regular 0.5 h grid after smoothing,0.0,5.0
01 high viscosity,pH 4.5,18.5,1,3.69176649383953,0.0,01-pH4.5T-亲水凝胶空白制剂-251217-Side-24h-750X-1.mp4,145,0.5,0.5,3,centered moving average on extracted normalized projected area,linear interpolation to regular 0.5 h grid after smoothing,0.0,5.0
01 high viscosity,pH 4.5,19.0,1,3.6812663628919053,0.0,01-pH4.5T-亲水凝胶空白制剂-251217-Side-24h-750X-1.mp4,145,0.5,0.5,3,centered moving average on extracted normalized projected area,linear interpolation to regular 0.5 h grid after smoothing,0.0,5.0
01 high viscosity,pH 4.5,19.5,1,3.6447730542710435,0.0,01-pH4.5T-亲水凝胶空白制剂-251217-Side-24h-750X-1.mp4,145,0.5,0.5,3,centered moving average on extracted normalized projected area,linear interpolation to regular 0.5 h grid after smoothing,0.0,5.0
01 high viscosity,pH 4.5,20.0,1,3.6145293433903483,0.0,01-pH4.5T-亲水凝胶空白制剂-251217-Side-24h-750X-1.mp4,145,0.5,0.5,3,centered moving average on extracted normalized projected area,linear interpolation to regular 0.5 h grid after smoothing,0.0,5.0
01 high viscosity,pH 4.5,20.5,1,3.5946057290104902,0.0,01-pH4.5T-亲水凝胶空白制剂-251217-Side-24h-750X-1.mp4,145,0.5,0.5,3,centered moving average on extracted normalized projected area,linear interpolation to regular 0.5 h grid after smoothing,0.0,5.0
01 high viscosity,pH 4.5,21.0,1,3.551724608395419,0.0,01-pH4.5T-亲水凝胶空白制剂-251217-Side-24h-750X-1.mp4,145,0.5,0.5,3,centered moving average on extracted normalized projected area,linear interpolation to regular 0.5 h grid after smoothing,0.0,5.0
01 high viscosity,pH 4.5,21.5,1,3.527004425525503,0.0,01-pH4.5T-亲水凝胶空白制剂-251217-Side-24h-750X-1.mp4,145,0.5,0.5,3,centered moving average on extracted normalized projected area,linear interpolation to regular 0.5 h grid after smoothing,0.0,5.0
01 high viscosity,pH 4.5,22.0,1,3.493814022340288,0.0,01-pH4.5T-亲水凝胶空白制剂-251217-Side-24h-750X-1.mp4,145,0.5,0.5,3,centered moving average on extracted normalized projected area,linear interpolation to regular 0.5 h grid after smoothing,0.0,5.0
01 high viscosity,pH 4.5,22.5,1,3.4681224839296276,0.0,01-pH4.5T-亲水凝胶空白制剂-251217-Side-24h-750X-1.mp4,145,0.5,0.5,3,centered moving average on extracted normalized projected area,linear interpolation to regular 0.5 h grid after smoothing,0.0,5.0
01 high viscosity,pH 4.5,23.0,1,3.449385257996481,0.0,01-pH4.5T-亲水凝胶空白制剂-251217-Side-24h-750X-1.mp4,145,0.5,0.5,3,centered moving average on extracted normalized projected area,linear interpolation to regular 0.5 h grid after smoothing,0.0,5.0
01 high viscosity,pH 4.5,23.5,1,3.4220066752145955,0.0,01-pH4.5T-亲水凝胶空白制剂-251217-Side-24h-750X-1.mp4,145,0.5,0.5,3,centered moving average on extracted normalized projected area,linear interpolation to regular 0.5 h grid after smoothing,0.0,5.0
01 high viscosity,pH 4.5,24.0,1,3.3890470245822653,0.0,01-pH4.5T-亲水凝胶空白制剂-251217-Side-24h-750X-1.mp4,145,0.5,0.5,3,centered moving average on extracted normalized projected area,linear interpolation to regular 0.5 h grid after smoothing,0.0,5.0
01 high viscosity,pH 6.8,0.0,1,1.123006591692052,0.0,01-pH6.8T-亲水凝胶空白制剂-251217-Side-24h-750X-1.mp4,145,0.5,0.5,3,centered moving average on extracted normalized projected area,linear interpolation to regular 0.5 h grid after smoothing,0.0,5.0
01 high viscosity,pH 6.8,0.5,1,1.5007366956930106,0.0,01-pH6.8T-亲水凝胶空白制剂-251217-Side-24h-750X-1.mp4,145,0.5,0.5,3,centered moving average on extracted normalized projected area,linear interpolation to regular 0.5 h grid after smoothing,0.0,5.0
01 high viscosity,pH 6.8,1.0,1,1.7756782233529382,0.0,01-pH6.8T-亲水凝胶空白制剂-251217-Side-24h-750X-1.mp4,145,0.5,0.5,3,centered moving average on extracted normalized projected area,linear interpolation to regular 0.5 h grid after smoothing,0.0,5.0
01 high viscosity,pH 6.8,1.5,1,1.940629167715797,0.0,01-pH6.8T-亲水凝胶空白制剂-251217-Side-24h-750X-1.mp4,145,0.5,0.5,3,centered moving average on extracted normalized projected area,linear interpolation to regular 0.5 h grid after smoothing,0.0,5.0
01 high viscosity,pH 6.8,2.0,1,2.066485027636398,0.0,01-pH6.8T-亲水凝胶空白制剂-251217-Side-24h-750X-1.mp4,145,0.5,0.5,3,centered moving average on extracted normalized projected area,linear interpolation to regular 0.5 h grid after smoothing,0.0,5.0
01 high viscosity,pH 6.8,2.5,1,2.1815589810166838,0.0,01-pH6.8T-亲水凝胶空白制剂-251217-Side-24h-750X-1.mp4,145,0.5,0.5,3,centered moving average on extracted normalized projected area,linear interpolation to regular 0.5 h grid after smoothing,0.0,5.0
01 high viscosity,pH 6.8,3.0,1,2.349357253020161,0.0,01-pH6.8T-亲水凝胶空白制剂-251217-Side-24h-750X-1.mp4,145,0.5,0.5,3,centered moving average on extracted normalized projected area,linear interpolation to regular 0.5 h grid after smoothing,0.0,5.0
01 high viscosity,pH 6.8,3.5,1,2.377608332108337,0.0,01-pH6.8T-亲水凝胶空白制剂-251217-Side-24h-750X-1.mp4,145,0.5,0.5,3,centered moving average on extracted normalized projected area,linear interpolation to regular 0.5 h grid after smoothing,0.0,5.0
01 high viscosity,pH 6.8,4.0,1,2.4674895729784776,0.0,01-pH6.8T-亲水凝胶空白制剂-251217-Side-24h-750X-1.mp4,145,0.5,0.5,3,centered moving average on extracted normalized projected area,linear interpolation to regular 0.5 h grid after smoothing,0.0,5.0
01 high viscosity,pH 6.8,4.5,1,2.6892701497309126,0.0,01-pH6.8T-亲水凝胶空白制剂-251217-Side-24h-750X-1.mp4,145,0.5,0.5,3,centered moving average on extracted normalized projected area,linear interpolation to regular 0.5 h grid after smoothing,0.0,5.0
01 high viscosity,pH 6.8,5.0,1,2.8309374349599827,0.0,01-pH6.8T-亲水凝胶空白制剂-251217-Side-24h-750X-1.mp4,145,0.5,0.5,3,centered moving average on extracted normalized projected area,linear interpolation to regular 0.5 h grid after smoothing,0.0,5.0
01 high viscosity,pH 6.8,5.5,1,2.8932113867877987,0.0,01-pH6.8T-亲水凝胶空白制剂-251217-Side-24h-750X-1.mp4,145,0.5,0.5,3,centered moving average on extracted normalized projected area,linear interpolation to regular 0.5 h grid after smoothing,0.0,5.0
01 high viscosity,pH 6.8,6.0,1,2.9733314703689206,0.0,01-pH6.8T-亲水凝胶空白制剂-251217-Side-24h-750X-1.mp4,145,0.5,0.5,3,centered moving average on extracted normalized projected area,linear interpolation to regular 0.5 h grid after smoothing,0.0,5.0
01 high viscosity,pH 6.8,6.5,1,3.0422330151254275,0.0,01-pH6.8T-亲水凝胶空白制剂-251217-Side-24h-750X-1.mp4,145,0.5,0.5,3,centered moving average on extracted normalized projected area,linear interpolation to regular 0.5 h grid after smoothing,0.0,5.0
01 high viscosity,pH 6.8,7.0,1,3.1095427926321704,0.0,01-pH6.8T-亲水凝胶空白制剂-251217-Side-24h-750X-1.mp4,145,0.5,0.5,3,centered moving average on extracted normalized projected area,linear interpolation to regular 0.5 h grid after smoothing,0.0,5.0
01 high viscosity,pH 6.8,7.5,1,3.196472399260442,0.0,01-pH6.8T-亲水凝胶空白制剂-251217-Side-24h-750X-1.mp4,145,0.5,0.5,3,centered moving average on extracted normalized projected area,linear interpolation to regular 0.5 h grid after smoothing,0.0,5.0
01 high viscosity,pH 6.8,8.0,1,3.252059085080712,0.0,01-pH6.8T-亲水凝胶空白制剂-251217-Side-24h-750X-1.mp4,145,0.5,0.5,3,centered moving average on extracted normalized projected area,linear interpolation to regular 0.5 h grid after smoothing,0.0,5.0
01 high viscosity,pH 6.8,8.5,1,3.3258547925972395,0.0,01-pH6.8T-亲水凝胶空白制剂-251217-Side-24h-750X-1.mp4,145,0.5,0.5,3,centered moving average on extracted normalized projected area,linear interpolation to regular 0.5 h grid after smoothing,0.0,5.0
01 high viscosity,pH 6.8,9.0,1,3.383924945821211,0.0,01-pH6.8T-亲水凝胶空白制剂-251217-Side-24h-750X-1.mp4,145,0.5,0.5,3,centered moving average on extracted normalized projected area,linear interpolation to regular 0.5 h grid after smoothing,0.0,5.0
01 high viscosity,pH 6.8,9.5,1,3.4270278294863608,0.0,01-pH6.8T-亲水凝胶空白制剂-251217-Side-24h-750X-1.mp4,145,0.5,0.5,3,centered moving average on extracted normalized projected area,linear interpolation to regular 0.5 h grid after smoothing,0.0,5.0
01 high viscosity,pH 6.8,10.0,1,3.4854458330968243,0.0,01-pH6.8T-亲水凝胶空白制剂-251217-Side-24h-750X-1.mp4,145,0.5,0.5,3,centered moving average on extracted normalized projected area,linear interpolation to regular 0.5 h grid after smoothing,0.0,5.0
01 high viscosity,pH 6.8,10.5,1,3.553212133914151,0.0,01-pH6.8T-亲水凝胶空白制剂-251217-Side-24h-750X-1.mp4,145,0.5,0.5,3,centered moving average on extracted normalized projected area,linear interpolation to regular 0.5 h grid after smoothing,0.0,5.0
01 high viscosity,pH 6.8,11.0,1,3.641549151938817,0.0,01-pH6.8T-亲水凝胶空白制剂-251217-Side-24h-750X-1.mp4,145,0.5,0.5,3,centered moving average on extracted normalized projected area,linear interpolation to regular 0.5 h grid after smoothing,0.0,5.0
01 high viscosity,pH 6.8,11.5,1,3.7323880729525225,0.0,01-pH6.8T-亲水凝胶空白制剂-251217-Side-24h-750X-1.mp4,145,0.5,0.5,3,centered moving average on extracted normalized projected area,linear interpolation to regular 0.5 h grid after smoothing,0.0,5.0
01 high viscosity,pH 6.8,12.0,1,3.8323332028287944,0.0,01-pH6.8T-亲水凝胶空白制剂-251217-Side-24h-750X-1.mp4,145,0.5,0.5,3,centered moving average on extracted normalized projected area,linear interpolation to regular 0.5 h grid after smoothing,0.0,5.0
01 high viscosity,pH 6.8,12.5,1,3.876694557766694,0.0,01-pH6.8T-亲水凝胶空白制剂-251217-Side-24h-750X-1.mp4,145,0.5,0.5,3,centered moving average on extracted normalized projected area,linear interpolation to regular 0.5 h grid after smoothing,0.0,5.0
01 high viscosity,pH 6.8,13.0,1,3.9381636507504503,0.0,01-pH6.8T-亲水凝胶空白制剂-251217-Side-24h-750X-1.mp4,145,0.5,0.5,3,centered moving average on extracted normalized projected area,linear interpolation to regular 0.5 h grid after smoothing,0.0,5.0
01 high viscosity,pH 6.8,13.5,1,3.9819666015114272,0.0,01-pH6.8T-亲水凝胶空白制剂-251217-Side-24h-750X-1.mp4,145,0.5,0.5,3,centered moving average on extracted normalized projected area,linear interpolation to regular 0.5 h grid after smoothing,0.0,5.0
01 high viscosity,pH 6.8,14.0,1,4.062370010930361,0.0,01-pH6.8T-亲水凝胶空白制剂-251217-Side-24h-750X-1.mp4,145,0.5,0.5,3,centered moving average on extracted normalized projected area,linear interpolation to regular 0.5 h grid after smoothing,0.0,5.0
01 high viscosity,pH 6.8,14.5,1,4.106783761742377,0.0,01-pH6.8T-亲水凝胶空白制剂-251217-Side-24h-750X-1.mp4,145,0.5,0.5,3,centered moving average on extracted normalized projected area,linear interpolation to regular 0.5 h grid after smoothing,0.0,5.0
01 high viscosity,pH 6.8,15.0,1,4.174170677619345,0.0,01-pH6.8T-亲水凝胶空白制剂-251217-Side-24h-750X-1.mp4,145,0.5,0.5,3,centered moving average on extracted normalized projected area,linear interpolation to regular 0.5 h grid after smoothing,0.0,5.0
01 high viscosity,pH 6.8,15.5,1,4.234137755545109,0.0,01-pH6.8T-亲水凝胶空白制剂-251217-Side-24h-750X-1.mp4,145,0.5,0.5,3,centered moving average on extracted normalized projected area,linear interpolation to regular 0.5 h grid after smoothing,0.0,5.0
01 high viscosity,pH 6.8,16.0,1,4.285171822081077,0.0,01-pH6.8T-亲水凝胶空白制剂-251217-Side-24h-750X-1.mp4,145,0.5,0.5,3,centered moving average on extracted normalized projected area,linear interpolation to regular 0.5 h grid after smoothing,0.0,5.0
01 high viscosity,pH 6.8,16.5,1,4.3013378898337935,0.0,01-pH6.8T-亲水凝胶空白制剂-251217-Side-24h-750X-1.mp4,145,0.5,0.5,3,centered moving average on extracted normalized projected area,linear interpolation to regular 0.5 h grid after smoothing,0.0,5.0
01 high viscosity,pH 6.8,17.0,1,4.294413386951778,0.0,01-pH6.8T-亲水凝胶空白制剂-251217-Side-24h-750X-1.mp4,145,0.5,0.5,3,centered moving average on extracted normalized projected area,linear interpolation to regular 0.5 h grid after smoothing,0.0,5.0
01 high viscosity,pH 6.8,17.5,1,4.327336431481964,0.0,01-pH6.8T-亲水凝胶空白制剂-251217-Side-24h-750X-1.mp4,145,0.5,0.5,3,centered moving average on extracted normalized projected area,linear interpolation to regular 0.5 h grid after smoothing,0.0,5.0
01 high viscosity,pH 6.8,18.0,1,4.362691032688718,0.0,01-pH6.8T-亲水凝胶空白制剂-251217-Side-24h-750X-1.mp4,145,0.5,0.5,3,centered moving average on extracted normalized projected area,linear interpolation to regular 0.5 h grid after smoothing,0.0,5.0
01 high viscosity,pH 6.8,18.5,1,4.374320005860576,0.0,01-pH6.8T-亲水凝胶空白制剂-251217-Side-24h-750X-1.mp4,145,0.5,0.5,3,centered moving average on extracted normalized projected area,linear interpolation to regular 0.5 h grid after smoothing,0.0,5.0
01 high viscosity,pH 6.8,19.0,1,4.382943008328518,0.0,01-pH6.8T-亲水凝胶空白制剂-251217-Side-24h-750X-1.mp4,145,0.5,0.5,3,centered moving average on extracted normalized projected area,linear interpolation to regular 0.5 h grid after smoothing,0.0,5.0
01 high viscosity,pH 6.8,19.5,1,4.398100940651485,0.0,01-pH6.8T-亲水凝胶空白制剂-251217-Side-24h-750X-1.mp4,145,0.5,0.5,3,centered moving average on extracted normalized projected area,linear interpolation to regular 0.5 h grid after smoothing,0.0,5.0
01 high viscosity,pH 6.8,20.0,1,4.420298355691332,0.0,01-pH6.8T-亲水凝胶空白制剂-251217-Side-24h-750X-1.mp4,145,0.5,0.5,3,centered moving average on extracted normalized projected area,linear interpolation to regular 0.5 h grid after smoothing,0.0,5.0
01 high viscosity,pH 6.8,20.5,1,4.44367273731086,0.0,01-pH6.8T-亲水凝胶空白制剂-251217-Side-24h-750X-1.mp4,145,0.5,0.5,3,centered moving average on extracted normalized projected area,linear interpolation to regular 0.5 h grid after smoothing,0.0,5.0
01 high viscosity,pH 6.8,21.0,1,4.472630675552619,0.0,01-pH6.8T-亲水凝胶空白制剂-251217-Side-24h-750X-1.mp4,145,0.5,0.5,3,centered moving average on extracted normalized projected area,linear interpolation to regular 0.5 h grid after smoothing,0.0,5.0
01 high viscosity,pH 6.8,21.5,1,4.481823240578081,0.0,01-pH6.8T-亲水凝胶空白制剂-251217-Side-24h-750X-1.mp4,145,0.5,0.5,3,centered moving average on extracted normalized projected area,linear interpolation to regular 0.5 h grid after smoothing,0.0,5.0
01 high viscosity,pH 6.8,22.0,1,4.5049676625278785,0.0,01-pH6.8T-亲水凝胶空白制剂-251217-Side-24h-750X-1.mp4,145,0.5,0.5,3,centered moving average on extracted normalized projected area,linear interpolation to regular 0.5 h grid after smoothing,0.0,5.0
01 high viscosity,pH 6.8,22.5,1,4.531865666681707,0.0,01-pH6.8T-亲水凝胶空白制剂-251217-Side-24h-750X-1.mp4,145,0.5,0.5,3,centered moving average on extracted normalized projected area,linear interpolation to regular 0.5 h grid after smoothing,0.0,5.0
01 high viscosity,pH 6.8,23.0,1,4.486784353621695,0.0,01-pH6.8T-亲水凝胶空白制剂-251217-Side-24h-750X-1.mp4,145,0.5,0.5,3,centered moving average on extracted normalized projected area,linear interpolation to regular 0.5 h grid after smoothing,0.0,5.0
01 high viscosity,pH 6.8,23.5,1,4.494777635306281,0.0,01-pH6.8T-亲水凝胶空白制剂-251217-Side-24h-750X-1.mp4,145,0.5,0.5,3,centered moving average on extracted normalized projected area,linear interpolation to regular 0.5 h grid after smoothing,0.0,5.0
01 high viscosity,pH 6.8,24.0,1,4.517438365714469,0.0,01-pH6.8T-亲水凝胶空白制剂-251217-Side-24h-750X-1.mp4,145,0.5,0.5,3,centered moving average on extracted normalized projected area,linear interpolation to regular 0.5 h grid after smoothing,0.0,5.0
02 low viscosity,pH 1.2,0.0,1,1.0946971176898899,0.0,02-pH1.2T-亲水凝胶空白制剂-251217-Side-24h-750X-1.mp4,145,0.5,0.5,3,centered moving average on extracted normalized projected area,linear interpolation to regular 0.5 h grid after smoothing,0.0,5.0
02 low viscosity,pH 1.2,0.5,1,1.3729631734417824,0.0,02-pH1.2T-亲水凝胶空白制剂-251217-Side-24h-750X-1.mp4,145,0.5,0.5,3,centered moving average on extracted normalized projected area,linear interpolation to regular 0.5 h grid after smoothing,0.0,5.0
02 low viscosity,pH 1.2,1.0,1,1.5874599679151349,0.0,02-pH1.2T-亲水凝胶空白制剂-251217-Side-24h-750X-1.mp4,145,0.5,0.5,3,centered moving average on extracted normalized projected area,linear interpolation to regular 0.5 h grid after smoothing,0.0,5.0
02 low viscosity,pH 1.2,1.5,1,1.741083130583033,0.0,02-pH1.2T-亲水凝胶空白制剂-251217-Side-24h-750X-1.mp4,145,0.5,0.5,3,centered moving average on extracted normalized projected area,linear interpolation to regular 0.5 h grid after smoothing,0.0,5.0
02 low viscosity,pH 1.2,2.0,1,1.8203223877769685,0.0,02-pH1.2T-亲水凝胶空白制剂-251217-Side-24h-750X-1.mp4,145,0.5,0.5,3,centered moving average on extracted normalized projected area,linear interpolation to regular 0.5 h grid after smoothing,0.0,5.0
02 low viscosity,pH 1.2,2.5,1,1.9556577693323154,0.0,02-pH1.2T-亲水凝胶空白制剂-251217-Side-24h-750X-1.mp4,145,0.5,0.5,3,centered moving average on extracted normalized projected area,linear interpolation to regular 0.5 h grid after smoothing,0.0,5.0
02 low viscosity,pH 1.2,3.0,1,2.0380631870571313,0.0,02-pH1.2T-亲水凝胶空白制剂-251217-Side-24h-750X-1.mp4,145,0.5,0.5,3,centered moving average on extracted normalized projected area,linear interpolation to regular 0.5 h grid after smoothing,0.0,5.0
02 low viscosity,pH 1.2,3.5,1,2.1154193823367486,0.0,02-pH1.2T-亲水凝胶空白制剂-251217-Side-24h-750X-1.mp4,145,0.5,0.5,3,centered moving average on extracted normalized projected area,linear interpolation to regular 0.5 h grid after smoothing,0.0,5.0
02 low viscosity,pH 1.2,4.0,1,2.192432826013604,0.0,02-pH1.2T-亲水凝胶空白制剂-251217-Side-24h-750X-1.mp4,145,0.5,0.5,3,centered moving average on extracted normalized projected area,linear interpolation to regular 0.5 h grid after smoothing,0.0,5.0
02 low viscosity,pH 1.2,4.5,1,2.2519499547141666,0.0,02-pH1.2T-亲水凝胶空白制剂-251217-Side-24h-750X-1.mp4,145,0.5,0.5,3,centered moving average on extracted normalized projected area,linear interpolation to regular 0.5 h grid after smoothing,0.0,5.0
02 low viscosity,pH 1.2,5.0,1,2.287571258590989,0.0,02-pH1.2T-亲水凝胶空白制剂-251217-Side-24h-750X-1.mp4,145,0.5,0.5,3,centered moving average on extracted normalized projected area,linear interpolation to regular 0.5 h grid after smoothing,0.0,5.0
02 low viscosity,pH 1.2,5.5,1,2.319374049145489,0.0,02-pH1.2T-亲水凝胶空白制剂-251217-Side-24h-750X-1.mp4,145,0.5,0.5,3,centered moving average on extracted normalized projected area,linear interpolation to regular 0.5 h grid after smoothing,0.0,5.0
02 low viscosity,pH 1.2,6.0,1,2.3574304285282994,0.0,02-pH1.2T-亲水凝胶空白制剂-251217-Side-24h-750X-1.mp4,145,0.5,0.5,3,centered moving average on extracted normalized projected area,linear interpolation to regular 0.5 h grid after smoothing,0.0,5.0
02 low viscosity,pH 1.2,6.5,1,2.383165213376192,0.0,02-pH1.2T-亲水凝胶空白制剂-251217-Side-24h-750X-1.mp4,145,0.5,0.5,3,centered moving average on extracted normalized projected area,linear interpolation to regular 0.5 h grid after smoothing,0.0,5.0
02 low viscosity,pH 1.2,7.0,1,2.3780701131257884,0.0,02-pH1.2T-亲水凝胶空白制剂-251217-Side-24h-750X-1.mp4,145,0.5,0.5,3,centered moving average on extracted normalized projected area,linear interpolation to regular 0.5 h grid after smoothing,0.0,5.0
02 low viscosity,pH 1.2,7.5,1,2.3695907107803964,0.0,02-pH1.2T-亲水凝胶空白制剂-251217-Side-24h-750X-1.mp4,145,0.5,0.5,3,centered moving average on extracted normalized projected area,linear interpolation to regular 0.5 h grid after smoothing,0.0,5.0
02 low viscosity,pH 1.2,8.0,1,2.34295968080887,0.0,02-pH1.2T-亲水凝胶空白制剂-251217-Side-24h-750X-1.mp4,145,0.5,0.5,3,centered moving average on extracted normalized projected area,linear interpolation to regular 0.5 h grid after smoothing,0.0,5.0
02 low viscosity,pH 1.2,8.5,1,2.273517554920172,0.0,02-pH1.2T-亲水凝胶空白制剂-251217-Side-24h-750X-1.mp4,145,0.5,0.5,3,centered moving average on extracted normalized projected area,linear interpolation to regular 0.5 h grid after smoothing,0.0,5.0
02 low viscosity,pH 1.2,9.0,1,2.2037519165083146,0.0,02-pH1.2T-亲水凝胶空白制剂-251217-Side-24h-750X-1.mp4,145,0.5,0.5,3,centered moving average on extracted normalized projected area,linear interpolation to regular 0.5 h grid after smoothing,0.0,5.0
02 low viscosity,pH 1.2,9.5,1,2.1102230549290524,0.0,02-pH1.2T-亲水凝胶空白制剂-251217-Side-24h-750X-1.mp4,145,0.5,0.5,3,centered moving average on extracted normalized projected area,linear interpolation to regular 0.5 h grid after smoothing,0.0,5.0
02 low viscosity,pH 1.2,10.0,1,1.9901273923055525,0.0,02-pH1.2T-亲水凝胶空白制剂-251217-Side-24h-750X-1.mp4,145,0.5,0.5,3,centered moving average on extracted normalized projected area,linear interpolation to regular 0.5 h grid after smoothing,0.0,5.0
02 low viscosity,pH 1.2,10.5,1,1.8663763045575898,0.0,02-pH1.2T-亲水凝胶空白制剂-251217-Side-24h-750X-1.mp4,145,0.5,0.5,3,centered moving average on extracted normalized projected area,linear interpolation to regular 0.5 h grid after smoothing,0.0,5.0
02 low viscosity,pH 1.2,11.0,1,1.7527976581600335,0.0,02-pH1.2T-亲水凝胶空白制剂-251217-Side-24h-750X-1.mp4,145,0.5,0.5,3,centered moving average on extracted normalized projected area,linear interpolation to regular 0.5 h grid after smoothing,0.0,5.0
02 low viscosity,pH 1.2,11.5,1,1.649982832821278,0.0,02-pH1.2T-亲水凝胶空白制剂-251217-Side-24h-750X-1.mp4,145,0.5,0.5,3,centered moving average on extracted normalized projected area,linear interpolation to regular 0.5 h grid after smoothing,0.0,5.0
02 low viscosity,pH 1.2,12.0,1,1.5380972254287355,0.0,02-pH1.2T-亲水凝胶空白制剂-251217-Side-24h-750X-1.mp4,145,0.5,0.5,3,centered moving average on extracted normalized projected area,linear interpolation to regular 0.5 h grid after smoothing,0.0,5.0
02 low viscosity,pH 1.2,12.5,1,1.4494503542950508,0.0,02-pH1.2T-亲水凝胶空白制剂-251217-Side-24h-750X-1.mp4,145,0.5,0.5,3,centered moving average on extracted normalized projected area,linear interpolation to regular 0.5 h grid after smoothing,0.0,5.0
02 low viscosity,pH 1.2,13.0,1,1.3507310850248924,0.0,02-pH1.2T-亲水凝胶空白制剂-251217-Side-24h-750X-1.mp4,145,0.5,0.5,3,centered moving average on extracted normalized projected area,linear interpolation to regular 0.5 h grid after smoothing,0.0,5.0
02 low viscosity,pH 1.2,13.5,1,1.2754006168344907,0.0,02-pH1.2T-亲水凝胶空白制剂-251217-Side-24h-750X-1.mp4,145,0.5,0.5,3,centered moving average on extracted normalized projected area,linear interpolation to regular 0.5 h grid after smoothing,0.0,5.0
02 low viscosity,pH 1.2,14.0,1,1.2039975847555453,0.0,02-pH1.2T-亲水凝胶空白制剂-251217-Side-24h-750X-1.mp4,145,0.5,0.5,3,centered moving average on extracted normalized projected area,linear interpolation to regular 0.5 h grid after smoothing,0.0,5.0
02 low viscosity,pH 1.2,14.5,1,1.1163555855487872,0.0,02-pH1.2T-亲水凝胶空白制剂-251217-Side-24h-750X-1.mp4,145,0.5,0.5,3,centered moving average on extracted normalized projected area,linear interpolation to regular 0.5 h grid after smoothing,0.0,5.0
02 low viscosity,pH 1.2,15.0,1,1.047794017534201,0.0,02-pH1.2T-亲水凝胶空白制剂-251217-Side-24h-750X-1.mp4,145,0.5,0.5,3,centered moving average on extracted normalized projected area,linear interpolation to regular 0.5 h grid after smoothing,0.0,5.0
02 low viscosity,pH 1.2,15.5,1,0.9956256252700872,0.0,02-pH1.2T-亲水凝胶空白制剂-251217-Side-24h-750X-1.mp4,145,0.5,0.5,3,centered moving average on extracted normalized projected area,linear interpolation to regular 0.5 h grid after smoothing,0.0,5.0
02 low viscosity,pH 1.2,16.0,1,0.9699500375902016,0.0,02-pH1.2T-亲水凝胶空白制剂-251217-Side-24h-750X-1.mp4,145,0.5,0.5,3,centered moving average on extracted normalized projected area,linear interpolation to regular 0.5 h grid after smoothing,0.0,5.0
02 low viscosity,pH 1.2,16.5,1,0.9360007577237505,0.0,02-pH1.2T-亲水凝胶空白制剂-251217-Side-24h-750X-1.mp4,145,0.5,0.5,3,centered moving average on extracted normalized projected area,linear interpolation to regular 0.5 h grid after smoothing,0.0,5.0
02 low viscosity,pH 1.2,17.0,1,0.7902617698769276,0.0,02-pH1.2T-亲水凝胶空白制剂-251217-Side-24h-750X-1.mp4,145,0.5,0.5,3,centered moving average on extracted normalized projected area,linear interpolation to regular 0.5 h grid after smoothing,0.0,5.0
02 low viscosity,pH 1.2,17.5,1,0.6352229069361321,0.0,02-pH1.2T-亲水凝胶空白制剂-251217-Side-24h-750X-1.mp4,145,0.5,0.5,3,centered moving average on extracted normalized projected area,linear interpolation to regular 0.5 h grid after smoothing,0.0,5.0
02 low viscosity,pH 1.2,18.0,1,0.5827765839682233,0.0,02-pH1.2T-亲水凝胶空白制剂-251217-Side-24h-750X-1.mp4,145,0.5,0.5,3,centered moving average on extracted normalized projected area,linear interpolation to regular 0.5 h grid after smoothing,0.0,5.0
02 low viscosity,pH 1.2,18.5,1,0.5288796343982903,0.0,02-pH1.2T-亲水凝胶空白制剂-251217-Side-24h-750X-1.mp4,145,0.5,0.5,3,centered moving average on extracted normalized projected area,linear interpolation to regular 0.5 h grid after smoothing,0.0,5.0
02 low viscosity,pH 1.2,19.0,1,0.4957514192521029,0.0,02-pH1.2T-亲水凝胶空白制剂-251217-Side-24h-750X-1.mp4,145,0.5,0.5,3,centered moving average on extracted normalized projected area,linear interpolation to regular 0.5 h grid after smoothing,0.0,5.0
02 low viscosity,pH 1.2,19.5,1,0.47684828357811354,0.0,02-pH1.2T-亲水凝胶空白制剂-251217-Side-24h-750X-1.mp4,145,0.5,0.5,3,centered moving average on extracted normalized projected area,linear interpolation to regular 0.5 h grid after smoothing,0.0,5.0
02 low viscosity,pH 1.2,20.0,1,0.38955613963427976,0.0,02-pH1.2T-亲水凝胶空白制剂-251217-Side-24h-750X-1.mp4,145,0.5,0.5,3,centered moving average on extracted normalized projected area,linear interpolation to regular 0.5 h grid after smoothing,0.0,5.0
02 low viscosity,pH 1.2,20.5,1,0.35545945881949,0.0,02-pH1.2T-亲水凝胶空白制剂-251217-Side-24h-750X-1.mp4,145,0.5,0.5,3,centered moving average on extracted normalized projected area,linear interpolation to regular 0.5 h grid after smoothing,0.0,5.0
02 low viscosity,pH 1.2,21.0,1,0.3163842961752709,0.0,02-pH1.2T-亲水凝胶空白制剂-251217-Side-24h-750X-1.mp4,145,0.5,0.5,3,centered moving average on extracted normalized projected area,linear interpolation to regular 0.5 h grid after smoothing,0.0,5.0
02 low viscosity,pH 1.2,21.5,1,0.3253884814150491,0.0,02-pH1.2T-亲水凝胶空白制剂-251217-Side-24h-750X-1.mp4,145,0.5,0.5,3,centered moving average on extracted normalized projected area,linear interpolation to regular 0.5 h grid after smoothing,0.0,5.0
02 low viscosity,pH 1.2,22.0,1,0.3514097805560981,0.0,02-pH1.2T-亲水凝胶空白制剂-251217-Side-24h-750X-1.mp4,145,0.5,0.5,3,centered moving average on extracted normalized projected area,linear interpolation to regular 0.5 h grid after smoothing,0.0,5.0
02 low viscosity,pH 1.2,22.5,1,0.39165231135342476,0.0,02-pH1.2T-亲水凝胶空白制剂-251217-Side-24h-750X-1.mp4,145,0.5,0.5,3,centered moving average on extracted normalized projected area,linear interpolation to regular 0.5 h grid after smoothing,0.0,5.0
02 low viscosity,pH 1.2,23.0,1,0.4157402309873495,0.0,02-pH1.2T-亲水凝胶空白制剂-251217-Side-24h-750X-1.mp4,145,0.5,0.5,3,centered moving average on extracted normalized projected area,linear interpolation to regular 0.5 h grid after smoothing,0.0,5.0
02 low viscosity,pH 1.2,23.5,1,0.38494734411905723,0.0,02-pH1.2T-亲水凝胶空白制剂-251217-Side-24h-750X-1.mp4,145,0.5,0.5,3,centered moving average on extracted normalized projected area,linear interpolation to regular 0.5 h grid after smoothing,0.0,5.0
02 low viscosity,pH 1.2,24.0,1,0.41666651867374654,0.0,02-pH1.2T-亲水凝胶空白制剂-251217-Side-24h-750X-1.mp4,145,0.5,0.5,3,centered moving average on extracted normalized projected area,linear interpolation to regular 0.5 h grid after smoothing,0.0,5.0
02 low viscosity,pH 4.5,0.0,1,1.098528183472928,0.0,02-pH4.5T-亲水凝胶空白制剂-251217-Side-24h-750X-1.mp4,145,0.5,0.5,3,centered moving average on extracted normalized projected area,linear interpolation to regular 0.5 h grid after smoothing,0.0,5.0
02 low viscosity,pH 4.5,0.5,1,1.508020174390681,0.0,02-pH4.5T-亲水凝胶空白制剂-251217-Side-24h-750X-1.mp4,145,0.5,0.5,3,centered moving average on extracted normalized projected area,linear interpolation to regular 0.5 h grid after smoothing,0.0,5.0
02 low viscosity,pH 4.5,1.0,1,1.738339661401226,0.0,02-pH4.5T-亲水凝胶空白制剂-251217-Side-24h-750X-1.mp4,145,0.5,0.5,3,centered moving average on extracted normalized projected area,linear interpolation to regular 0.5 h grid after smoothing,0.0,5.0
02 low viscosity,pH 4.5,1.5,1,1.8904573179862438,0.0,02-pH4.5T-亲水凝胶空白制剂-251217-Side-24h-750X-1.mp4,145,0.5,0.5,3,centered moving average on extracted normalized projected area,linear interpolation to regular 0.5 h grid after smoothing,0.0,5.0
02 low viscosity,pH 4.5,2.0,1,1.9924285028157407,0.0,02-pH4.5T-亲水凝胶空白制剂-251217-Side-24h-750X-1.mp4,145,0.5,0.5,3,centered moving average on extracted normalized projected area,linear interpolation to regular 0.5 h grid after smoothing,0.0,5.0
02 low viscosity,pH 4.5,2.5,1,2.1197951502929993,0.0,02-pH4.5T-亲水凝胶空白制剂-251217-Side-24h-750X-1.mp4,145,0.5,0.5,3,centered moving average on extracted normalized projected area,linear interpolation to regular 0.5 h grid after smoothing,0.0,5.0
02 low viscosity,pH 4.5,3.0,1,2.2214091681003265,0.0,02-pH4.5T-亲水凝胶空白制剂-251217-Side-24h-750X-1.mp4,145,0.5,0.5,3,centered moving average on extracted normalized projected area,linear interpolation to regular 0.5 h grid after smoothing,0.0,5.0
02 low viscosity,pH 4.5,3.5,1,2.380465515080324,0.0,02-pH4.5T-亲水凝胶空白制剂-251217-Side-24h-750X-1.mp4,145,0.5,0.5,3,centered moving average on extracted normalized projected area,linear interpolation to regular 0.5 h grid after smoothing,0.0,5.0
02 low viscosity,pH 4.5,4.0,1,2.4551184141784215,0.0,02-pH4.5T-亲水凝胶空白制剂-251217-Side-24h-750X-1.mp4,145,0.5,0.5,3,centered moving average on extracted normalized projected area,linear interpolation to regular 0.5 h grid after smoothing,0.0,5.0
02 low viscosity,pH 4.5,4.5,1,2.531307575157592,0.0,02-pH4.5T-亲水凝胶空白制剂-251217-Side-24h-750X-1.mp4,145,0.5,0.5,3,centered moving average on extracted normalized projected area,linear interpolation to regular 0.5 h grid after smoothing,0.0,5.0
02 low viscosity,pH 4.5,5.0,1,2.6087135442837193,0.0,02-pH4.5T-亲水凝胶空白制剂-251217-Side-24h-750X-1.mp4,145,0.5,0.5,3,centered moving average on extracted normalized projected area,linear interpolation to regular 0.5 h grid after smoothing,0.0,5.0
02 low viscosity,pH 4.5,5.5,1,2.7188097242604035,0.0,02-pH4.5T-亲水凝胶空白制剂-251217-Side-24h-750X-1.mp4,145,0.5,0.5,3,centered moving average on extracted normalized projected area,linear interpolation to regular 0.5 h grid after smoothing,0.0,5.0
02 low viscosity,pH 4.5,6.0,1,2.8669530658130156,0.0,02-pH4.5T-亲水凝胶空白制剂-251217-Side-24h-750X-1.mp4,145,0.5,0.5,3,centered moving average on extracted normalized projected area,linear interpolation to regular 0.5 h grid after smoothing,0.0,5.0
02 low viscosity,pH 4.5,6.5,1,2.9102279546420067,0.0,02-pH4.5T-亲水凝胶空白制剂-251217-Side-24h-750X-1.mp4,145,0.5,0.5,3,centered moving average on extracted normalized projected area,linear interpolation to regular 0.5 h grid after smoothing,0.0,5.0
02 low viscosity,pH 4.5,7.0,1,2.91207424193518,0.0,02-pH4.5T-亲水凝胶空白制剂-251217-Side-24h-750X-1.mp4,145,0.5,0.5,3,centered moving average on extracted normalized projected area,linear interpolation to regular 0.5 h grid after smoothing,0.0,5.0
02 low viscosity,pH 4.5,7.5,1,2.99833673307533,0.0,02-pH4.5T-亲水凝胶空白制剂-251217-Side-24h-750X-1.mp4,145,0.5,0.5,3,centered moving average on extracted normalized projected area,linear interpolation to regular 0.5 h grid after smoothing,0.0,5.0
02 low viscosity,pH 4.5,8.0,1,3.020294185831118,0.0,02-pH4.5T-亲水凝胶空白制剂-251217-Side-24h-750X-1.mp4,145,0.5,0.5,3,centered moving average on extracted normalized projected area,linear interpolation to regular 0.5 h grid after smoothing,0.0,5.0
02 low viscosity,pH 4.5,8.5,1,3.0395712220991,0.0,02-pH4.5T-亲水凝胶空白制剂-251217-Side-24h-750X-1.mp4,145,0.5,0.5,3,centered moving average on extracted normalized projected area,linear interpolation to regular 0.5 h grid after smoothing,0.0,5.0
02 low viscosity,pH 4.5,9.0,1,3.046474417634734,0.0,02-pH4.5T-亲水凝胶空白制剂-251217-Side-24h-750X-1.mp4,145,0.5,0.5,3,centered moving average on extracted normalized projected area,linear interpolation to regular 0.5 h grid after smoothing,0.0,5.0
02 low viscosity,pH 4.5,9.5,1,3.0512229642866253,0.0,02-pH4.5T-亲水凝胶空白制剂-251217-Side-24h-750X-1.mp4,145,0.5,0.5,3,centered moving average on extracted normalized projected area,linear interpolation to regular 0.5 h grid after smoothing,0.0,5.0
02 low viscosity,pH 4.5,10.0,1,3.0190169255018358,0.0,02-pH4.5T-亲水凝胶空白制剂-251217-Side-24h-750X-1.mp4,145,0.5,0.5,3,centered moving average on extracted normalized projected area,linear interpolation to regular 0.5 h grid after smoothing,0.0,5.0
02 low viscosity,pH 4.5,10.5,1,2.9797474097071786,0.0,02-pH4.5T-亲水凝胶空白制剂-251217-Side-24h-750X-1.mp4,145,0.5,0.5,3,centered moving average on extracted normalized projected area,linear interpolation to regular 0.5 h grid after smoothing,0.0,5.0
02 low viscosity,pH 4.5,11.0,1,2.9224309763637515,0.0,02-pH4.5T-亲水凝胶空白制剂-251217-Side-24h-750X-1.mp4,145,0.5,0.5,3,centered moving average on extracted normalized projected area,linear interpolation to regular 0.5 h grid after smoothing,0.0,5.0
02 low viscosity,pH 4.5,11.5,1,2.8893442213814375,0.0,02-pH4.5T-亲水凝胶空白制剂-251217-Side-24h-750X-1.mp4,145,0.5,0.5,3,centered moving average on extracted normalized projected area,linear interpolation to regular 0.5 h grid after smoothing,0.0,5.0
02 low viscosity,pH 4.5,12.0,1,2.8219428111263074,0.0,02-pH4.5T-亲水凝胶空白制剂-251217-Side-24h-750X-1.mp4,145,0.5,0.5,3,centered moving average on extracted normalized projected area,linear interpolation to regular 0.5 h grid after smoothing,0.0,5.0
02 low viscosity,pH 4.5,12.5,1,2.765823774678633,0.0,02-pH4.5T-亲水凝胶空白制剂-251217-Side-24h-750X-1.mp4,145,0.5,0.5,3,centered moving average on extracted normalized projected area,linear interpolation to regular 0.5 h grid after smoothing,0.0,5.0
02 low viscosity,pH 4.5,13.0,1,2.7143551194124718,0.0,02-pH4.5T-亲水凝胶空白制剂-251217-Side-24h-750X-1.mp4,145,0.5,0.5,3,centered moving average on extracted normalized projected area,linear interpolation to regular 0.5 h grid after smoothing,0.0,5.0
02 low viscosity,pH 4.5,13.5,1,2.6510350633749624,0.0,02-pH4.5T-亲水凝胶空白制剂-251217-Side-24h-750X-1.mp4,145,0.5,0.5,3,centered moving average on extracted normalized projected area,linear interpolation to regular 0.5 h grid after smoothing,0.0,5.0
02 low viscosity,pH 4.5,14.0,1,2.599337355344583,0.0,02-pH4.5T-亲水凝胶空白制剂-251217-Side-24h-750X-1.mp4,145,0.5,0.5,3,centered moving average on extracted normalized projected area,linear interpolation to regular 0.5 h grid after smoothing,0.0,5.0
02 low viscosity,pH 4.5,14.5,1,2.537763757308335,0.0,02-pH4.5T-亲水凝胶空白制剂-251217-Side-24h-750X-1.mp4,145,0.5,0.5,3,centered moving average on extracted normalized projected area,linear interpolation to regular 0.5 h grid after smoothing,0.0,5.0
02 low viscosity,pH 4.5,15.0,1,2.4778728374479644,0.0,02-pH4.5T-亲水凝胶空白制剂-251217-Side-24h-750X-1.mp4,145,0.5,0.5,3,centered moving average on extracted normalized projected area,linear interpolation to regular 0.5 h grid after smoothing,0.0,5.0
02 low viscosity,pH 4.5,15.5,1,2.4237581513389883,0.0,02-pH4.5T-亲水凝胶空白制剂-251217-Side-24h-750X-1.mp4,145,0.5,0.5,3,centered moving average on extracted normalized projected area,linear interpolation to regular 0.5 h grid after smoothing,0.0,5.0
02 low viscosity,pH 4.5,16.0,1,2.379992989765279,0.0,02-pH4.5T-亲水凝胶空白制剂-251217-Side-24h-750X-1.mp4,145,0.5,0.5,3,centered moving average on extracted normalized projected area,linear interpolation to regular 0.5 h grid after smoothing,0.0,5.0
02 low viscosity,pH 4.5,16.5,1,2.3518788427344792,0.0,02-pH4.5T-亲水凝胶空白制剂-251217-Side-24h-750X-1.mp4,145,0.5,0.5,3,centered moving average on extracted normalized projected area,linear interpolation to regular 0.5 h grid after smoothing,0.0,5.0
02 low viscosity,pH 4.5,17.0,1,2.3222589372173577,0.0,02-pH4.5T-亲水凝胶空白制剂-251217-Side-24h-750X-1.mp4,145,0.5,0.5,3,centered moving average on extracted normalized projected area,linear interpolation to regular 0.5 h grid after smoothing,0.0,5.0
02 low viscosity,pH 4.5,17.5,1,2.2421248553861783,0.0,02-pH4.5T-亲水凝胶空白制剂-251217-Side-24h-750X-1.mp4,145,0.5,0.5,3,centered moving average on extracted normalized projected area,linear interpolation to regular 0.5 h grid after smoothing,0.0,5.0
02 low viscosity,pH 4.5,18.0,1,2.192224629217372,0.0,02-pH4.5T-亲水凝胶空白制剂-251217-Side-24h-750X-1.mp4,145,0.5,0.5,3,centered moving average on extracted normalized projected area,linear interpolation to regular 0.5 h grid after smoothing,0.0,5.0
02 low viscosity,pH 4.5,18.5,1,2.132750219347139,0.0,02-pH4.5T-亲水凝胶空白制剂-251217-Side-24h-750X-1.mp4,145,0.5,0.5,3,centered moving average on extracted normalized projected area,linear interpolation to regular 0.5 h grid after smoothing,0.0,5.0
02 low viscosity,pH 4.5,19.0,1,2.035037863031993,0.0,02-pH4.5T-亲水凝胶空白制剂-251217-Side-24h-750X-1.mp4,145,0.5,0.5,3,centered moving average on extracted normalized projected area,linear interpolation to regular 0.5 h grid after smoothing,0.0,5.0
02 low viscosity,pH 4.5,19.5,1,1.9237143373719825,0.0,02-pH4.5T-亲水凝胶空白制剂-251217-Side-24h-750X-1.mp4,145,0.5,0.5,3,centered moving average on extracted normalized projected area,linear interpolation to regular 0.5 h grid after smoothing,0.0,5.0
02 low viscosity,pH 4.5,20.0,1,1.8658294316718411,0.0,02-pH4.5T-亲水凝胶空白制剂-251217-Side-24h-750X-1.mp4,145,0.5,0.5,3,centered moving average on extracted normalized projected area,linear interpolation to regular 0.5 h grid after smoothing,0.0,5.0
02 low viscosity,pH 4.5,20.5,1,1.8225578704859136,0.0,02-pH4.5T-亲水凝胶空白制剂-251217-Side-24h-750X-1.mp4,145,0.5,0.5,3,centered moving average on extracted normalized projected area,linear interpolation to regular 0.5 h grid after smoothing,0.0,5.0
02 low viscosity,pH 4.5,21.0,1,1.7665503100808728,0.0,02-pH4.5T-亲水凝胶空白制剂-251217-Side-24h-750X-1.mp4,145,0.5,0.5,3,centered moving average on extracted normalized projected area,linear interpolation to regular 0.5 h grid after smoothing,0.0,5.0
02 low viscosity,pH 4.5,21.5,1,1.7323521223152856,0.0,02-pH4.5T-亲水凝胶空白制剂-251217-Side-24h-750X-1.mp4,145,0.5,0.5,3,centered moving average on extracted normalized projected area,linear interpolation to regular 0.5 h grid after smoothing,0.0,5.0
02 low viscosity,pH 4.5,22.0,1,1.7511427680887903,0.0,02-pH4.5T-亲水凝胶空白制剂-251217-Side-24h-750X-1.mp4,145,0.5,0.5,3,centered moving average on extracted normalized projected area,linear interpolation to regular 0.5 h grid after smoothing,0.0,5.0
02 low viscosity,pH 4.5,22.5,1,1.8335302188812685,0.0,02-pH4.5T-亲水凝胶空白制剂-251217-Side-24h-750X-1.mp4,145,0.5,0.5,3,centered moving average on extracted normalized projected area,linear interpolation to regular 0.5 h grid after smoothing,0.0,5.0
02 low viscosity,pH 4.5,23.0,1,1.7622088450971063,0.0,02-pH4.5T-亲水凝胶空白制剂-251217-Side-24h-750X-1.mp4,145,0.5,0.5,3,centered moving average on extracted normalized projected area,linear interpolation to regular 0.5 h grid after smoothing,0.0,5.0
02 low viscosity,pH 4.5,23.5,1,1.7276141131997615,0.0,02-pH4.5T-亲水凝胶空白制剂-251217-Side-24h-750X-1.mp4,145,0.5,0.5,3,centered moving average on extracted normalized projected area,linear interpolation to regular 0.5 h grid after smoothing,0.0,5.0
02 low viscosity,pH 4.5,24.0,1,1.6601694435848036,0.0,02-pH4.5T-亲水凝胶空白制剂-251217-Side-24h-750X-1.mp4,145,0.5,0.5,3,centered moving average on extracted normalized projected area,linear interpolation to regular 0.5 h grid after smoothing,0.0,5.0
02 low viscosity,pH 6.8,0.0,1,1.1373433390066534,0.0,02-pH6.8T-亲水凝胶空白制剂-251217-Side-24h-750X-1.mp4,145,0.5,0.5,3,centered moving average on extracted normalized projected area,linear interpolation to regular 0.5 h grid after smoothing,0.0,5.0
02 low viscosity,pH 6.8,0.5,1,1.4635989478570322,0.0,02-pH6.8T-亲水凝胶空白制剂-251217-Side-24h-750X-1.mp4,145,0.5,0.5,3,centered moving average on extracted normalized projected area,linear interpolation to regular 0.5 h grid after smoothing,0.0,5.0
02 low viscosity,pH 6.8,1.0,1,1.7799747279385219,0.0,02-pH6.8T-亲水凝胶空白制剂-251217-Side-24h-750X-1.mp4,145,0.5,0.5,3,centered moving average on extracted normalized projected area,linear interpolation to regular 0.5 h grid after smoothing,0.0,5.0
02 low viscosity,pH 6.8,1.5,1,1.9920274382381766,0.0,02-pH6.8T-亲水凝胶空白制剂-251217-Side-24h-750X-1.mp4,145,0.5,0.5,3,centered moving average on extracted normalized projected area,linear interpolation to regular 0.5 h grid after smoothing,0.0,5.0
02 low viscosity,pH 6.8,2.0,1,2.1360554953839803,0.0,02-pH6.8T-亲水凝胶空白制剂-251217-Side-24h-750X-1.mp4,145,0.5,0.5,3,centered moving average on extracted normalized projected area,linear interpolation to regular 0.5 h grid after smoothing,0.0,5.0
02 low viscosity,pH 6.8,2.5,1,2.2517845169941717,0.0,02-pH6.8T-亲水凝胶空白制剂-251217-Side-24h-750X-1.mp4,145,0.5,0.5,3,centered moving average on extracted normalized projected area,linear interpolation to regular 0.5 h grid after smoothing,0.0,5.0
02 low viscosity,pH 6.8,3.0,1,2.330007220588994,0.0,02-pH6.8T-亲水凝胶空白制剂-251217-Side-24h-750X-1.mp4,145,0.5,0.5,3,centered moving average on extracted normalized projected area,linear interpolation to regular 0.5 h grid after smoothing,0.0,5.0
02 low viscosity,pH 6.8,3.5,1,2.3783454536077158,0.0,02-pH6.8T-亲水凝胶空白制剂-251217-Side-24h-750X-1.mp4,145,0.5,0.5,3,centered moving average on extracted normalized projected area,linear interpolation to regular 0.5 h grid after smoothing,0.0,5.0
02 low viscosity,pH 6.8,4.0,1,2.459847336118418,0.0,02-pH6.8T-亲水凝胶空白制剂-251217-Side-24h-750X-1.mp4,145,0.5,0.5,3,centered moving average on extracted normalized projected area,linear interpolation to regular 0.5 h grid after smoothing,0.0,5.0
02 low viscosity,pH 6.8,4.5,1,2.531505492805199,0.0,02-pH6.8T-亲水凝胶空白制剂-251217-Side-24h-750X-1.mp4,145,0.5,0.5,3,centered moving average on extracted normalized projected area,linear interpolation to regular 0.5 h grid after smoothing,0.0,5.0
02 low viscosity,pH 6.8,5.0,1,2.6144927536231886,0.0,02-pH6.8T-亲水凝胶空白制剂-251217-Side-24h-750X-1.mp4,145,0.5,0.5,3,centered moving average on extracted normalized projected area,linear interpolation to regular 0.5 h grid after smoothing,0.0,5.0
02 low viscosity,pH 6.8,5.5,1,2.679019031409562,0.0,02-pH6.8T-亲水凝胶空白制剂-251217-Side-24h-750X-1.mp4,145,0.5,0.5,3,centered moving average on extracted normalized projected area,linear interpolation to regular 0.5 h grid after smoothing,0.0,5.0
02 low viscosity,pH 6.8,6.0,1,2.7398679663726857,0.0,02-pH6.8T-亲水凝胶空白制剂-251217-Side-24h-750X-1.mp4,145,0.5,0.5,3,centered moving average on extracted normalized projected area,linear interpolation to regular 0.5 h grid after smoothing,0.0,5.0
02 low viscosity,pH 6.8,6.5,1,2.7977616174119344,0.0,02-pH6.8T-亲水凝胶空白制剂-251217-Side-24h-750X-1.mp4,145,0.5,0.5,3,centered moving average on extracted normalized projected area,linear interpolation to regular 0.5 h grid after smoothing,0.0,5.0
02 low viscosity,pH 6.8,7.0,1,2.8246051885089485,0.0,02-pH6.8T-亲水凝胶空白制剂-251217-Side-24h-750X-1.mp4,145,0.5,0.5,3,centered moving average on extracted normalized projected area,linear interpolation to regular 0.5 h grid after smoothing,0.0,5.0
02 low viscosity,pH 6.8,7.5,1,2.8607220588993756,0.0,02-pH6.8T-亲水凝胶空白制剂-251217-Side-24h-750X-1.mp4,145,0.5,0.5,3,centered moving average on extracted normalized projected area,linear interpolation to regular 0.5 h grid after smoothing,0.0,5.0
02 low viscosity,pH 6.8,8.0,1,2.906397441848471,0.0,02-pH6.8T-亲水凝胶空白制剂-251217-Side-24h-750X-1.mp4,145,0.5,0.5,3,centered moving average on extracted normalized projected area,linear interpolation to regular 0.5 h grid after smoothing,0.0,5.0
02 low viscosity,pH 6.8,8.5,1,3.004155964722266,0.0,02-pH6.8T-亲水凝胶空白制剂-251217-Side-24h-750X-1.mp4,145,0.5,0.5,3,centered moving average on extracted normalized projected area,linear interpolation to regular 0.5 h grid after smoothing,0.0,5.0
02 low viscosity,pH 6.8,9.0,1,3.0572009902522055,0.0,02-pH6.8T-亲水凝胶空白制剂-251217-Side-24h-750X-1.mp4,145,0.5,0.5,3,centered moving average on extracted normalized projected area,linear interpolation to regular 0.5 h grid after smoothing,0.0,5.0
02 low viscosity,pH 6.8,9.5,1,3.0634648512042912,0.0,02-pH6.8T-亲水凝胶空白制剂-251217-Side-24h-750X-1.mp4,145,0.5,0.5,3,centered moving average on extracted normalized projected area,linear interpolation to regular 0.5 h grid after smoothing,0.0,5.0
02 low viscosity,pH 6.8,10.0,1,3.07271236267987,0.0,02-pH6.8T-亲水凝胶空白制剂-251217-Side-24h-750X-1.mp4,145,0.5,0.5,3,centered moving average on extracted normalized projected area,linear interpolation to regular 0.5 h grid after smoothing,0.0,5.0
02 low viscosity,pH 6.8,10.5,1,3.0907772448295425,0.0,02-pH6.8T-亲水凝胶空白制剂-251217-Side-24h-750X-1.mp4,145,0.5,0.5,3,centered moving average on extracted normalized projected area,linear interpolation to regular 0.5 h grid after smoothing,0.0,5.0
02 low viscosity,pH 6.8,11.0,1,3.0902289958223736,0.0,02-pH6.8T-亲水凝胶空白制剂-251217-Side-24h-750X-1.mp4,145,0.5,0.5,3,centered moving average on extracted normalized projected area,linear interpolation to regular 0.5 h grid after smoothing,0.0,5.0
02 low viscosity,pH 6.8,11.5,1,3.0847681675176646,0.0,02-pH6.8T-亲水凝胶空白制剂-251217-Side-24h-750X-1.mp4,145,0.5,0.5,3,centered moving average on extracted normalized projected area,linear interpolation to regular 0.5 h grid after smoothing,0.0,5.0
02 low viscosity,pH 6.8,12.0,1,3.0571953169322814,0.0,02-pH6.8T-亲水凝胶空白制剂-251217-Side-24h-750X-1.mp4,145,0.5,0.5,3,centered moving average on extracted normalized projected area,linear interpolation to regular 0.5 h grid after smoothing,0.0,5.0
02 low viscosity,pH 6.8,12.5,1,3.0335293207488783,0.0,02-pH6.8T-亲水凝胶空白制剂-251217-Side-24h-750X-1.mp4,145,0.5,0.5,3,centered moving average on extracted normalized projected area,linear interpolation to regular 0.5 h grid after smoothing,0.0,5.0
02 low viscosity,pH 6.8,13.0,1,3.017012223425654,0.0,02-pH6.8T-亲水凝胶空白制剂-251217-Side-24h-750X-1.mp4,145,0.5,0.5,3,centered moving average on extracted normalized projected area,linear interpolation to regular 0.5 h grid after smoothing,0.0,5.0
02 low viscosity,pH 6.8,13.5,1,2.9879044819227403,0.0,02-pH6.8T-亲水凝胶空白制剂-251217-Side-24h-750X-1.mp4,145,0.5,0.5,3,centered moving average on extracted normalized projected area,linear interpolation to regular 0.5 h grid after smoothing,0.0,5.0
02 low viscosity,pH 6.8,14.0,1,2.973837743050183,0.0,02-pH6.8T-亲水凝胶空白制剂-251217-Side-24h-750X-1.mp4,145,0.5,0.5,3,centered moving average on extracted normalized projected area,linear interpolation to regular 0.5 h grid after smoothing,0.0,5.0
02 low viscosity,pH 6.8,14.5,1,2.9429614730001545,0.0,02-pH6.8T-亲水凝胶空白制剂-251217-Side-24h-750X-1.mp4,145,0.5,0.5,3,centered moving average on extracted normalized projected area,linear interpolation to regular 0.5 h grid after smoothing,0.0,5.0
02 low viscosity,pH 6.8,15.0,1,2.9189628139666817,0.0,02-pH6.8T-亲水凝胶空白制剂-251217-Side-24h-750X-1.mp4,145,0.5,0.5,3,centered moving average on extracted normalized projected area,linear interpolation to regular 0.5 h grid after smoothing,0.0,5.0
02 low viscosity,pH 6.8,15.5,1,2.9302418897312905,0.0,02-pH6.8T-亲水凝胶空白制剂-251217-Side-24h-750X-1.mp4,145,0.5,0.5,3,centered moving average on extracted normalized projected area,linear interpolation to regular 0.5 h grid after smoothing,0.0,5.0
02 low viscosity,pH 6.8,16.0,1,2.9547851874774356,0.0,02-pH6.8T-亲水凝胶空白制剂-251217-Side-24h-750X-1.mp4,145,0.5,0.5,3,centered moving average on extracted normalized projected area,linear interpolation to regular 0.5 h grid after smoothing,0.0,5.0
02 low viscosity,pH 6.8,16.5,1,2.707150446129248,0.0,02-pH6.8T-亲水凝胶空白制剂-251217-Side-24h-750X-1.mp4,145,0.5,0.5,3,centered moving average on extracted normalized projected area,linear interpolation to regular 0.5 h grid after smoothing,0.0,5.0
02 low viscosity,pH 6.8,17.0,1,2.6363118262932606,0.0,02-pH6.8T-亲水凝胶空白制剂-251217-Side-24h-750X-1.mp4,145,0.5,0.5,3,centered moving average on extracted normalized projected area,linear interpolation to regular 0.5 h grid after smoothing,0.0,5.0
02 low viscosity,pH 6.8,17.5,1,2.751225952859869,0.0,02-pH6.8T-亲水凝胶空白制剂-251217-Side-24h-750X-1.mp4,145,0.5,0.5,3,centered moving average on extracted normalized projected area,linear interpolation to regular 0.5 h grid after smoothing,0.0,5.0
02 low viscosity,pH 6.8,18.0,1,2.7129599257310852,0.0,02-pH6.8T-亲水凝胶空白制剂-251217-Side-24h-750X-1.mp4,145,0.5,0.5,3,centered moving average on extracted normalized projected area,linear interpolation to regular 0.5 h grid after smoothing,0.0,5.0
02 low viscosity,pH 6.8,18.5,1,2.6311826293259064,0.0,02-pH6.8T-亲水凝胶空白制剂-251217-Side-24h-750X-1.mp4,145,0.5,0.5,3,centered moving average on extracted normalized projected area,linear interpolation to regular 0.5 h grid after smoothing,0.0,5.0
02 low viscosity,pH 6.8,19.0,1,2.689300118623962,0.0,02-pH6.8T-亲水凝胶空白制剂-251217-Side-24h-750X-1.mp4,145,0.5,0.5,3,centered moving average on extracted normalized projected area,linear interpolation to regular 0.5 h grid after smoothing,0.0,5.0
02 low viscosity,pH 6.8,19.5,1,2.652166176698128,0.0,02-pH6.8T-亲水凝胶空白制剂-251217-Side-24h-750X-1.mp4,145,0.5,0.5,3,centered moving average on extracted normalized projected area,linear interpolation to regular 0.5 h grid after smoothing,0.0,5.0
02 low viscosity,pH 6.8,20.0,1,2.6087683738202077,0.0,02-pH6.8T-亲水凝胶空白制剂-251217-Side-24h-750X-1.mp4,145,0.5,0.5,3,centered moving average on extracted normalized projected area,linear interpolation to regular 0.5 h grid after smoothing,0.0,5.0
02 low viscosity,pH 6.8,20.5,1,2.5915771829387797,0.0,02-pH6.8T-亲水凝胶空白制剂-251217-Side-24h-750X-1.mp4,145,0.5,0.5,3,centered moving average on extracted normalized projected area,linear interpolation to regular 0.5 h grid after smoothing,0.0,5.0
02 low viscosity,pH 6.8,21.0,1,2.5787559956676467,0.0,02-pH6.8T-亲水凝胶空白制剂-251217-Side-24h-750X-1.mp4,145,0.5,0.5,3,centered moving average on extracted normalized projected area,linear interpolation to regular 0.5 h grid after smoothing,0.0,5.0
02 low viscosity,pH 6.8,21.5,1,2.562620558048378,0.0,02-pH6.8T-亲水凝胶空白制剂-251217-Side-24h-750X-1.mp4,145,0.5,0.5,3,centered moving average on extracted normalized projected area,linear interpolation to regular 0.5 h grid after smoothing,0.0,5.0
02 low viscosity,pH 6.8,22.0,1,2.547619784413843,0.0,02-pH6.8T-亲水凝胶空白制剂-251217-Side-24h-750X-1.mp4,145,0.5,0.5,3,centered moving average on extracted normalized projected area,linear interpolation to regular 0.5 h grid after smoothing,0.0,5.0
02 low viscosity,pH 6.8,22.5,1,2.5248300582804686,0.0,02-pH6.8T-亲水凝胶空白制剂-251217-Side-24h-750X-1.mp4,145,0.5,0.5,3,centered moving average on extracted normalized projected area,linear interpolation to regular 0.5 h grid after smoothing,0.0,5.0
02 low viscosity,pH 6.8,23.0,1,2.562123368920522,0.0,02-pH6.8T-亲水凝胶空白制剂-251217-Side-24h-750X-1.mp4,145,0.5,0.5,3,centered moving average on extracted normalized projected area,linear interpolation to regular 0.5 h grid after smoothing,0.0,5.0
02 low viscosity,pH 6.8,23.5,1,2.53756872453453,0.0,02-pH6.8T-亲水凝胶空白制剂-251217-Side-24h-750X-1.mp4,145,0.5,0.5,3,centered moving average on extracted normalized projected area,linear interpolation to regular 0.5 h grid after smoothing,0.0,5.0
02 low viscosity,pH 6.8,24.0,1,2.551937954510289,0.0,02-pH6.8T-亲水凝胶空白制剂-251217-Side-24h-750X-1.mp4,145,0.5,0.5,3,centered moving average on extracted normalized projected area,linear interpolation to regular 0.5 h grid after smoothing,0.0,5.0
03 standard viscosity,pH 1.2,0.0,1,1.1300131199807173,0.0,03-pH1.2T-亲水凝胶空白制剂-251203-Side-24h-750X-2.mp4,145,0.5,0.5,3,centered moving average on extracted normalized projected area,linear interpolation to regular 0.5 h grid after smoothing,0.0,5.0
03 standard viscosity,pH 1.2,0.5,1,1.5788057074198647,0.0,03-pH1.2T-亲水凝胶空白制剂-251203-Side-24h-750X-2.mp4,145,0.5,0.5,3,centered moving average on extracted normalized projected area,linear interpolation to regular 0.5 h grid after smoothing,0.0,5.0
03 standard viscosity,pH 1.2,1.0,1,1.824093196600674,0.0,03-pH1.2T-亲水凝胶空白制剂-251203-Side-24h-750X-2.mp4,145,0.5,0.5,3,centered moving average on extracted normalized projected area,linear interpolation to regular 0.5 h grid after smoothing,0.0,5.0
03 standard viscosity,pH 1.2,1.5,1,1.9784300943323876,0.0,03-pH1.2T-亲水凝胶空白制剂-251203-Side-24h-750X-2.mp4,145,0.5,0.5,3,centered moving average on extracted normalized projected area,linear interpolation to regular 0.5 h grid after smoothing,0.0,5.0
03 standard viscosity,pH 1.2,2.0,1,2.109766853286295,0.0,03-pH1.2T-亲水凝胶空白制剂-251203-Side-24h-750X-2.mp4,145,0.5,0.5,3,centered moving average on extracted normalized projected area,linear interpolation to regular 0.5 h grid after smoothing,0.0,5.0
03 standard viscosity,pH 1.2,2.5,1,2.2308504888265603,0.0,03-pH1.2T-亲水凝胶空白制剂-251203-Side-24h-750X-2.mp4,145,0.5,0.5,3,centered moving average on extracted normalized projected area,linear interpolation to regular 0.5 h grid after smoothing,0.0,5.0
03 standard viscosity,pH 1.2,3.0,1,2.3382037952077837,0.0,03-pH1.2T-亲水凝胶空白制剂-251203-Side-24h-750X-2.mp4,145,0.5,0.5,3,centered moving average on extracted normalized projected area,linear interpolation to regular 0.5 h grid after smoothing,0.0,5.0
03 standard viscosity,pH 1.2,3.5,1,2.441660366884694,0.0,03-pH1.2T-亲水凝胶空白制剂-251203-Side-24h-750X-2.mp4,145,0.5,0.5,3,centered moving average on extracted normalized projected area,linear interpolation to regular 0.5 h grid after smoothing,0.0,5.0
03 standard viscosity,pH 1.2,4.0,1,2.5516554731410164,0.0,03-pH1.2T-亲水凝胶空白制剂-251203-Side-24h-750X-2.mp4,145,0.5,0.5,3,centered moving average on extracted normalized projected area,linear interpolation to regular 0.5 h grid after smoothing,0.0,5.0
03 standard viscosity,pH 1.2,4.5,1,2.68700583231989,0.0,03-pH1.2T-亲水凝胶空白制剂-251203-Side-24h-750X-2.mp4,145,0.5,0.5,3,centered moving average on extracted normalized projected area,linear interpolation to regular 0.5 h grid after smoothing,0.0,5.0
03 standard viscosity,pH 1.2,5.0,1,2.7679598566936554,0.0,03-pH1.2T-亲水凝胶空白制剂-251203-Side-24h-750X-2.mp4,145,0.5,0.5,3,centered moving average on extracted normalized projected area,linear interpolation to regular 0.5 h grid after smoothing,0.0,5.0
03 standard viscosity,pH 1.2,5.5,1,2.821008585963721,0.0,03-pH1.2T-亲水凝胶空白制剂-251203-Side-24h-750X-2.mp4,145,0.5,0.5,3,centered moving average on extracted normalized projected area,linear interpolation to regular 0.5 h grid after smoothing,0.0,5.0
03 standard viscosity,pH 1.2,6.0,1,2.893050244869786,0.0,03-pH1.2T-亲水凝胶空白制剂-251203-Side-24h-750X-2.mp4,145,0.5,0.5,3,centered moving average on extracted normalized projected area,linear interpolation to regular 0.5 h grid after smoothing,0.0,5.0
03 standard viscosity,pH 1.2,6.5,1,2.949529616279367,0.0,03-pH1.2T-亲水凝胶空白制剂-251203-Side-24h-750X-2.mp4,145,0.5,0.5,3,centered moving average on extracted normalized projected area,linear interpolation to regular 0.5 h grid after smoothing,0.0,5.0
03 standard viscosity,pH 1.2,7.0,1,2.9921070122964437,0.0,03-pH1.2T-亲水凝胶空白制剂-251203-Side-24h-750X-2.mp4,145,0.5,0.5,3,centered moving average on extracted normalized projected area,linear interpolation to regular 0.5 h grid after smoothing,0.0,5.0
03 standard viscosity,pH 1.2,7.5,1,3.029769665362886,0.0,03-pH1.2T-亲水凝胶空白制剂-251203-Side-24h-750X-2.mp4,145,0.5,0.5,3,centered moving average on extracted normalized projected area,linear interpolation to regular 0.5 h grid after smoothing,0.0,5.0
03 standard viscosity,pH 1.2,8.0,1,3.0529113209821084,0.0,03-pH1.2T-亲水凝胶空白制剂-251203-Side-24h-750X-2.mp4,145,0.5,0.5,3,centered moving average on extracted normalized projected area,linear interpolation to regular 0.5 h grid after smoothing,0.0,5.0
03 standard viscosity,pH 1.2,8.5,1,3.033969976517335,0.0,03-pH1.2T-亲水凝胶空白制剂-251203-Side-24h-750X-2.mp4,145,0.5,0.5,3,centered moving average on extracted normalized projected area,linear interpolation to regular 0.5 h grid after smoothing,0.0,5.0
03 standard viscosity,pH 1.2,9.0,1,3.0500791581300053,0.0,03-pH1.2T-亲水凝胶空白制剂-251203-Side-24h-750X-2.mp4,145,0.5,0.5,3,centered moving average on extracted normalized projected area,linear interpolation to regular 0.5 h grid after smoothing,0.0,5.0
03 standard viscosity,pH 1.2,9.5,1,3.0245928880026587,0.0,03-pH1.2T-亲水凝胶空白制剂-251203-Side-24h-750X-2.mp4,145,0.5,0.5,3,centered moving average on extracted normalized projected area,linear interpolation to regular 0.5 h grid after smoothing,0.0,5.0
03 standard viscosity,pH 1.2,10.0,1,3.0040345994982083,0.0,03-pH1.2T-亲水凝胶空白制剂-251203-Side-24h-750X-2.mp4,145,0.5,0.5,3,centered moving average on extracted normalized projected area,linear interpolation to regular 0.5 h grid after smoothing,0.0,5.0
03 standard viscosity,pH 1.2,10.5,1,2.986255975662756,0.0,03-pH1.2T-亲水凝胶空白制剂-251203-Side-24h-750X-2.mp4,145,0.5,0.5,3,centered moving average on extracted normalized projected area,linear interpolation to regular 0.5 h grid after smoothing,0.0,5.0
03 standard viscosity,pH 1.2,11.0,1,2.944742238486007,0.0,03-pH1.2T-亲水凝胶空白制剂-251203-Side-24h-750X-2.mp4,145,0.5,0.5,3,centered moving average on extracted normalized projected area,linear interpolation to regular 0.5 h grid after smoothing,0.0,5.0
03 standard viscosity,pH 1.2,11.5,1,2.9180275108739715,0.0,03-pH1.2T-亲水凝胶空白制剂-251203-Side-24h-750X-2.mp4,145,0.5,0.5,3,centered moving average on extracted normalized projected area,linear interpolation to regular 0.5 h grid after smoothing,0.0,5.0
03 standard viscosity,pH 1.2,12.0,1,2.8862131554055783,0.0,03-pH1.2T-亲水凝胶空白制剂-251203-Side-24h-750X-2.mp4,145,0.5,0.5,3,centered moving average on extracted normalized projected area,linear interpolation to regular 0.5 h grid after smoothing,0.0,5.0
03 standard viscosity,pH 1.2,12.5,1,2.82545586683174,0.0,03-pH1.2T-亲水凝胶空白制剂-251203-Side-24h-750X-2.mp4,145,0.5,0.5,3,centered moving average on extracted normalized projected area,linear interpolation to regular 0.5 h grid after smoothing,0.0,5.0
03 standard viscosity,pH 1.2,13.0,1,2.762400070849722,0.0,03-pH1.2T-亲水凝胶空白制剂-251203-Side-24h-750X-2.mp4,145,0.5,0.5,3,centered moving average on extracted normalized projected area,linear interpolation to regular 0.5 h grid after smoothing,0.0,5.0
03 standard viscosity,pH 1.2,13.5,1,2.711037674522221,0.0,03-pH1.2T-亲水凝胶空白制剂-251203-Side-24h-750X-2.mp4,145,0.5,0.5,3,centered moving average on extracted normalized projected area,linear interpolation to regular 0.5 h grid after smoothing,0.0,5.0
03 standard viscosity,pH 1.2,14.0,1,2.6566810557338973,0.0,03-pH1.2T-亲水凝胶空白制剂-251203-Side-24h-750X-2.mp4,145,0.5,0.5,3,centered moving average on extracted normalized projected area,linear interpolation to regular 0.5 h grid after smoothing,0.0,5.0
03 standard viscosity,pH 1.2,14.5,1,2.6052241626768047,0.0,03-pH1.2T-亲水凝胶空白制剂-251203-Side-24h-750X-2.mp4,145,0.5,0.5,3,centered moving average on extracted normalized projected area,linear interpolation to regular 0.5 h grid after smoothing,0.0,5.0
03 standard viscosity,pH 1.2,15.0,1,2.553325371869739,0.0,03-pH1.2T-亲水凝胶空白制剂-251203-Side-24h-750X-2.mp4,145,0.5,0.5,3,centered moving average on extracted normalized projected area,linear interpolation to regular 0.5 h grid after smoothing,0.0,5.0
03 standard viscosity,pH 1.2,15.5,1,2.505125648694941,0.0,03-pH1.2T-亲水凝胶空白制剂-251203-Side-24h-750X-2.mp4,145,0.5,0.5,3,centered moving average on extracted normalized projected area,linear interpolation to regular 0.5 h grid after smoothing,0.0,5.0
03 standard viscosity,pH 1.2,16.0,1,2.4416959743480184,0.0,03-pH1.2T-亲水凝胶空白制剂-251203-Side-24h-750X-2.mp4,145,0.5,0.5,3,centered moving average on extracted normalized projected area,linear interpolation to regular 0.5 h grid after smoothing,0.0,5.0
03 standard viscosity,pH 1.2,16.5,1,2.384897505286339,0.0,03-pH1.2T-亲水凝胶空白制剂-251203-Side-24h-750X-2.mp4,145,0.5,0.5,3,centered moving average on extracted normalized projected area,linear interpolation to regular 0.5 h grid after smoothing,0.0,5.0
03 standard viscosity,pH 1.2,17.0,1,2.322237956460289,0.0,03-pH1.2T-亲水凝胶空白制剂-251203-Side-24h-750X-2.mp4,145,0.5,0.5,3,centered moving average on extracted normalized projected area,linear interpolation to regular 0.5 h grid after smoothing,0.0,5.0
03 standard viscosity,pH 1.2,17.5,1,2.251839262432483,0.0,03-pH1.2T-亲水凝胶空白制剂-251203-Side-24h-750X-2.mp4,145,0.5,0.5,3,centered moving average on extracted normalized projected area,linear interpolation to regular 0.5 h grid after smoothing,0.0,5.0
03 standard viscosity,pH 1.2,18.0,1,2.1906775095957554,0.0,03-pH1.2T-亲水凝胶空白制剂-251203-Side-24h-750X-2.mp4,145,0.5,0.5,3,centered moving average on extracted normalized projected area,linear interpolation to regular 0.5 h grid after smoothing,0.0,5.0
03 standard viscosity,pH 1.2,18.5,1,2.129400717262133,0.0,03-pH1.2T-亲水凝胶空白制剂-251203-Side-24h-750X-2.mp4,145,0.5,0.5,3,centered moving average on extracted normalized projected area,linear interpolation to regular 0.5 h grid after smoothing,0.0,5.0
03 standard viscosity,pH 1.2,19.0,1,2.0629416694970035,0.0,03-pH1.2T-亲水凝胶空白制剂-251203-Side-24h-750X-2.mp4,145,0.5,0.5,3,centered moving average on extracted normalized projected area,linear interpolation to regular 0.5 h grid after smoothing,0.0,5.0
03 standard viscosity,pH 1.2,19.5,1,2.005261230959137,0.0,03-pH1.2T-亲水凝胶空白制剂-251203-Side-24h-750X-2.mp4,145,0.5,0.5,3,centered moving average on extracted normalized projected area,linear interpolation to regular 0.5 h grid after smoothing,0.0,5.0
03 standard viscosity,pH 1.2,20.0,1,1.9408966324469816,0.0,03-pH1.2T-亲水凝胶空白制剂-251203-Side-24h-750X-2.mp4,145,0.5,0.5,3,centered moving average on extracted normalized projected area,linear interpolation to regular 0.5 h grid after smoothing,0.0,5.0
03 standard viscosity,pH 1.2,20.5,1,1.8744179549264295,0.0,03-pH1.2T-亲水凝胶空白制剂-251203-Side-24h-750X-2.mp4,145,0.5,0.5,3,centered moving average on extracted normalized projected area,linear interpolation to regular 0.5 h grid after smoothing,0.0,5.0
03 standard viscosity,pH 1.2,21.0,1,1.8075795507251142,0.0,03-pH1.2T-亲水凝胶空白制剂-251203-Side-24h-750X-2.mp4,145,0.5,0.5,3,centered moving average on extracted normalized projected area,linear interpolation to regular 0.5 h grid after smoothing,0.0,5.0
03 standard viscosity,pH 1.2,21.5,1,1.7373483943773078,0.0,03-pH1.2T-亲水凝胶空白制剂-251203-Side-24h-750X-2.mp4,145,0.5,0.5,3,centered moving average on extracted normalized projected area,linear interpolation to regular 0.5 h grid after smoothing,0.0,5.0
03 standard viscosity,pH 1.2,22.0,1,1.6835514518714918,0.0,03-pH1.2T-亲水凝胶空白制剂-251203-Side-24h-750X-2.mp4,145,0.5,0.5,3,centered moving average on extracted normalized projected area,linear interpolation to regular 0.5 h grid after smoothing,0.0,5.0
03 standard viscosity,pH 1.2,22.5,1,1.6221450118508944,0.0,03-pH1.2T-亲水凝胶空白制剂-251203-Side-24h-750X-2.mp4,145,0.5,0.5,3,centered moving average on extracted normalized projected area,linear interpolation to regular 0.5 h grid after smoothing,0.0,5.0
03 standard viscosity,pH 1.2,23.0,1,1.5652497635299232,0.0,03-pH1.2T-亲水凝胶空白制剂-251203-Side-24h-750X-2.mp4,145,0.5,0.5,3,centered moving average on extracted normalized projected area,linear interpolation to regular 0.5 h grid after smoothing,0.0,5.0
03 standard viscosity,pH 1.2,23.5,1,1.505193668080009,0.0,03-pH1.2T-亲水凝胶空白制剂-251203-Side-24h-750X-2.mp4,145,0.5,0.5,3,centered moving average on extracted normalized projected area,linear interpolation to regular 0.5 h grid after smoothing,0.0,5.0
03 standard viscosity,pH 1.2,24.0,1,1.4692057070546602,0.0,03-pH1.2T-亲水凝胶空白制剂-251203-Side-24h-750X-2.mp4,145,0.5,0.5,3,centered moving average on extracted normalized projected area,linear interpolation to regular 0.5 h grid after smoothing,0.0,5.0
03 standard viscosity,pH 4.5,0.0,1,1.118338304471056,0.0,03-pH4.5T-亲水凝胶空白制剂-251203-Side-24h-750X-1.mp4,145,0.5,0.5,3,centered moving average on extracted normalized projected area,linear interpolation to regular 0.5 h grid after smoothing,0.0,5.0
03 standard viscosity,pH 4.5,0.5,1,1.5184387165066504,0.0,03-pH4.5T-亲水凝胶空白制剂-251203-Side-24h-750X-1.mp4,145,0.5,0.5,3,centered moving average on extracted normalized projected area,linear interpolation to regular 0.5 h grid after smoothing,0.0,5.0
03 standard viscosity,pH 4.5,1.0,1,1.7796618637067374,0.0,03-pH4.5T-亲水凝胶空白制剂-251203-Side-24h-750X-1.mp4,145,0.5,0.5,3,centered moving average on extracted normalized projected area,linear interpolation to regular 0.5 h grid after smoothing,0.0,5.0
03 standard viscosity,pH 4.5,1.5,1,1.9685324508945576,0.0,03-pH4.5T-亲水凝胶空白制剂-251203-Side-24h-750X-1.mp4,145,0.5,0.5,3,centered moving average on extracted normalized projected area,linear interpolation to regular 0.5 h grid after smoothing,0.0,5.0
03 standard viscosity,pH 4.5,2.0,1,2.12075709685557,0.0,03-pH4.5T-亲水凝胶空白制剂-251203-Side-24h-750X-1.mp4,145,0.5,0.5,3,centered moving average on extracted normalized projected area,linear interpolation to regular 0.5 h grid after smoothing,0.0,5.0
03 standard viscosity,pH 4.5,2.5,1,2.2663718608872863,0.0,03-pH4.5T-亲水凝胶空白制剂-251203-Side-24h-750X-1.mp4,145,0.5,0.5,3,centered moving average on extracted normalized projected area,linear interpolation to regular 0.5 h grid after smoothing,0.0,5.0
03 standard viscosity,pH 4.5,3.0,1,2.379313636745859,0.0,03-pH4.5T-亲水凝胶空白制剂-251203-Side-24h-750X-1.mp4,145,0.5,0.5,3,centered moving average on extracted normalized projected area,linear interpolation to regular 0.5 h grid after smoothing,0.0,5.0
03 standard viscosity,pH 4.5,3.5,1,2.479916108959425,0.0,03-pH4.5T-亲水凝胶空白制剂-251203-Side-24h-750X-1.mp4,145,0.5,0.5,3,centered moving average on extracted normalized projected area,linear interpolation to regular 0.5 h grid after smoothing,0.0,5.0
03 standard viscosity,pH 4.5,4.0,1,2.5893691848818055,0.0,03-pH4.5T-亲水凝胶空白制剂-251203-Side-24h-750X-1.mp4,145,0.5,0.5,3,centered moving average on extracted normalized projected area,linear interpolation to regular 0.5 h grid after smoothing,0.0,5.0
03 standard viscosity,pH 4.5,4.5,1,2.675975802183343,0.0,03-pH4.5T-亲水凝胶空白制剂-251203-Side-24h-750X-1.mp4,145,0.5,0.5,3,centered moving average on extracted normalized projected area,linear interpolation to regular 0.5 h grid after smoothing,0.0,5.0
03 standard viscosity,pH 4.5,5.0,1,2.7497756805017635,0.0,03-pH4.5T-亲水凝胶空白制剂-251203-Side-24h-750X-1.mp4,145,0.5,0.5,3,centered moving average on extracted normalized projected area,linear interpolation to regular 0.5 h grid after smoothing,0.0,5.0
03 standard viscosity,pH 4.5,5.5,1,2.831305801639239,0.0,03-pH4.5T-亲水凝胶空白制剂-251203-Side-24h-750X-1.mp4,145,0.5,0.5,3,centered moving average on extracted normalized projected area,linear interpolation to regular 0.5 h grid after smoothing,0.0,5.0
03 standard viscosity,pH 4.5,6.0,1,2.916130723609689,0.0,03-pH4.5T-亲水凝胶空白制剂-251203-Side-24h-750X-1.mp4,145,0.5,0.5,3,centered moving average on extracted normalized projected area,linear interpolation to regular 0.5 h grid after smoothing,0.0,5.0
03 standard viscosity,pH 4.5,6.5,1,2.995146092092181,0.0,03-pH4.5T-亲水凝胶空白制剂-251203-Side-24h-750X-1.mp4,145,0.5,0.5,3,centered moving average on extracted normalized projected area,linear interpolation to regular 0.5 h grid after smoothing,0.0,5.0
03 standard viscosity,pH 4.5,7.0,1,3.065728828147027,0.0,03-pH4.5T-亲水凝胶空白制剂-251203-Side-24h-750X-1.mp4,145,0.5,0.5,3,centered moving average on extracted normalized projected area,linear interpolation to regular 0.5 h grid after smoothing,0.0,5.0
03 standard viscosity,pH 4.5,7.5,1,3.09608491989296,0.0,03-pH4.5T-亲水凝胶空白制剂-251203-Side-24h-750X-1.mp4,145,0.5,0.5,3,centered moving average on extracted normalized projected area,linear interpolation to regular 0.5 h grid after smoothing,0.0,5.0
03 standard viscosity,pH 4.5,8.0,1,3.1589576933920966,0.0,03-pH4.5T-亲水凝胶空白制剂-251203-Side-24h-750X-1.mp4,145,0.5,0.5,3,centered moving average on extracted normalized projected area,linear interpolation to regular 0.5 h grid after smoothing,0.0,5.0
03 standard viscosity,pH 4.5,8.5,1,3.2395811383658066,0.0,03-pH4.5T-亲水凝胶空白制剂-251203-Side-24h-750X-1.mp4,145,0.5,0.5,3,centered moving average on extracted normalized projected area,linear interpolation to regular 0.5 h grid after smoothing,0.0,5.0
03 standard viscosity,pH 4.5,9.0,1,3.291215678127489,0.0,03-pH4.5T-亲水凝胶空白制剂-251203-Side-24h-750X-1.mp4,145,0.5,0.5,3,centered moving average on extracted normalized projected area,linear interpolation to regular 0.5 h grid after smoothing,0.0,5.0
03 standard viscosity,pH 4.5,9.5,1,3.3334634238030936,0.0,03-pH4.5T-亲水凝胶空白制剂-251203-Side-24h-750X-1.mp4,145,0.5,0.5,3,centered moving average on extracted normalized projected area,linear interpolation to regular 0.5 h grid after smoothing,0.0,5.0
03 standard viscosity,pH 4.5,10.0,1,3.3676762280688735,0.0,03-pH4.5T-亲水凝胶空白制剂-251203-Side-24h-750X-1.mp4,145,0.5,0.5,3,centered moving average on extracted normalized projected area,linear interpolation to regular 0.5 h grid after smoothing,0.0,5.0
03 standard viscosity,pH 4.5,10.5,1,3.402625552142536,0.0,03-pH4.5T-亲水凝胶空白制剂-251203-Side-24h-750X-1.mp4,145,0.5,0.5,3,centered moving average on extracted normalized projected area,linear interpolation to regular 0.5 h grid after smoothing,0.0,5.0
03 standard viscosity,pH 4.5,11.0,1,3.4104230660790336,0.0,03-pH4.5T-亲水凝胶空白制剂-251203-Side-24h-750X-1.mp4,145,0.5,0.5,3,centered moving average on extracted normalized projected area,linear interpolation to regular 0.5 h grid after smoothing,0.0,5.0
03 standard viscosity,pH 4.5,11.5,1,3.4151211622074817,0.0,03-pH4.5T-亲水凝胶空白制剂-251203-Side-24h-750X-1.mp4,145,0.5,0.5,3,centered moving average on extracted normalized projected area,linear interpolation to regular 0.5 h grid after smoothing,0.0,5.0
03 standard viscosity,pH 4.5,12.0,1,3.4293094323010185,0.0,03-pH4.5T-亲水凝胶空白制剂-251203-Side-24h-750X-1.mp4,145,0.5,0.5,3,centered moving average on extracted normalized projected area,linear interpolation to regular 0.5 h grid after smoothing,0.0,5.0
03 standard viscosity,pH 4.5,12.5,1,3.4359663050844103,0.0,03-pH4.5T-亲水凝胶空白制剂-251203-Side-24h-750X-1.mp4,145,0.5,0.5,3,centered moving average on extracted normalized projected area,linear interpolation to regular 0.5 h grid after smoothing,0.0,5.0
03 standard viscosity,pH 4.5,13.0,1,3.4293079483793103,0.0,03-pH4.5T-亲水凝胶空白制剂-251203-Side-24h-750X-1.mp4,145,0.5,0.5,3,centered moving average on extracted normalized projected area,linear interpolation to regular 0.5 h grid after smoothing,0.0,5.0
03 standard viscosity,pH 4.5,13.5,1,3.460412431306791,0.0,03-pH4.5T-亲水凝胶空白制剂-251203-Side-24h-750X-1.mp4,145,0.5,0.5,3,centered moving average on extracted normalized projected area,linear interpolation to regular 0.5 h grid after smoothing,0.0,5.0
03 standard viscosity,pH 4.5,14.0,1,3.444332655675753,0.0,03-pH4.5T-亲水凝胶空白制剂-251203-Side-24h-750X-1.mp4,145,0.5,0.5,3,centered moving average on extracted normalized projected area,linear interpolation to regular 0.5 h grid after smoothing,0.0,5.0
03 standard viscosity,pH 4.5,14.5,1,3.417479113801956,0.0,03-pH4.5T-亲水凝胶空白制剂-251203-Side-24h-750X-1.mp4,145,0.5,0.5,3,centered moving average on extracted normalized projected area,linear interpolation to regular 0.5 h grid after smoothing,0.0,5.0
03 standard viscosity,pH 4.5,15.0,1,3.3969376802346574,0.0,03-pH4.5T-亲水凝胶空白制剂-251203-Side-24h-750X-1.mp4,145,0.5,0.5,3,centered moving average on extracted normalized projected area,linear interpolation to regular 0.5 h grid after smoothing,0.0,5.0
03 standard viscosity,pH 4.5,15.5,1,3.3658371544317323,0.0,03-pH4.5T-亲水凝胶空白制剂-251203-Side-24h-750X-1.mp4,145,0.5,0.5,3,centered moving average on extracted normalized projected area,linear interpolation to regular 0.5 h grid after smoothing,0.0,5.0
03 standard viscosity,pH 4.5,16.0,1,3.338505789767865,0.0,03-pH4.5T-亲水凝胶空白制剂-251203-Side-24h-750X-1.mp4,145,0.5,0.5,3,centered moving average on extracted normalized projected area,linear interpolation to regular 0.5 h grid after smoothing,0.0,5.0
03 standard viscosity,pH 4.5,16.5,1,3.311882255758853,0.0,03-pH4.5T-亲水凝胶空白制剂-251203-Side-24h-750X-1.mp4,145,0.5,0.5,3,centered moving average on extracted normalized projected area,linear interpolation to regular 0.5 h grid after smoothing,0.0,5.0
03 standard viscosity,pH 4.5,17.0,1,3.2817774414221903,0.0,03-pH4.5T-亲水凝胶空白制剂-251203-Side-24h-750X-1.mp4,145,0.5,0.5,3,centered moving average on extracted normalized projected area,linear interpolation to regular 0.5 h grid after smoothing,0.0,5.0
03 standard viscosity,pH 4.5,17.5,1,3.24743405204608,0.0,03-pH4.5T-亲水凝胶空白制剂-251203-Side-24h-750X-1.mp4,145,0.5,0.5,3,centered moving average on extracted normalized projected area,linear interpolation to regular 0.5 h grid after smoothing,0.0,5.0
03 standard viscosity,pH 4.5,18.0,1,3.2153056631398793,0.0,03-pH4.5T-亲水凝胶空白制剂-251203-Side-24h-750X-1.mp4,145,0.5,0.5,3,centered moving average on extracted normalized projected area,linear interpolation to regular 0.5 h grid after smoothing,0.0,5.0
03 standard viscosity,pH 4.5,18.5,1,3.1792889047173873,0.0,03-pH4.5T-亲水凝胶空白制剂-251203-Side-24h-750X-1.mp4,145,0.5,0.5,3,centered moving average on extracted normalized projected area,linear interpolation to regular 0.5 h grid after smoothing,0.0,5.0
03 standard viscosity,pH 4.5,19.0,1,3.14950066034516,0.0,03-pH4.5T-亲水凝胶空白制剂-251203-Side-24h-750X-1.mp4,145,0.5,0.5,3,centered moving average on extracted normalized projected area,linear interpolation to regular 0.5 h grid after smoothing,0.0,5.0
03 standard viscosity,pH 4.5,19.5,1,3.099755647558702,0.0,03-pH4.5T-亲水凝胶空白制剂-251203-Side-24h-750X-1.mp4,145,0.5,0.5,3,centered moving average on extracted normalized projected area,linear interpolation to regular 0.5 h grid after smoothing,0.0,5.0
03 standard viscosity,pH 4.5,20.0,1,3.0423620076471436,0.0,03-pH4.5T-亲水凝胶空白制剂-251203-Side-24h-750X-1.mp4,145,0.5,0.5,3,centered moving average on extracted normalized projected area,linear interpolation to regular 0.5 h grid after smoothing,0.0,5.0
03 standard viscosity,pH 4.5,20.5,1,3.0125079760791817,0.0,03-pH4.5T-亲水凝胶空白制剂-251203-Side-24h-750X-1.mp4,145,0.5,0.5,3,centered moving average on extracted normalized projected area,linear interpolation to regular 0.5 h grid after smoothing,0.0,5.0
03 standard viscosity,pH 4.5,21.0,1,3.0336756246073793,0.0,03-pH4.5T-亲水凝胶空白制剂-251203-Side-24h-750X-1.mp4,145,0.5,0.5,3,centered moving average on extracted normalized projected area,linear interpolation to regular 0.5 h grid after smoothing,0.0,5.0
03 standard viscosity,pH 4.5,21.5,1,2.951447070985868,0.0,03-pH4.5T-亲水凝胶空白制剂-251203-Side-24h-750X-1.mp4,145,0.5,0.5,3,centered moving average on extracted normalized projected area,linear interpolation to regular 0.5 h grid after smoothing,0.0,5.0
03 standard viscosity,pH 4.5,22.0,1,2.8353435526074975,0.0,03-pH4.5T-亲水凝胶空白制剂-251203-Side-24h-750X-1.mp4,145,0.5,0.5,3,centered moving average on extracted normalized projected area,linear interpolation to regular 0.5 h grid after smoothing,0.0,5.0
03 standard viscosity,pH 4.5,22.5,1,2.794833973892871,0.0,03-pH4.5T-亲水凝胶空白制剂-251203-Side-24h-750X-1.mp4,145,0.5,0.5,3,centered moving average on extracted normalized projected area,linear interpolation to regular 0.5 h grid after smoothing,0.0,5.0
03 standard viscosity,pH 4.5,23.0,1,2.774080339521287,0.0,03-pH4.5T-亲水凝胶空白制剂-251203-Side-24h-750X-1.mp4,145,0.5,0.5,3,centered moving average on extracted normalized projected area,linear interpolation to regular 0.5 h grid after smoothing,0.0,5.0
03 standard viscosity,pH 4.5,23.5,1,2.784947592831669,0.0,03-pH4.5T-亲水凝胶空白制剂-251203-Side-24h-750X-1.mp4,145,0.5,0.5,3,centered moving average on extracted normalized projected area,linear interpolation to regular 0.5 h grid after smoothing,0.0,5.0
03 standard viscosity,pH 4.5,24.0,1,2.74760866016709,0.0,03-pH4.5T-亲水凝胶空白制剂-251203-Side-24h-750X-1.mp4,145,0.5,0.5,3,centered moving average on extracted normalized projected area,linear interpolation to regular 0.5 h grid after smoothing,0.0,5.0
03 standard viscosity,pH 6.8,0.0,1,1.1196236659717473,0.0,03-pH6.8T-亲水凝胶空白制剂-251203-Side-24h-750X-1.mp4,145,0.5,0.5,3,centered moving average on extracted normalized projected area,linear interpolation to regular 0.5 h grid after smoothing,0.0,5.0
03 standard viscosity,pH 6.8,0.5,1,1.492696362124348,0.0,03-pH6.8T-亲水凝胶空白制剂-251203-Side-24h-750X-1.mp4,145,0.5,0.5,3,centered moving average on extracted normalized projected area,linear interpolation to regular 0.5 h grid after smoothing,0.0,5.0
03 standard viscosity,pH 6.8,1.0,1,1.6731045237607063,0.0,03-pH6.8T-亲水凝胶空白制剂-251203-Side-24h-750X-1.mp4,145,0.5,0.5,3,centered moving average on extracted normalized projected area,linear interpolation to regular 0.5 h grid after smoothing,0.0,5.0
03 standard viscosity,pH 6.8,1.5,1,1.795389885704964,0.0,03-pH6.8T-亲水凝胶空白制剂-251203-Side-24h-750X-1.mp4,145,0.5,0.5,3,centered moving average on extracted normalized projected area,linear interpolation to regular 0.5 h grid after smoothing,0.0,5.0
03 standard viscosity,pH 6.8,2.0,1,1.9378982504293985,0.0,03-pH6.8T-亲水凝胶空白制剂-251203-Side-24h-750X-1.mp4,145,0.5,0.5,3,centered moving average on extracted normalized projected area,linear interpolation to regular 0.5 h grid after smoothing,0.0,5.0
03 standard viscosity,pH 6.8,2.5,1,2.048607941237655,0.0,03-pH6.8T-亲水凝胶空白制剂-251203-Side-24h-750X-1.mp4,145,0.5,0.5,3,centered moving average on extracted normalized projected area,linear interpolation to regular 0.5 h grid after smoothing,0.0,5.0
03 standard viscosity,pH 6.8,3.0,1,2.1678018347269137,0.0,03-pH6.8T-亲水凝胶空白制剂-251203-Side-24h-750X-1.mp4,145,0.5,0.5,3,centered moving average on extracted normalized projected area,linear interpolation to regular 0.5 h grid after smoothing,0.0,5.0
03 standard viscosity,pH 6.8,3.5,1,2.254276148899329,0.0,03-pH6.8T-亲水凝胶空白制剂-251203-Side-24h-750X-1.mp4,145,0.5,0.5,3,centered moving average on extracted normalized projected area,linear interpolation to regular 0.5 h grid after smoothing,0.0,5.0
03 standard viscosity,pH 6.8,4.0,1,2.340406245993488,0.0,03-pH6.8T-亲水凝胶空白制剂-251203-Side-24h-750X-1.mp4,145,0.5,0.5,3,centered moving average on extracted normalized projected area,linear interpolation to regular 0.5 h grid after smoothing,0.0,5.0
03 standard viscosity,pH 6.8,4.5,1,2.527243784013262,0.0,03-pH6.8T-亲水凝胶空白制剂-251203-Side-24h-750X-1.mp4,145,0.5,0.5,3,centered moving average on extracted normalized projected area,linear interpolation to regular 0.5 h grid after smoothing,0.0,5.0
03 standard viscosity,pH 6.8,5.0,1,2.54159963163784,0.0,03-pH6.8T-亲水凝胶空白制剂-251203-Side-24h-750X-1.mp4,145,0.5,0.5,3,centered moving average on extracted normalized projected area,linear interpolation to regular 0.5 h grid after smoothing,0.0,5.0
03 standard viscosity,pH 6.8,5.5,1,2.5505482779418216,0.0,03-pH6.8T-亲水凝胶空白制剂-251203-Side-24h-750X-1.mp4,145,0.5,0.5,3,centered moving average on extracted normalized projected area,linear interpolation to regular 0.5 h grid after smoothing,0.0,5.0
03 standard viscosity,pH 6.8,6.0,1,2.7456949169114853,0.0,03-pH6.8T-亲水凝胶空白制剂-251203-Side-24h-750X-1.mp4,145,0.5,0.5,3,centered moving average on extracted normalized projected area,linear interpolation to regular 0.5 h grid after smoothing,0.0,5.0
03 standard viscosity,pH 6.8,6.5,1,2.8087804289144347,0.0,03-pH6.8T-亲水凝胶空白制剂-251203-Side-24h-750X-1.mp4,145,0.5,0.5,3,centered moving average on extracted normalized projected area,linear interpolation to regular 0.5 h grid after smoothing,0.0,5.0
03 standard viscosity,pH 6.8,7.0,1,2.920164585649939,0.0,03-pH6.8T-亲水凝胶空白制剂-251203-Side-24h-750X-1.mp4,145,0.5,0.5,3,centered moving average on extracted normalized projected area,linear interpolation to regular 0.5 h grid after smoothing,0.0,5.0
03 standard viscosity,pH 6.8,7.5,1,2.9221645367611373,0.0,03-pH6.8T-亲水凝胶空白制剂-251203-Side-24h-750X-1.mp4,145,0.5,0.5,3,centered moving average on extracted normalized projected area,linear interpolation to regular 0.5 h grid after smoothing,0.0,5.0
03 standard viscosity,pH 6.8,8.0,1,3.0320635714068356,0.0,03-pH6.8T-亲水凝胶空白制剂-251203-Side-24h-750X-1.mp4,145,0.5,0.5,3,centered moving average on extracted normalized projected area,linear interpolation to regular 0.5 h grid after smoothing,0.0,5.0
03 standard viscosity,pH 6.8,8.5,1,3.101586940503824,0.0,03-pH6.8T-亲水凝胶空白制剂-251203-Side-24h-750X-1.mp4,145,0.5,0.5,3,centered moving average on extracted normalized projected area,linear interpolation to regular 0.5 h grid after smoothing,0.0,5.0
03 standard viscosity,pH 6.8,9.0,1,3.1663087307918136,0.0,03-pH6.8T-亲水凝胶空白制剂-251203-Side-24h-750X-1.mp4,145,0.5,0.5,3,centered moving average on extracted normalized projected area,linear interpolation to regular 0.5 h grid after smoothing,0.0,5.0
03 standard viscosity,pH 6.8,9.5,1,3.223073120188132,0.0,03-pH6.8T-亲水凝胶空白制剂-251203-Side-24h-750X-1.mp4,145,0.5,0.5,3,centered moving average on extracted normalized projected area,linear interpolation to regular 0.5 h grid after smoothing,0.0,5.0
03 standard viscosity,pH 6.8,10.0,1,3.252175925856639,0.0,03-pH6.8T-亲水凝胶空白制剂-251203-Side-24h-750X-1.mp4,145,0.5,0.5,3,centered moving average on extracted normalized projected area,linear interpolation to regular 0.5 h grid after smoothing,0.0,5.0
03 standard viscosity,pH 6.8,10.5,1,3.331088938210042,0.0,03-pH6.8T-亲水凝胶空白制剂-251203-Side-24h-750X-1.mp4,145,0.5,0.5,3,centered moving average on extracted normalized projected area,linear interpolation to regular 0.5 h grid after smoothing,0.0,5.0
03 standard viscosity,pH 6.8,11.0,1,3.3497380208715284,0.0,03-pH6.8T-亲水凝胶空白制剂-251203-Side-24h-750X-1.mp4,145,0.5,0.5,3,centered moving average on extracted normalized projected area,linear interpolation to regular 0.5 h grid after smoothing,0.0,5.0
03 standard viscosity,pH 6.8,11.5,1,3.3207414735184826,0.0,03-pH6.8T-亲水凝胶空白制剂-251203-Side-24h-750X-1.mp4,145,0.5,0.5,3,centered moving average on extracted normalized projected area,linear interpolation to regular 0.5 h grid after smoothing,0.0,5.0
03 standard viscosity,pH 6.8,12.0,1,3.307788934069459,0.0,03-pH6.8T-亲水凝胶空白制剂-251203-Side-24h-750X-1.mp4,145,0.5,0.5,3,centered moving average on extracted normalized projected area,linear interpolation to regular 0.5 h grid after smoothing,0.0,5.0
03 standard viscosity,pH 6.8,12.5,1,3.323635890167813,0.0,03-pH6.8T-亲水凝胶空白制剂-251203-Side-24h-750X-1.mp4,145,0.5,0.5,3,centered moving average on extracted normalized projected area,linear interpolation to regular 0.5 h grid after smoothing,0.0,5.0
03 standard viscosity,pH 6.8,13.0,1,3.333519908967055,0.0,03-pH6.8T-亲水凝胶空白制剂-251203-Side-24h-750X-1.mp4,145,0.5,0.5,3,centered moving average on extracted normalized projected area,linear interpolation to regular 0.5 h grid after smoothing,0.0,5.0
03 standard viscosity,pH 6.8,13.5,1,3.332232836413578,0.0,03-pH6.8T-亲水凝胶空白制剂-251203-Side-24h-750X-1.mp4,145,0.5,0.5,3,centered moving average on extracted normalized projected area,linear interpolation to regular 0.5 h grid after smoothing,0.0,5.0
03 standard viscosity,pH 6.8,14.0,1,3.3563774195592124,0.0,03-pH6.8T-亲水凝胶空白制剂-251203-Side-24h-750X-1.mp4,145,0.5,0.5,3,centered moving average on extracted normalized projected area,linear interpolation to regular 0.5 h grid after smoothing,0.0,5.0
03 standard viscosity,pH 6.8,14.5,1,3.3248700829962248,0.0,03-pH6.8T-亲水凝胶空白制剂-251203-Side-24h-750X-1.mp4,145,0.5,0.5,3,centered moving average on extracted normalized projected area,linear interpolation to regular 0.5 h grid after smoothing,0.0,5.0
03 standard viscosity,pH 6.8,15.0,1,3.2722866839373843,0.0,03-pH6.8T-亲水凝胶空白制剂-251203-Side-24h-750X-1.mp4,145,0.5,0.5,3,centered moving average on extracted normalized projected area,linear interpolation to regular 0.5 h grid after smoothing,0.0,5.0
03 standard viscosity,pH 6.8,15.5,1,3.2703041931127657,0.0,03-pH6.8T-亲水凝胶空白制剂-251203-Side-24h-750X-1.mp4,145,0.5,0.5,3,centered moving average on extracted normalized projected area,linear interpolation to regular 0.5 h grid after smoothing,0.0,5.0
03 standard viscosity,pH 6.8,16.0,1,3.26394316127967,0.0,03-pH6.8T-亲水凝胶空白制剂-251203-Side-24h-750X-1.mp4,145,0.5,0.5,3,centered moving average on extracted normalized projected area,linear interpolation to regular 0.5 h grid after smoothing,0.0,5.0
03 standard viscosity,pH 6.8,16.5,1,3.2556175977738637,0.0,03-pH6.8T-亲水凝胶空白制剂-251203-Side-24h-750X-1.mp4,145,0.5,0.5,3,centered moving average on extracted normalized projected area,linear interpolation to regular 0.5 h grid after smoothing,0.0,5.0
03 standard viscosity,pH 6.8,17.0,1,3.2441436951653464,0.0,03-pH6.8T-亲水凝胶空白制剂-251203-Side-24h-750X-1.mp4,145,0.5,0.5,3,centered moving average on extracted normalized projected area,linear interpolation to regular 0.5 h grid after smoothing,0.0,5.0
03 standard viscosity,pH 6.8,17.5,1,3.2525011860523243,0.0,03-pH6.8T-亲水凝胶空白制剂-251203-Side-24h-750X-1.mp4,145,0.5,0.5,3,centered moving average on extracted normalized projected area,linear interpolation to regular 0.5 h grid after smoothing,0.0,5.0
03 standard viscosity,pH 6.8,18.0,1,3.257495326879013,0.0,03-pH6.8T-亲水凝胶空白制剂-251203-Side-24h-750X-1.mp4,145,0.5,0.5,3,centered moving average on extracted normalized projected area,linear interpolation to regular 0.5 h grid after smoothing,0.0,5.0
03 standard viscosity,pH 6.8,18.5,1,3.2929561711886315,0.0,03-pH6.8T-亲水凝胶空白制剂-251203-Side-24h-750X-1.mp4,145,0.5,0.5,3,centered moving average on extracted normalized projected area,linear interpolation to regular 0.5 h grid after smoothing,0.0,5.0
03 standard viscosity,pH 6.8,19.0,1,3.3027059952138864,0.0,03-pH6.8T-亲水凝胶空白制剂-251203-Side-24h-750X-1.mp4,145,0.5,0.5,3,centered moving average on extracted normalized projected area,linear interpolation to regular 0.5 h grid after smoothing,0.0,5.0
03 standard viscosity,pH 6.8,19.5,1,3.2915478743597695,0.0,03-pH6.8T-亲水凝胶空白制剂-251203-Side-24h-750X-1.mp4,145,0.5,0.5,3,centered moving average on extracted normalized projected area,linear interpolation to regular 0.5 h grid after smoothing,0.0,5.0
03 standard viscosity,pH 6.8,20.0,1,3.2898173105272064,0.0,03-pH6.8T-亲水凝胶空白制剂-251203-Side-24h-750X-1.mp4,145,0.5,0.5,3,centered moving average on extracted normalized projected area,linear interpolation to regular 0.5 h grid after smoothing,0.0,5.0
03 standard viscosity,pH 6.8,20.5,1,3.2822844440320496,0.0,03-pH6.8T-亲水凝胶空白制剂-251203-Side-24h-750X-1.mp4,145,0.5,0.5,3,centered moving average on extracted normalized projected area,linear interpolation to regular 0.5 h grid after smoothing,0.0,5.0
03 standard viscosity,pH 6.8,21.0,1,3.2770563353652116,0.0,03-pH6.8T-亲水凝胶空白制剂-251203-Side-24h-750X-1.mp4,145,0.5,0.5,3,centered moving average on extracted normalized projected area,linear interpolation to regular 0.5 h grid after smoothing,0.0,5.0
03 standard viscosity,pH 6.8,21.5,1,3.2456662321549636,0.0,03-pH6.8T-亲水凝胶空白制剂-251203-Side-24h-750X-1.mp4,145,0.5,0.5,3,centered moving average on extracted normalized projected area,linear interpolation to regular 0.5 h grid after smoothing,0.0,5.0
03 standard viscosity,pH 6.8,22.0,1,3.308318729050774,0.0,03-pH6.8T-亲水凝胶空白制剂-251203-Side-24h-750X-1.mp4,145,0.5,0.5,3,centered moving average on extracted normalized projected area,linear interpolation to regular 0.5 h grid after smoothing,0.0,5.0
03 standard viscosity,pH 6.8,22.5,1,3.3014353852163256,0.0,03-pH6.8T-亲水凝胶空白制剂-251203-Side-24h-750X-1.mp4,145,0.5,0.5,3,centered moving average on extracted normalized projected area,linear interpolation to regular 0.5 h grid after smoothing,0.0,5.0
03 standard viscosity,pH 6.8,23.0,1,3.2907008010280614,0.0,03-pH6.8T-亲水凝胶空白制剂-251203-Side-24h-750X-1.mp4,145,0.5,0.5,3,centered moving average on extracted normalized projected area,linear interpolation to regular 0.5 h grid after smoothing,0.0,5.0
03 standard viscosity,pH 6.8,23.5,1,3.278766445719212,0.0,03-pH6.8T-亲水凝胶空白制剂-251203-Side-24h-750X-1.mp4,145,0.5,0.5,3,centered moving average on extracted normalized projected area,linear interpolation to regular 0.5 h grid after smoothing,0.0,5.0
03 standard viscosity,pH 6.8,24.0,1,3.2772908020706906,0.0,03-pH6.8T-亲水凝胶空白制剂-251203-Side-24h-750X-1.mp4,145,0.5,0.5,3,centered moving average on extracted normalized projected area,linear interpolation to regular 0.5 h grid after smoothing,0.0,5.0
