source_video,frame_index,video_time_s,real_time_h,projected_area_px,normalized_projected_area,threshold_used,roi_y_min,roi_y_max,mask_area_valid,qc_flag,formulation_group,pH_condition,viscosity_group,replicate_id,include_for_fig4,mapping_used,parsing_status
01-pH1.2T-亲水凝胶空白制剂-251217-Side-24h-750X-2.mp4,0,0.0,0.0,675491,1.0,102.0,,,True,,pH 1.2,pH 1.2,,1,yes,False,auto_parsed
01-pH1.2T-亲水凝胶空白制剂-251217-Side-24h-750X-2.mp4,20,0.8,0.1666666666666666,859013,1.271686817440943,97.0,,,True,,pH 1.2,pH 1.2,,1,yes,False,auto_parsed
01-pH1.2T-亲水凝胶空白制剂-251217-Side-24h-750X-2.mp4,40,1.6,0.3333333333333333,948283,1.4038425382425526,95.0,,,True,,pH 1.2,pH 1.2,,1,yes,False,auto_parsed
01-pH1.2T-亲水凝胶空白制剂-251217-Side-24h-750X-2.mp4,60,2.4,0.5,1009604,1.494622430202623,94.0,,,True,,pH 1.2,pH 1.2,,1,yes,False,auto_parsed
01-pH1.2T-亲水凝胶空白制剂-251217-Side-24h-750X-2.mp4,80,3.2,0.6666666666666666,1081552,1.6011345821039806,92.0,,,True,,pH 1.2,pH 1.2,,1,yes,False,auto_parsed
01-pH1.2T-亲水凝胶空白制剂-251217-Side-24h-750X-2.mp4,100,4.0,0.8333333333333334,1142966,1.692052151694101,91.0,,,True,,pH 1.2,pH 1.2,,1,yes,False,auto_parsed
01-pH1.2T-亲水凝胶空白制剂-251217-Side-24h-750X-2.mp4,120,4.8,1.0,1202765,1.7805788678161516,90.0,,,True,,pH 1.2,pH 1.2,,1,yes,False,auto_parsed
01-pH1.2T-亲水凝胶空白制剂-251217-Side-24h-750X-2.mp4,140,5.6,1.1666666666666667,1256279,1.859801240875156,90.0,,,True,,pH 1.2,pH 1.2,,1,yes,False,auto_parsed
01-pH1.2T-亲水凝胶空白制剂-251217-Side-24h-750X-2.mp4,160,6.4,1.3333333333333333,1291715,1.91226085913802,88.0,,,True,,pH 1.2,pH 1.2,,1,yes,False,auto_parsed
01-pH1.2T-亲水凝胶空白制剂-251217-Side-24h-750X-2.mp4,180,7.2,1.5,1330467,1.9696294991347036,88.0,,,True,,pH 1.2,pH 1.2,,1,yes,False,auto_parsed
01-pH1.2T-亲水凝胶空白制剂-251217-Side-24h-750X-2.mp4,200,8.0,1.6666666666666667,1367199,2.02400772179052,87.0,,,True,,pH 1.2,pH 1.2,,1,yes,False,auto_parsed
01-pH1.2T-亲水凝胶空白制剂-251217-Side-24h-750X-2.mp4,220,8.8,1.8333333333333333,1389035,2.056333837164374,87.0,,,True,,pH 1.2,pH 1.2,,1,yes,False,auto_parsed
01-pH1.2T-亲水凝胶空白制剂-251217-Side-24h-750X-2.mp4,240,9.6,2.0,1420682,2.103184202306174,88.0,,,True,,pH 1.2,pH 1.2,,1,yes,False,auto_parsed
01-pH1.2T-亲水凝胶空白制剂-251217-Side-24h-750X-2.mp4,260,10.4,2.1666666666666665,1453177,2.1512899505692897,88.0,,,True,,pH 1.2,pH 1.2,,1,yes,False,auto_parsed
01-pH1.2T-亲水凝胶空白制剂-251217-Side-24h-750X-2.mp4,280,11.2,2.333333333333333,1482784,2.195120290277739,88.0,,,True,,pH 1.2,pH 1.2,,1,yes,False,auto_parsed
01-pH1.2T-亲水凝胶空白制剂-251217-Side-24h-750X-2.mp4,300,12.0,2.5,1517176,2.246034366112946,87.0,,,True,,pH 1.2,pH 1.2,,1,yes,False,auto_parsed
01-pH1.2T-亲水凝胶空白制剂-251217-Side-24h-750X-2.mp4,320,12.8,2.6666666666666665,1549161,2.2933851080177234,87.0,,,True,,pH 1.2,pH 1.2,,1,yes,False,auto_parsed
01-pH1.2T-亲水凝胶空白制剂-251217-Side-24h-750X-2.mp4,340,13.6,2.833333333333333,1573426,2.3293071262237395,87.0,,,True,,pH 1.2,pH 1.2,,1,yes,False,auto_parsed
01-pH1.2T-亲水凝胶空白制剂-251217-Side-24h-750X-2.mp4,360,14.4,3.0,1590194,2.354130550962189,87.0,,,True,,pH 1.2,pH 1.2,,1,yes,False,auto_parsed
01-pH1.2T-亲水凝胶空白制剂-251217-Side-24h-750X-2.mp4,380,15.2,3.1666666666666665,1618085,2.3954205163355247,87.0,,,True,,pH 1.2,pH 1.2,,1,yes,False,auto_parsed
01-pH1.2T-亲水凝胶空白制剂-251217-Side-24h-750X-2.mp4,400,16.0,3.333333333333333,1639080,2.4265016114204334,87.0,,,True,,pH 1.2,pH 1.2,,1,yes,False,auto_parsed
01-pH1.2T-亲水凝胶空白制剂-251217-Side-24h-750X-2.mp4,420,16.8,3.5,1664314,2.463858141707292,87.0,,,True,,pH 1.2,pH 1.2,,1,yes,False,auto_parsed
01-pH1.2T-亲水凝胶空白制剂-251217-Side-24h-750X-2.mp4,440,17.6,3.666666666666667,1694846,2.509057855693118,86.0,,,True,,pH 1.2,pH 1.2,,1,yes,False,auto_parsed
01-pH1.2T-亲水凝胶空白制剂-251217-Side-24h-750X-2.mp4,460,18.4,3.833333333333333,1730221,2.561427169273906,87.0,,,True,,pH 1.2,pH 1.2,,1,yes,False,auto_parsed
01-pH1.2T-亲水凝胶空白制剂-251217-Side-24h-750X-2.mp4,480,19.2,4.0,1764516,2.6121976458605665,86.0,,,True,,pH 1.2,pH 1.2,,1,yes,False,auto_parsed
01-pH1.2T-亲水凝胶空白制剂-251217-Side-24h-750X-2.mp4,500,20.0,4.166666666666667,1774044,2.626302941119867,86.0,,,True,,pH 1.2,pH 1.2,,1,yes,False,auto_parsed
01-pH1.2T-亲水凝胶空白制剂-251217-Side-24h-750X-2.mp4,520,20.8,4.333333333333333,1796609,2.6597082714647566,86.0,,,True,,pH 1.2,pH 1.2,,1,yes,False,auto_parsed
01-pH1.2T-亲水凝胶空白制剂-251217-Side-24h-750X-2.mp4,540,21.6,4.500000000000001,1821299,2.6962594616360542,86.0,,,True,,pH 1.2,pH 1.2,,1,yes,False,auto_parsed
01-pH1.2T-亲水凝胶空白制剂-251217-Side-24h-750X-2.mp4,560,22.4,4.666666666666667,1843758,2.72950786909078,86.0,,,True,,pH 1.2,pH 1.2,,1,yes,False,auto_parsed
01-pH1.2T-亲水凝胶空白制剂-251217-Side-24h-750X-2.mp4,580,23.2,4.833333333333333,1849153,2.7374946520382952,86.0,,,True,,pH 1.2,pH 1.2,,1,yes,False,auto_parsed
01-pH1.2T-亲水凝胶空白制剂-251217-Side-24h-750X-2.mp4,600,24.0,5.0,1886885,2.793353279318304,85.0,,,True,,pH 1.2,pH 1.2,,1,yes,False,auto_parsed
01-pH1.2T-亲水凝胶空白制剂-251217-Side-24h-750X-2.mp4,620,24.8,5.166666666666667,1904934,2.8200731023803427,85.0,,,True,,pH 1.2,pH 1.2,,1,yes,False,auto_parsed
01-pH1.2T-亲水凝胶空白制剂-251217-Side-24h-750X-2.mp4,640,25.6,5.333333333333333,1920248,2.842744018795217,85.0,,,True,,pH 1.2,pH 1.2,,1,yes,False,auto_parsed
01-pH1.2T-亲水凝胶空白制剂-251217-Side-24h-750X-2.mp4,660,26.4,5.5,1939655,2.871474231336909,85.0,,,True,,pH 1.2,pH 1.2,,1,yes,False,auto_parsed
01-pH1.2T-亲水凝胶空白制剂-251217-Side-24h-750X-2.mp4,680,27.2,5.666666666666667,1958044,2.8986973919711736,85.0,,,True,,pH 1.2,pH 1.2,,1,yes,False,auto_parsed
01-pH1.2T-亲水凝胶空白制剂-251217-Side-24h-750X-2.mp4,700,28.0,5.833333333333333,1952061,2.8898401311046333,84.0,,,True,,pH 1.2,pH 1.2,,1,yes,False,auto_parsed
01-pH1.2T-亲水凝胶空白制剂-251217-Side-24h-750X-2.mp4,720,28.8,6.0,1982993,2.935632006940137,84.0,,,True,,pH 1.2,pH 1.2,,1,yes,False,auto_parsed
01-pH1.2T-亲水凝胶空白制剂-251217-Side-24h-750X-2.mp4,740,29.6,6.166666666666667,2000795,2.9619861700600008,84.0,,,True,,pH 1.2,pH 1.2,,1,yes,False,auto_parsed
01-pH1.2T-亲水凝胶空白制剂-251217-Side-24h-750X-2.mp4,760,30.4,6.333333333333333,2018599,2.988343293989113,84.0,,,True,,pH 1.2,pH 1.2,,1,yes,False,auto_parsed
01-pH1.2T-亲水凝胶空白制剂-251217-Side-24h-750X-2.mp4,780,31.2,6.5,2035666,3.013609359710196,84.0,,,True,,pH 1.2,pH 1.2,,1,yes,False,auto_parsed
01-pH1.2T-亲水凝胶空白制剂-251217-Side-24h-750X-2.mp4,800,32.0,6.666666666666667,2053027,3.0393106643907912,84.0,,,True,,pH 1.2,pH 1.2,,1,yes,False,auto_parsed
01-pH1.2T-亲水凝胶空白制剂-251217-Side-24h-750X-2.mp4,820,32.8,6.833333333333332,2066546,3.059324254505241,84.0,,,True,,pH 1.2,pH 1.2,,1,yes,False,auto_parsed
01-pH1.2T-亲水凝胶空白制剂-251217-Side-24h-750X-2.mp4,840,33.6,7.0,2076483,3.0740350352558363,84.0,,,True,,pH 1.2,pH 1.2,,1,yes,False,auto_parsed
01-pH1.2T-亲水凝胶空白制剂-251217-Side-24h-750X-2.mp4,860,34.4,7.166666666666667,2124615,3.14528987062744,84.0,,,True,,pH 1.2,pH 1.2,,1,yes,False,auto_parsed
01-pH1.2T-亲水凝胶空白制剂-251217-Side-24h-750X-2.mp4,880,35.2,7.333333333333334,2111884,3.126442839356853,83.0,,,True,,pH 1.2,pH 1.2,,1,yes,False,auto_parsed
01-pH1.2T-亲水凝胶空白制剂-251217-Side-24h-750X-2.mp4,900,36.0,7.5,2123427,3.1435311499339,83.0,,,True,,pH 1.2,pH 1.2,,1,yes,False,auto_parsed
01-pH1.2T-亲水凝胶空白制剂-251217-Side-24h-750X-2.mp4,920,36.8,7.666666666666666,2119357,3.137505903113439,83.0,,,True,,pH 1.2,pH 1.2,,1,yes,False,auto_parsed
01-pH1.2T-亲水凝胶空白制剂-251217-Side-24h-750X-2.mp4,940,37.6,7.833333333333333,2158820,3.1959271107979235,83.0,,,True,,pH 1.2,pH 1.2,,1,yes,False,auto_parsed
01-pH1.2T-亲水凝胶空白制剂-251217-Side-24h-750X-2.mp4,960,38.4,8.0,2179846,3.2270540984261817,82.0,,,True,,pH 1.2,pH 1.2,,1,yes,False,auto_parsed
01-pH1.2T-亲水凝胶空白制剂-251217-Side-24h-750X-2.mp4,980,39.2,8.166666666666668,2161381,3.199718427040479,82.0,,,True,,pH 1.2,pH 1.2,,1,yes,False,auto_parsed
01-pH1.2T-亲水凝胶空白制剂-251217-Side-24h-750X-2.mp4,1000,40.0,8.333333333333334,2199476,3.256114441199069,82.0,,,True,,pH 1.2,pH 1.2,,1,yes,False,auto_parsed
01-pH1.2T-亲水凝胶空白制剂-251217-Side-24h-750X-2.mp4,1020,40.8,8.499999999999998,2177163,3.223082172819475,82.0,,,True,,pH 1.2,pH 1.2,,1,yes,False,auto_parsed
01-pH1.2T-亲水凝胶空白制剂-251217-Side-24h-750X-2.mp4,1040,41.6,8.666666666666666,2217012,3.2820748166888976,82.0,,,True,,pH 1.2,pH 1.2,,1,yes,False,auto_parsed
01-pH1.2T-亲水凝胶空白制剂-251217-Side-24h-750X-2.mp4,1060,42.4,8.833333333333334,2208140,3.268940666863067,82.0,,,True,,pH 1.2,pH 1.2,,1,yes,False,auto_parsed
01-pH1.2T-亲水凝胶空白制剂-251217-Side-24h-750X-2.mp4,1080,43.2,9.000000000000002,2237323,3.3121433150108586,82.0,,,True,,pH 1.2,pH 1.2,,1,yes,False,auto_parsed
01-pH1.2T-亲水凝胶空白制剂-251217-Side-24h-750X-2.mp4,1100,44.0,9.166666666666666,2240586,3.3169738752995968,82.0,,,True,,pH 1.2,pH 1.2,,1,yes,False,auto_parsed
01-pH1.2T-亲水凝胶空白制剂-251217-Side-24h-750X-2.mp4,1120,44.8,9.333333333333334,2252038,3.3339274690558423,82.0,,,True,,pH 1.2,pH 1.2,,1,yes,False,auto_parsed
01-pH1.2T-亲水凝胶空白制剂-251217-Side-24h-750X-2.mp4,1140,45.6,9.5,2257358,3.341803221656543,82.0,,,True,,pH 1.2,pH 1.2,,1,yes,False,auto_parsed
01-pH1.2T-亲水凝胶空白制剂-251217-Side-24h-750X-2.mp4,1160,46.4,9.666666666666666,2273503,3.365704354314121,82.0,,,True,,pH 1.2,pH 1.2,,1,yes,False,auto_parsed
01-pH1.2T-亲水凝胶空白制剂-251217-Side-24h-750X-2.mp4,1180,47.2,9.833333333333334,2269003,3.359042533505258,82.0,,,True,,pH 1.2,pH 1.2,,1,yes,False,auto_parsed
01-pH1.2T-亲水凝胶空白制剂-251217-Side-24h-750X-2.mp4,1200,48.0,10.0,2270388,3.3610928939097637,82.0,,,True,,pH 1.2,pH 1.2,,1,yes,False,auto_parsed
01-pH1.2T-亲水凝胶空白制剂-251217-Side-24h-750X-2.mp4,1220,48.8,10.166666666666666,2277823,3.37209970229063,82.0,,,True,,pH 1.2,pH 1.2,,1,yes,False,auto_parsed
01-pH1.2T-亲水凝胶空白制剂-251217-Side-24h-750X-2.mp4,1240,49.6,10.333333333333334,2282402,3.3788784750648047,82.0,,,True,,pH 1.2,pH 1.2,,1,yes,False,auto_parsed
01-pH1.2T-亲水凝胶空白制剂-251217-Side-24h-750X-2.mp4,1260,50.4,10.5,2291712,3.392661042116031,82.0,,,True,,pH 1.2,pH 1.2,,1,yes,False,auto_parsed
01-pH1.2T-亲水凝胶空白制剂-251217-Side-24h-750X-2.mp4,1280,51.2,10.666666666666666,2299054,3.403530172866848,82.0,,,True,,pH 1.2,pH 1.2,,1,yes,False,auto_parsed
01-pH1.2T-亲水凝胶空白制剂-251217-Side-24h-750X-2.mp4,1300,52.0,10.833333333333334,2287281,3.3861013692262367,82.0,,,True,,pH 1.2,pH 1.2,,1,yes,False,auto_parsed
01-pH1.2T-亲水凝胶空白制剂-251217-Side-24h-750X-2.mp4,1320,52.8,11.0,2299006,3.4034591134448866,82.0,,,True,,pH 1.2,pH 1.2,,1,yes,False,auto_parsed
01-pH1.2T-亲水凝胶空白制剂-251217-Side-24h-750X-2.mp4,1340,53.6,11.166666666666666,2294795,3.3972251295724147,82.0,,,True,,pH 1.2,pH 1.2,,1,yes,False,auto_parsed
01-pH1.2T-亲水凝胶空白制剂-251217-Side-24h-750X-2.mp4,1360,54.4,11.333333333333334,2304129,3.411043226334622,82.0,,,True,,pH 1.2,pH 1.2,,1,yes,False,auto_parsed
01-pH1.2T-亲水凝胶空白制剂-251217-Side-24h-750X-2.mp4,1380,55.2,11.5,2301702,3.4074502843117083,82.0,,,True,,pH 1.2,pH 1.2,,1,yes,False,auto_parsed
01-pH1.2T-亲水凝胶空白制剂-251217-Side-24h-750X-2.mp4,1400,56.0,11.666666666666666,2294218,3.396370936104256,83.0,,,True,,pH 1.2,pH 1.2,,1,yes,False,auto_parsed
01-pH1.2T-亲水凝胶空白制剂-251217-Side-24h-750X-2.mp4,1420,56.8,11.833333333333334,2299958,3.4048684586471176,83.0,,,True,,pH 1.2,pH 1.2,,1,yes,False,auto_parsed
01-pH1.2T-亲水凝胶空白制剂-251217-Side-24h-750X-2.mp4,1440,57.6,12.0,2303281,3.409787843213307,83.0,,,True,,pH 1.2,pH 1.2,,1,yes,False,auto_parsed
01-pH1.2T-亲水凝胶空白制剂-251217-Side-24h-750X-2.mp4,1460,58.4,12.166666666666666,2302098,3.408036524542888,83.0,,,True,,pH 1.2,pH 1.2,,1,yes,False,auto_parsed
01-pH1.2T-亲水凝胶空白制剂-251217-Side-24h-750X-2.mp4,1480,59.2,12.333333333333334,2307781,3.4164496640221707,81.0,,,True,,pH 1.2,pH 1.2,,1,yes,False,auto_parsed
01-pH1.2T-亲水凝胶空白制剂-251217-Side-24h-750X-2.mp4,1500,60.0,12.5,2307358,3.415823452866137,81.0,,,True,,pH 1.2,pH 1.2,,1,yes,False,auto_parsed
01-pH1.2T-亲水凝胶空白制剂-251217-Side-24h-750X-2.mp4,1520,60.8,12.666666666666666,2308312,3.4172357588776165,81.0,,,True,,pH 1.2,pH 1.2,,1,yes,False,auto_parsed
01-pH1.2T-亲水凝胶空白制剂-251217-Side-24h-750X-2.mp4,1540,61.6,12.833333333333334,2305465,3.413021046912542,81.0,,,True,,pH 1.2,pH 1.2,,1,yes,False,auto_parsed
01-pH1.2T-亲水凝胶空白制剂-251217-Side-24h-750X-2.mp4,1560,62.4,13.0,2307322,3.4157701582996665,81.0,,,True,,pH 1.2,pH 1.2,,1,yes,False,auto_parsed
01-pH1.2T-亲水凝胶空白制剂-251217-Side-24h-750X-2.mp4,1580,63.2,13.166666666666666,2304475,3.4115554463345923,81.0,,,True,,pH 1.2,pH 1.2,,1,yes,False,auto_parsed
01-pH1.2T-亲水凝胶空白制剂-251217-Side-24h-750X-2.mp4,1600,64.0,13.333333333333334,2302300,3.4083355662769748,81.0,,,True,,pH 1.2,pH 1.2,,1,yes,False,auto_parsed
01-pH1.2T-亲水凝胶空白制剂-251217-Side-24h-750X-2.mp4,1620,64.8,13.5,2303360,3.409904795178618,81.0,,,True,,pH 1.2,pH 1.2,,1,yes,False,auto_parsed
01-pH1.2T-亲水凝胶空白制剂-251217-Side-24h-750X-2.mp4,1640,65.6,13.666666666666664,2300339,3.4054324928089343,81.0,,,True,,pH 1.2,pH 1.2,,1,yes,False,auto_parsed
01-pH1.2T-亲水凝胶空白制剂-251217-Side-24h-750X-2.mp4,1660,66.4,13.833333333333336,2298743,3.4030697670287244,81.0,,,True,,pH 1.2,pH 1.2,,1,yes,False,auto_parsed
01-pH1.2T-亲水凝胶空白制剂-251217-Side-24h-750X-2.mp4,1680,67.2,14.0,2296149,3.3992295974335707,81.0,,,True,,pH 1.2,pH 1.2,,1,yes,False,auto_parsed
01-pH1.2T-亲水凝胶空白制剂-251217-Side-24h-750X-2.mp4,1700,68.0,14.166666666666666,2298729,3.403049041363986,80.0,,,True,,pH 1.2,pH 1.2,,1,yes,False,auto_parsed
01-pH1.2T-亲水凝胶空白制剂-251217-Side-24h-750X-2.mp4,1720,68.8,14.333333333333334,2280487,3.376043500209477,80.0,,,True,,pH 1.2,pH 1.2,,1,yes,False,auto_parsed
01-pH1.2T-亲水凝胶空白制剂-251217-Side-24h-750X-2.mp4,1740,69.6,14.499999999999998,2272396,3.3640655463951408,80.0,,,True,,pH 1.2,pH 1.2,,1,yes,False,auto_parsed
01-pH1.2T-亲水凝胶空白制剂-251217-Side-24h-750X-2.mp4,1760,70.4,14.666666666666668,2267485,3.3567952792857345,80.0,,,True,,pH 1.2,pH 1.2,,1,yes,False,auto_parsed
01-pH1.2T-亲水凝胶空白制剂-251217-Side-24h-750X-2.mp4,1780,71.2,14.833333333333334,2264335,3.3521320047195298,80.0,,,True,,pH 1.2,pH 1.2,,1,yes,False,auto_parsed
01-pH1.2T-亲水凝胶空白制剂-251217-Side-24h-750X-2.mp4,1800,72.0,15.0,2253768,3.3364885690556942,80.0,,,True,,pH 1.2,pH 1.2,,1,yes,False,auto_parsed
01-pH1.2T-亲水凝胶空白制剂-251217-Side-24h-750X-2.mp4,1820,72.8,15.166666666666666,2251235,3.332738704142616,80.0,,,True,,pH 1.2,pH 1.2,,1,yes,False,auto_parsed
01-pH1.2T-亲水凝胶空白制剂-251217-Side-24h-750X-2.mp4,1840,73.6,15.333333333333332,2252517,3.3346365828708304,79.0,,,True,,pH 1.2,pH 1.2,,1,yes,False,auto_parsed
01-pH1.2T-亲水凝胶空白制剂-251217-Side-24h-750X-2.mp4,1860,74.4,15.500000000000002,2240114,3.316275124316978,79.0,,,True,,pH 1.2,pH 1.2,,1,yes,False,auto_parsed
01-pH1.2T-亲水凝胶空白制剂-251217-Side-24h-750X-2.mp4,1880,75.2,15.666666666666666,2229554,3.300642051485512,79.0,,,True,,pH 1.2,pH 1.2,,1,yes,False,auto_parsed
01-pH1.2T-亲水凝胶空白制剂-251217-Side-24h-750X-2.mp4,1900,76.0,15.833333333333334,2222289,3.289886911890758,79.0,,,True,,pH 1.2,pH 1.2,,1,yes,False,auto_parsed
01-pH1.2T-亲水凝胶空白制剂-251217-Side-24h-750X-2.mp4,1920,76.8,16.0,2213450,3.276801615417526,79.0,,,True,,pH 1.2,pH 1.2,,1,yes,False,auto_parsed
01-pH1.2T-亲水凝胶空白制剂-251217-Side-24h-750X-2.mp4,1940,77.6,16.166666666666664,2202752,3.260964246747921,79.0,,,True,,pH 1.2,pH 1.2,,1,yes,False,auto_parsed
01-pH1.2T-亲水凝胶空白制剂-251217-Side-24h-750X-2.mp4,1960,78.4,16.333333333333336,2194095,3.248148383916292,79.0,,,True,,pH 1.2,pH 1.2,,1,yes,False,auto_parsed
01-pH1.2T-亲水凝胶空白制剂-251217-Side-24h-750X-2.mp4,1980,79.2,16.5,2185778,3.235835858656888,79.0,,,True,,pH 1.2,pH 1.2,,1,yes,False,auto_parsed
01-pH1.2T-亲水凝胶空白制剂-251217-Side-24h-750X-2.mp4,2000,80.0,16.666666666666668,2171675,3.21495771224191,79.0,,,True,,pH 1.2,pH 1.2,,1,yes,False,auto_parsed
01-pH1.2T-亲水凝胶空白制剂-251217-Side-24h-750X-2.mp4,2020,80.8,16.833333333333332,2158559,3.1955407251910093,79.0,,,True,,pH 1.2,pH 1.2,,1,yes,False,auto_parsed
01-pH1.2T-亲水凝胶空白制剂-251217-Side-24h-750X-2.mp4,2040,81.6,16.999999999999996,2143587,3.1733761071576083,79.0,,,True,,pH 1.2,pH 1.2,,1,yes,False,auto_parsed
01-pH1.2T-亲水凝胶空白制剂-251217-Side-24h-750X-2.mp4,2060,82.4,17.166666666666668,2164254,3.203971629525782,79.0,,,True,,pH 1.2,pH 1.2,,1,yes,False,auto_parsed
01-pH1.2T-亲水凝胶空白制剂-251217-Side-24h-750X-2.mp4,2080,83.2,17.333333333333332,2153663,3.188292664150966,79.0,,,True,,pH 1.2,pH 1.2,,1,yes,False,auto_parsed
01-pH1.2T-亲水凝胶空白制剂-251217-Side-24h-750X-2.mp4,2100,84.0,17.5,2138377,3.165663199065569,79.0,,,True,,pH 1.2,pH 1.2,,1,yes,False,auto_parsed
01-pH1.2T-亲水凝胶空白制剂-251217-Side-24h-750X-2.mp4,2120,84.8,17.666666666666668,2127327,3.149304727968248,79.0,,,True,,pH 1.2,pH 1.2,,1,yes,False,auto_parsed
01-pH1.2T-亲水凝胶空白制剂-251217-Side-24h-750X-2.mp4,2140,85.6,17.833333333333332,2113629,3.129026145426068,79.0,,,True,,pH 1.2,pH 1.2,,1,yes,False,auto_parsed
01-pH1.2T-亲水凝胶空白制剂-251217-Side-24h-750X-2.mp4,2160,86.4,18.000000000000004,2097966,3.1058385677973503,79.0,,,True,,pH 1.2,pH 1.2,,1,yes,False,auto_parsed
01-pH1.2T-亲水凝胶空白制剂-251217-Side-24h-750X-2.mp4,2180,87.2,18.166666666666668,2085056,3.086726544099033,79.0,,,True,,pH 1.2,pH 1.2,,1,yes,False,auto_parsed
01-pH1.2T-亲水凝胶空白制剂-251217-Side-24h-750X-2.mp4,2200,88.0,18.33333333333333,2082212,3.0825162733478315,78.0,,,True,,pH 1.2,pH 1.2,,1,yes,False,auto_parsed
01-pH1.2T-亲水凝胶空白制剂-251217-Side-24h-750X-2.mp4,2220,88.8,18.5,2062566,3.0534322441009576,79.0,,,True,,pH 1.2,pH 1.2,,1,yes,False,auto_parsed
01-pH1.2T-亲水凝胶空白制剂-251217-Side-24h-750X-2.mp4,2240,89.6,18.666666666666668,2059351,3.0486727432341807,78.0,,,True,,pH 1.2,pH 1.2,,1,yes,False,auto_parsed
01-pH1.2T-亲水凝胶空白制剂-251217-Side-24h-750X-2.mp4,2260,90.4,18.83333333333333,2049155,3.03357853768592,78.0,,,True,,pH 1.2,pH 1.2,,1,yes,False,auto_parsed
01-pH1.2T-亲水凝胶空白制剂-251217-Side-24h-750X-2.mp4,2280,91.2,19.0,2038634,3.018003200634797,78.0,,,True,,pH 1.2,pH 1.2,,1,yes,False,auto_parsed
01-pH1.2T-亲水凝胶空白制剂-251217-Side-24h-750X-2.mp4,2300,92.0,19.166666666666668,2017297,2.9864158071684157,78.0,,,True,,pH 1.2,pH 1.2,,1,yes,False,auto_parsed
01-pH1.2T-亲水凝胶空白制剂-251217-Side-24h-750X-2.mp4,2320,92.8,19.33333333333333,2004713,2.9677863953775847,78.0,,,True,,pH 1.2,pH 1.2,,1,yes,False,auto_parsed
01-pH1.2T-亲水凝胶空白制剂-251217-Side-24h-750X-2.mp4,2340,93.6,19.5,1994663,2.952908328904456,78.0,,,True,,pH 1.2,pH 1.2,,1,yes,False,auto_parsed
01-pH1.2T-亲水凝胶空白制剂-251217-Side-24h-750X-2.mp4,2360,94.4,19.666666666666668,1983965,2.9370709602348515,78.0,,,True,,pH 1.2,pH 1.2,,1,yes,False,auto_parsed
01-pH1.2T-亲水凝胶空白制剂-251217-Side-24h-750X-2.mp4,2380,95.2,19.83333333333333,1971696,2.9189078759006413,78.0,,,True,,pH 1.2,pH 1.2,,1,yes,False,auto_parsed
01-pH1.2T-亲水凝胶空白制剂-251217-Side-24h-750X-2.mp4,2400,96.0,20.0,1962628,2.9054835667684693,77.0,,,True,,pH 1.2,pH 1.2,,1,yes,False,auto_parsed
01-pH1.2T-亲水凝胶空白制剂-251217-Side-24h-750X-2.mp4,2420,96.8,20.166666666666668,1950904,2.888127302954444,77.0,,,True,,pH 1.2,pH 1.2,,1,yes,False,auto_parsed
01-pH1.2T-亲水凝胶空白制剂-251217-Side-24h-750X-2.mp4,2440,97.6,20.33333333333333,1936889,2.8673794321463943,77.0,,,True,,pH 1.2,pH 1.2,,1,yes,False,auto_parsed
01-pH1.2T-亲水凝胶空白制剂-251217-Side-24h-750X-2.mp4,2460,98.4,20.5,1922353,2.845860270529141,77.0,,,True,,pH 1.2,pH 1.2,,1,yes,False,auto_parsed
01-pH1.2T-亲水凝胶空白制剂-251217-Side-24h-750X-2.mp4,2480,99.2,20.666666666666668,1910262,2.8279606982180368,77.0,,,True,,pH 1.2,pH 1.2,,1,yes,False,auto_parsed
01-pH1.2T-亲水凝胶空白制剂-251217-Side-24h-750X-2.mp4,2500,100.0,20.83333333333333,1896697,2.807879009490874,77.0,,,True,,pH 1.2,pH 1.2,,1,yes,False,auto_parsed
01-pH1.2T-亲水凝胶空白制剂-251217-Side-24h-750X-2.mp4,2520,100.8,21.0,1887035,2.793575340011932,77.0,,,True,,pH 1.2,pH 1.2,,1,yes,False,auto_parsed
01-pH1.2T-亲水凝胶空白制剂-251217-Side-24h-750X-2.mp4,2540,101.6,21.166666666666668,1873654,2.7737660457356204,77.0,,,True,,pH 1.2,pH 1.2,,1,yes,False,auto_parsed
01-pH1.2T-亲水凝胶空白制剂-251217-Side-24h-750X-2.mp4,2560,102.4,21.33333333333333,1867432,2.7645549681638983,77.0,,,True,,pH 1.2,pH 1.2,,1,yes,False,auto_parsed
01-pH1.2T-亲水凝胶空白制剂-251217-Side-24h-750X-2.mp4,2580,103.2,21.5,1858190,2.750873068627117,76.0,,,True,,pH 1.2,pH 1.2,,1,yes,False,auto_parsed
01-pH1.2T-亲水凝胶空白制剂-251217-Side-24h-750X-2.mp4,2600,104.0,21.666666666666668,1848886,2.737099384003636,76.0,,,True,,pH 1.2,pH 1.2,,1,yes,False,auto_parsed
01-pH1.2T-亲水凝胶空白制剂-251217-Side-24h-750X-2.mp4,2620,104.8,21.83333333333333,1847057,2.734391723945989,76.0,,,True,,pH 1.2,pH 1.2,,1,yes,False,auto_parsed
01-pH1.2T-亲水凝胶空白制剂-251217-Side-24h-750X-2.mp4,2640,105.6,22.0,1850686,2.739764112327181,78.0,,,True,,pH 1.2,pH 1.2,,1,yes,False,auto_parsed
01-pH1.2T-亲水凝胶空白制剂-251217-Side-24h-750X-2.mp4,2660,106.4,22.166666666666668,1852018,2.741736011286605,77.0,,,True,,pH 1.2,pH 1.2,,1,yes,False,auto_parsed
01-pH1.2T-亲水凝胶空白制剂-251217-Side-24h-750X-2.mp4,2680,107.2,22.33333333333333,1882285,2.7865434180470205,76.0,,,True,,pH 1.2,pH 1.2,,1,yes,False,auto_parsed
01-pH1.2T-亲水凝胶空白制剂-251217-Side-24h-750X-2.mp4,2700,108.0,22.5,1744360,2.582358610255355,78.0,,,True,,pH 1.2,pH 1.2,,1,yes,False,auto_parsed
01-pH1.2T-亲水凝胶空白制剂-251217-Side-24h-750X-2.mp4,2720,108.8,22.666666666666668,1701400,2.518760427600072,78.0,,,True,,pH 1.2,pH 1.2,,1,yes,False,auto_parsed
01-pH1.2T-亲水凝胶空白制剂-251217-Side-24h-750X-2.mp4,2740,109.6,22.83333333333333,1682776,2.491189371879122,78.0,,,True,,pH 1.2,pH 1.2,,1,yes,False,auto_parsed
01-pH1.2T-亲水凝胶空白制剂-251217-Side-24h-750X-2.mp4,2760,110.4,23.0,1661162,2.4591919063318386,79.0,,,True,,pH 1.2,pH 1.2,,1,yes,False,auto_parsed
01-pH1.2T-亲水凝胶空白制剂-251217-Side-24h-750X-2.mp4,2780,111.2,23.166666666666668,1649552,2.442004408644971,79.0,,,True,,pH 1.2,pH 1.2,,1,yes,False,auto_parsed
01-pH1.2T-亲水凝胶空白制剂-251217-Side-24h-750X-2.mp4,2800,112.0,23.33333333333333,1638706,2.425947940090986,79.0,,,True,,pH 1.2,pH 1.2,,1,yes,False,auto_parsed
01-pH1.2T-亲水凝胶空白制剂-251217-Side-24h-750X-2.mp4,2820,112.8,23.5,1626877,2.40843623379142,79.0,,,True,,pH 1.2,pH 1.2,,1,yes,False,auto_parsed
01-pH1.2T-亲水凝胶空白制剂-251217-Side-24h-750X-2.mp4,2840,113.6,23.666666666666668,1613699,2.3889274616538194,79.0,,,True,,pH 1.2,pH 1.2,,1,yes,False,auto_parsed
01-pH1.2T-亲水凝胶空白制剂-251217-Side-24h-750X-2.mp4,2860,114.4,23.83333333333333,1605875,2.3773447758741417,79.0,,,True,,pH 1.2,pH 1.2,,1,yes,False,auto_parsed
01-pH1.2T-亲水凝胶空白制剂-251217-Side-24h-750X-2.mp4,2879,115.16,23.991666666666667,1594955,2.3611787573779663,79.0,,,True,,pH 1.2,pH 1.2,,1,yes,False,auto_parsed
01-pH4.5T-亲水凝胶空白制剂-251217-Side-24h-750X-1.mp4,0,0.0,0.0,1123859,1.0,108.0,,,True,,pH 4.5,pH 4.5,,1,yes,False,auto_parsed
01-pH4.5T-亲水凝胶空白制剂-251217-Side-24h-750X-1.mp4,20,0.8,0.1666666666666666,1399006,1.2448234164606058,104.0,,,True,,pH 4.5,pH 4.5,,1,yes,False,auto_parsed
01-pH4.5T-亲水凝胶空白制剂-251217-Side-24h-750X-1.mp4,40,1.6,0.3333333333333333,1641815,1.4608727607288814,101.0,,,True,,pH 4.5,pH 4.5,,1,yes,False,auto_parsed
01-pH4.5T-亲水凝胶空白制剂-251217-Side-24h-750X-1.mp4,60,2.4,0.5,1738165,1.5466041558594097,101.0,,,True,,pH 4.5,pH 4.5,,1,yes,False,auto_parsed
01-pH4.5T-亲水凝胶空白制剂-251217-Side-24h-750X-1.mp4,80,3.2,0.6666666666666666,1836030,1.633683584862514,100.0,,,True,,pH 4.5,pH 4.5,,1,yes,False,auto_parsed
01-pH4.5T-亲水凝胶空白制剂-251217-Side-24h-750X-1.mp4,100,4.0,0.8333333333333334,1919783,1.7082062785456182,99.0,,,True,,pH 4.5,pH 4.5,,1,yes,False,auto_parsed
01-pH4.5T-亲水凝胶空白制剂-251217-Side-24h-750X-1.mp4,120,4.8,1.0,1983421,1.7648308195245133,99.0,,,True,,pH 4.5,pH 4.5,,1,yes,False,auto_parsed
01-pH4.5T-亲水凝胶空白制剂-251217-Side-24h-750X-1.mp4,140,5.6,1.1666666666666667,2071936,1.8435906995450495,99.0,,,True,,pH 4.5,pH 4.5,,1,yes,False,auto_parsed
01-pH4.5T-亲水凝胶空白制剂-251217-Side-24h-750X-1.mp4,160,6.4,1.3333333333333333,2102809,1.871061227431555,99.0,,,True,,pH 4.5,pH 4.5,,1,yes,False,auto_parsed
01-pH4.5T-亲水凝胶空白制剂-251217-Side-24h-750X-1.mp4,180,7.2,1.5,2185254,1.944420074048435,99.0,,,True,,pH 4.5,pH 4.5,,1,yes,False,auto_parsed
01-pH4.5T-亲水凝胶空白制剂-251217-Side-24h-750X-1.mp4,200,8.0,1.6666666666666667,2232362,1.9863363642592176,99.0,,,True,,pH 4.5,pH 4.5,,1,yes,False,auto_parsed
01-pH4.5T-亲水凝胶空白制剂-251217-Side-24h-750X-1.mp4,220,8.8,1.8333333333333333,2280067,2.028783859897016,98.0,,,True,,pH 4.5,pH 4.5,,1,yes,False,auto_parsed
01-pH4.5T-亲水凝胶空白制剂-251217-Side-24h-750X-1.mp4,240,9.6,2.0,2331626,2.0746606113400348,99.0,,,True,,pH 4.5,pH 4.5,,1,yes,False,auto_parsed
01-pH4.5T-亲水凝胶空白制剂-251217-Side-24h-750X-1.mp4,260,10.4,2.1666666666666665,2378558,2.1164202982758518,98.0,,,True,,pH 4.5,pH 4.5,,1,yes,False,auto_parsed
01-pH4.5T-亲水凝胶空白制剂-251217-Side-24h-750X-1.mp4,280,11.2,2.333333333333333,2419328,2.1526970910051886,98.0,,,True,,pH 4.5,pH 4.5,,1,yes,False,auto_parsed
01-pH4.5T-亲水凝胶空白制剂-251217-Side-24h-750X-1.mp4,300,12.0,2.5,2463271,2.1917971916405885,98.0,,,True,,pH 4.5,pH 4.5,,1,yes,False,auto_parsed
01-pH4.5T-亲水凝胶空白制剂-251217-Side-24h-750X-1.mp4,320,12.8,2.6666666666666665,2507707,2.23133595940416,98.0,,,True,,pH 4.5,pH 4.5,,1,yes,False,auto_parsed
01-pH4.5T-亲水凝胶空白制剂-251217-Side-24h-750X-1.mp4,340,13.6,2.833333333333333,2551576,2.270370215480768,98.0,,,True,,pH 4.5,pH 4.5,,1,yes,False,auto_parsed
01-pH4.5T-亲水凝胶空白制剂-251217-Side-24h-750X-1.mp4,360,14.4,3.0,2594107,2.3082139307511,98.0,,,True,,pH 4.5,pH 4.5,,1,yes,False,auto_parsed
01-pH4.5T-亲水凝胶空白制剂-251217-Side-24h-750X-1.mp4,380,15.2,3.1666666666666665,2681868,2.38630290810502,99.0,,,True,,pH 4.5,pH 4.5,,1,yes,False,auto_parsed
01-pH4.5T-亲水凝胶空白制剂-251217-Side-24h-750X-1.mp4,400,16.0,3.333333333333333,2709367,2.410771280027121,99.0,,,True,,pH 4.5,pH 4.5,,1,yes,False,auto_parsed
01-pH4.5T-亲水凝胶空白制剂-251217-Side-24h-750X-1.mp4,420,16.8,3.5,2755420,2.4517488403794427,99.0,,,True,,pH 4.5,pH 4.5,,1,yes,False,auto_parsed
01-pH4.5T-亲水凝胶空白制剂-251217-Side-24h-750X-1.mp4,440,17.6,3.666666666666667,2780106,2.4737142292760925,99.0,,,True,,pH 4.5,pH 4.5,,1,yes,False,auto_parsed
01-pH4.5T-亲水凝胶空白制剂-251217-Side-24h-750X-1.mp4,460,18.4,3.833333333333333,2815478,2.505187928378916,99.0,,,True,,pH 4.5,pH 4.5,,1,yes,False,auto_parsed
01-pH4.5T-亲水凝胶空白制剂-251217-Side-24h-750X-1.mp4,480,19.2,4.0,2843728,2.530324533593627,99.0,,,True,,pH 4.5,pH 4.5,,1,yes,False,auto_parsed
01-pH4.5T-亲水凝胶空白制剂-251217-Side-24h-750X-1.mp4,500,20.0,4.166666666666667,2876104,2.5591324178566883,99.0,,,True,,pH 4.5,pH 4.5,,1,yes,False,auto_parsed
01-pH4.5T-亲水凝胶空白制剂-251217-Side-24h-750X-1.mp4,520,20.8,4.333333333333333,2913912,2.592773648651655,99.0,,,True,,pH 4.5,pH 4.5,,1,yes,False,auto_parsed
01-pH4.5T-亲水凝胶空白制剂-251217-Side-24h-750X-1.mp4,540,21.6,4.500000000000001,2956558,2.6307196899255154,99.0,,,True,,pH 4.5,pH 4.5,,1,yes,False,auto_parsed
01-pH4.5T-亲水凝胶空白制剂-251217-Side-24h-750X-1.mp4,560,22.4,4.666666666666667,2988601,2.6592312736740107,99.0,,,True,,pH 4.5,pH 4.5,,1,yes,False,auto_parsed
01-pH4.5T-亲水凝胶空白制剂-251217-Side-24h-750X-1.mp4,580,23.2,4.833333333333333,3023044,2.689878356626588,99.0,,,True,,pH 4.5,pH 4.5,,1,yes,False,auto_parsed
01-pH4.5T-亲水凝胶空白制剂-251217-Side-24h-750X-1.mp4,600,24.0,5.0,3059391,2.722219602281069,98.0,,,True,,pH 4.5,pH 4.5,,1,yes,False,auto_parsed
01-pH4.5T-亲水凝胶空白制剂-251217-Side-24h-750X-1.mp4,620,24.8,5.166666666666667,3087015,2.746799198120049,98.0,,,True,,pH 4.5,pH 4.5,,1,yes,False,auto_parsed
01-pH4.5T-亲水凝胶空白制剂-251217-Side-24h-750X-1.mp4,640,25.6,5.333333333333333,3126681,2.7820936612155083,98.0,,,True,,pH 4.5,pH 4.5,,1,yes,False,auto_parsed
01-pH4.5T-亲水凝胶空白制剂-251217-Side-24h-750X-1.mp4,660,26.4,5.5,3160258,2.811970184871946,98.0,,,True,,pH 4.5,pH 4.5,,1,yes,False,auto_parsed
01-pH4.5T-亲水凝胶空白制剂-251217-Side-24h-750X-1.mp4,680,27.2,5.666666666666667,3186458,2.835282717849837,98.0,,,True,,pH 4.5,pH 4.5,,1,yes,False,auto_parsed
01-pH4.5T-亲水凝胶空白制剂-251217-Side-24h-750X-1.mp4,700,28.0,5.833333333333333,3223669,2.868392743217788,97.0,,,True,,pH 4.5,pH 4.5,,1,yes,False,auto_parsed
01-pH4.5T-亲水凝胶空白制剂-251217-Side-24h-750X-1.mp4,720,28.8,6.0,3261624,2.9021647733390044,97.0,,,True,,pH 4.5,pH 4.5,,1,yes,False,auto_parsed
01-pH4.5T-亲水凝胶空白制剂-251217-Side-24h-750X-1.mp4,740,29.6,6.166666666666667,3279766,2.9183073677391915,96.0,,,True,,pH 4.5,pH 4.5,,1,yes,False,auto_parsed
01-pH4.5T-亲水凝胶空白制剂-251217-Side-24h-750X-1.mp4,760,30.4,6.333333333333333,3309517,2.9447795497477887,96.0,,,True,,pH 4.5,pH 4.5,,1,yes,False,auto_parsed
01-pH4.5T-亲水凝胶空白制剂-251217-Side-24h-750X-1.mp4,780,31.2,6.5,3504626,3.1183858473349413,97.0,,,True,,pH 4.5,pH 4.5,,1,yes,False,auto_parsed
01-pH4.5T-亲水凝胶空白制剂-251217-Side-24h-750X-1.mp4,800,32.0,6.666666666666667,3546622,3.1557535242410304,96.0,,,True,,pH 4.5,pH 4.5,,1,yes,False,auto_parsed
01-pH4.5T-亲水凝胶空白制剂-251217-Side-24h-750X-1.mp4,820,32.8,6.833333333333332,3571760,3.1781210988211157,96.0,,,True,,pH 4.5,pH 4.5,,1,yes,False,auto_parsed
01-pH4.5T-亲水凝胶空白制剂-251217-Side-24h-750X-1.mp4,840,33.6,7.0,3580926,3.1862769261980373,96.0,,,True,,pH 4.5,pH 4.5,,1,yes,False,auto_parsed
01-pH4.5T-亲水凝胶空白制剂-251217-Side-24h-750X-1.mp4,860,34.4,7.166666666666667,3435109,3.056530223097381,96.0,,,True,,pH 4.5,pH 4.5,,1,yes,False,auto_parsed
01-pH4.5T-亲水凝胶空白制剂-251217-Side-24h-750X-1.mp4,880,35.2,7.333333333333334,3620789,3.2217466781864985,96.0,,,True,,pH 4.5,pH 4.5,,1,yes,False,auto_parsed
01-pH4.5T-亲水凝胶空白制剂-251217-Side-24h-750X-1.mp4,900,36.0,7.5,3657846,3.2547196756888543,95.0,,,True,,pH 4.5,pH 4.5,,1,yes,False,auto_parsed
01-pH4.5T-亲水凝胶空白制剂-251217-Side-24h-750X-1.mp4,920,36.8,7.666666666666666,3689243,3.282656454234917,95.0,,,True,,pH 4.5,pH 4.5,,1,yes,False,auto_parsed
01-pH4.5T-亲水凝胶空白制剂-251217-Side-24h-750X-1.mp4,940,37.6,7.833333333333333,3713623,3.304349566983047,95.0,,,True,,pH 4.5,pH 4.5,,1,yes,False,auto_parsed
01-pH4.5T-亲水凝胶空白制剂-251217-Side-24h-750X-1.mp4,960,38.4,8.0,3733248,3.3218117219330896,95.0,,,True,,pH 4.5,pH 4.5,,1,yes,False,auto_parsed
01-pH4.5T-亲水凝胶空白制剂-251217-Side-24h-750X-1.mp4,980,39.2,8.166666666666668,3754503,3.340724236759238,95.0,,,True,,pH 4.5,pH 4.5,,1,yes,False,auto_parsed
01-pH4.5T-亲水凝胶空白制剂-251217-Side-24h-750X-1.mp4,1000,40.0,8.333333333333334,3765451,3.35046567229519,95.0,,,True,,pH 4.5,pH 4.5,,1,yes,False,auto_parsed
01-pH4.5T-亲水凝胶空白制剂-251217-Side-24h-750X-1.mp4,1020,40.8,8.499999999999998,3789607,3.371959471784272,95.0,,,True,,pH 4.5,pH 4.5,,1,yes,False,auto_parsed
01-pH4.5T-亲水凝胶空白制剂-251217-Side-24h-750X-1.mp4,1040,41.6,8.666666666666666,3819632,3.3986754566186685,95.0,,,True,,pH 4.5,pH 4.5,,1,yes,False,auto_parsed
01-pH4.5T-亲水凝胶空白制剂-251217-Side-24h-750X-1.mp4,1060,42.4,8.833333333333334,3844491,3.420794779416279,95.0,,,True,,pH 4.5,pH 4.5,,1,yes,False,auto_parsed
01-pH4.5T-亲水凝胶空白制剂-251217-Side-24h-750X-1.mp4,1080,43.2,9.000000000000002,3861558,3.435980848131305,95.0,,,True,,pH 4.5,pH 4.5,,1,yes,False,auto_parsed
01-pH4.5T-亲水凝胶空白制剂-251217-Side-24h-750X-1.mp4,1100,44.0,9.166666666666666,3875662,3.448530465120625,95.0,,,True,,pH 4.5,pH 4.5,,1,yes,False,auto_parsed
01-pH4.5T-亲水凝胶空白制剂-251217-Side-24h-750X-1.mp4,1120,44.8,9.333333333333334,3895200,3.4659152082245197,95.0,,,True,,pH 4.5,pH 4.5,,1,yes,False,auto_parsed
01-pH4.5T-亲水凝胶空白制剂-251217-Side-24h-750X-1.mp4,1140,45.6,9.5,3911132,3.480091363774281,95.0,,,True,,pH 4.5,pH 4.5,,1,yes,False,auto_parsed
01-pH4.5T-亲水凝胶空白制剂-251217-Side-24h-750X-1.mp4,1160,46.4,9.666666666666666,3994276,3.5540721745343498,94.0,,,True,,pH 4.5,pH 4.5,,1,yes,False,auto_parsed
01-pH4.5T-亲水凝胶空白制剂-251217-Side-24h-750X-1.mp4,1180,47.2,9.833333333333334,4006583,3.565022836494613,94.0,,,True,,pH 4.5,pH 4.5,,1,yes,False,auto_parsed
01-pH4.5T-亲水凝胶空白制剂-251217-Side-24h-750X-1.mp4,1200,48.0,10.0,4013235,3.57094172845526,94.0,,,True,,pH 4.5,pH 4.5,,1,yes,False,auto_parsed
01-pH4.5T-亲水凝胶空白制剂-251217-Side-24h-750X-1.mp4,1220,48.8,10.166666666666666,4044017,3.598331285330277,94.0,,,True,,pH 4.5,pH 4.5,,1,yes,False,auto_parsed
01-pH4.5T-亲水凝胶空白制剂-251217-Side-24h-750X-1.mp4,1240,49.6,10.333333333333334,4058739,3.611430793364648,94.0,,,True,,pH 4.5,pH 4.5,,1,yes,False,auto_parsed
01-pH4.5T-亲水凝胶空白制剂-251217-Side-24h-750X-1.mp4,1260,50.4,10.5,4070604,3.621988167554827,94.0,,,True,,pH 4.5,pH 4.5,,1,yes,False,auto_parsed
01-pH4.5T-亲水凝胶空白制剂-251217-Side-24h-750X-1.mp4,1280,51.2,10.666666666666666,4085513,3.635254066568849,93.0,,,True,,pH 4.5,pH 4.5,,1,yes,False,auto_parsed
01-pH4.5T-亲水凝胶空白制剂-251217-Side-24h-750X-1.mp4,1300,52.0,10.833333333333334,4082585,3.632648757539869,93.0,,,True,,pH 4.5,pH 4.5,,1,yes,False,auto_parsed
01-pH4.5T-亲水凝胶空白制剂-251217-Side-24h-750X-1.mp4,1320,52.8,11.0,4094876,3.643585182838773,93.0,,,True,,pH 4.5,pH 4.5,,1,yes,False,auto_parsed
01-pH4.5T-亲水凝胶空白制剂-251217-Side-24h-750X-1.mp4,1340,53.6,11.166666666666666,4103825,3.651547925495992,93.0,,,True,,pH 4.5,pH 4.5,,1,yes,False,auto_parsed
01-pH4.5T-亲水凝胶空白制剂-251217-Side-24h-750X-1.mp4,1360,54.4,11.333333333333334,4112453,3.6592250451346655,93.0,,,True,,pH 4.5,pH 4.5,,1,yes,False,auto_parsed
01-pH4.5T-亲水凝胶空白制剂-251217-Side-24h-750X-1.mp4,1380,55.2,11.5,4135574,3.679797910591987,92.0,,,True,,pH 4.5,pH 4.5,,1,yes,False,auto_parsed
01-pH4.5T-亲水凝胶空白制剂-251217-Side-24h-750X-1.mp4,1400,56.0,11.666666666666666,4134401,3.678754185355992,92.0,,,True,,pH 4.5,pH 4.5,,1,yes,False,auto_parsed
01-pH4.5T-亲水凝胶空白制剂-251217-Side-24h-750X-1.mp4,1420,56.8,11.833333333333334,4146088,3.689153176688535,92.0,,,True,,pH 4.5,pH 4.5,,1,yes,False,auto_parsed
01-pH4.5T-亲水凝胶空白制剂-251217-Side-24h-750X-1.mp4,1440,57.6,12.0,4153204,3.695484931828637,92.0,,,True,,pH 4.5,pH 4.5,,1,yes,False,auto_parsed
01-pH4.5T-亲水凝胶空白制剂-251217-Side-24h-750X-1.mp4,1460,58.4,12.166666666666666,4167661,3.708348645159224,92.0,,,True,,pH 4.5,pH 4.5,,1,yes,False,auto_parsed
01-pH4.5T-亲水凝胶空白制剂-251217-Side-24h-750X-1.mp4,1480,59.2,12.333333333333334,4170582,3.710947725648858,92.0,,,True,,pH 4.5,pH 4.5,,1,yes,False,auto_parsed
01-pH4.5T-亲水凝胶空白制剂-251217-Side-24h-750X-1.mp4,1500,60.0,12.5,4184235,3.7230960467460776,92.0,,,True,,pH 4.5,pH 4.5,,1,yes,False,auto_parsed
01-pH4.5T-亲水凝胶空白制剂-251217-Side-24h-750X-1.mp4,1520,60.8,12.666666666666666,4194460,3.7321941631468,92.0,,,True,,pH 4.5,pH 4.5,,1,yes,False,auto_parsed
01-pH4.5T-亲水凝胶空白制剂-251217-Side-24h-750X-1.mp4,1540,61.6,12.833333333333334,4204729,3.7413314303662646,92.0,,,True,,pH 4.5,pH 4.5,,1,yes,False,auto_parsed
01-pH4.5T-亲水凝胶空白制剂-251217-Side-24h-750X-1.mp4,1560,62.4,13.0,4205587,3.742094871331724,92.0,,,True,,pH 4.5,pH 4.5,,1,yes,False,auto_parsed
01-pH4.5T-亲水凝胶空白制剂-251217-Side-24h-750X-1.mp4,1580,63.2,13.166666666666666,4217977,3.7531193859727954,92.0,,,True,,pH 4.5,pH 4.5,,1,yes,False,auto_parsed
01-pH4.5T-亲水凝胶空白制剂-251217-Side-24h-750X-1.mp4,1600,64.0,13.333333333333334,4229672,3.7635254956360185,91.0,,,True,,pH 4.5,pH 4.5,,1,yes,False,auto_parsed
01-pH4.5T-亲水凝胶空白制剂-251217-Side-24h-750X-1.mp4,1620,64.8,13.5,4238124,3.7710460119997258,92.0,,,True,,pH 4.5,pH 4.5,,1,yes,False,auto_parsed
01-pH4.5T-亲水凝胶空白制剂-251217-Side-24h-750X-1.mp4,1640,65.6,13.666666666666664,4257438,3.788231441844573,91.0,,,True,,pH 4.5,pH 4.5,,1,yes,False,auto_parsed
01-pH4.5T-亲水凝胶空白制剂-251217-Side-24h-750X-1.mp4,1660,66.4,13.833333333333336,4267105,3.796833054680347,91.0,,,True,,pH 4.5,pH 4.5,,1,yes,False,auto_parsed
01-pH4.5T-亲水凝胶空白制剂-251217-Side-24h-750X-1.mp4,1680,67.2,14.0,4281754,3.80986760794726,91.0,,,True,,pH 4.5,pH 4.5,,1,yes,False,auto_parsed
01-pH4.5T-亲水凝胶空白制剂-251217-Side-24h-750X-1.mp4,1700,68.0,14.166666666666666,4257122,3.787950267782702,91.0,,,True,,pH 4.5,pH 4.5,,1,yes,False,auto_parsed
01-pH4.5T-亲水凝胶空白制剂-251217-Side-24h-750X-1.mp4,1720,68.8,14.333333333333334,4249977,3.781592708693884,91.0,,,True,,pH 4.5,pH 4.5,,1,yes,False,auto_parsed
01-pH4.5T-亲水凝胶空白制剂-251217-Side-24h-750X-1.mp4,1740,69.6,14.499999999999998,4261405,3.791761244070653,91.0,,,True,,pH 4.5,pH 4.5,,1,yes,False,auto_parsed
01-pH4.5T-亲水凝胶空白制剂-251217-Side-24h-750X-1.mp4,1760,70.4,14.666666666666668,4268723,3.798272737060432,91.0,,,True,,pH 4.5,pH 4.5,,1,yes,False,auto_parsed
01-pH4.5T-亲水凝胶空白制剂-251217-Side-24h-750X-1.mp4,1780,71.2,14.833333333333334,4273548,3.802565980251971,91.0,,,True,,pH 4.5,pH 4.5,,1,yes,False,auto_parsed
01-pH4.5T-亲水凝胶空白制剂-251217-Side-24h-750X-1.mp4,1800,72.0,15.0,4294130,3.820879665509641,90.0,,,True,,pH 4.5,pH 4.5,,1,yes,False,auto_parsed
01-pH4.5T-亲水凝胶空白制剂-251217-Side-24h-750X-1.mp4,1820,72.8,15.166666666666666,4293328,3.820166052858944,90.0,,,True,,pH 4.5,pH 4.5,,1,yes,False,auto_parsed
01-pH4.5T-亲水凝胶空白制剂-251217-Side-24h-750X-1.mp4,1840,73.6,15.333333333333332,4302310,3.82815815863022,90.0,,,True,,pH 4.5,pH 4.5,,1,yes,False,auto_parsed
01-pH4.5T-亲水凝胶空白制剂-251217-Side-24h-750X-1.mp4,1860,74.4,15.500000000000002,4299086,3.82528947136607,90.0,,,True,,pH 4.5,pH 4.5,,1,yes,False,auto_parsed
01-pH4.5T-亲水凝胶空白制剂-251217-Side-24h-750X-1.mp4,1880,75.2,15.666666666666666,4299933,3.826043124626844,90.0,,,True,,pH 4.5,pH 4.5,,1,yes,False,auto_parsed
01-pH4.5T-亲水凝胶空白制剂-251217-Side-24h-750X-1.mp4,1900,76.0,15.833333333333334,4291400,3.8184505351649984,90.0,,,True,,pH 4.5,pH 4.5,,1,yes,False,auto_parsed
01-pH4.5T-亲水凝胶空白制剂-251217-Side-24h-750X-1.mp4,1920,76.8,16.0,4291054,3.8181426673630767,90.0,,,True,,pH 4.5,pH 4.5,,1,yes,False,auto_parsed
01-pH4.5T-亲水凝胶空白制剂-251217-Side-24h-750X-1.mp4,1940,77.6,16.166666666666664,4287731,3.815185890756759,90.0,,,True,,pH 4.5,pH 4.5,,1,yes,False,auto_parsed
01-pH4.5T-亲水凝胶空白制剂-251217-Side-24h-750X-1.mp4,1960,78.4,16.333333333333336,4270287,3.799664370708425,90.0,,,True,,pH 4.5,pH 4.5,,1,yes,False,auto_parsed
01-pH4.5T-亲水凝胶空白制剂-251217-Side-24h-750X-1.mp4,1980,79.2,16.5,4272142,3.8013149336349135,89.0,,,True,,pH 4.5,pH 4.5,,1,yes,False,auto_parsed
01-pH4.5T-亲水凝胶空白制剂-251217-Side-24h-750X-1.mp4,2000,80.0,16.666666666666668,4265363,3.7952830381747176,89.0,,,True,,pH 4.5,pH 4.5,,1,yes,False,auto_parsed
01-pH4.5T-亲水凝胶空白制剂-251217-Side-24h-750X-1.mp4,2020,80.8,16.833333333333332,4262980,3.793162665423332,89.0,,,True,,pH 4.5,pH 4.5,,1,yes,False,auto_parsed
01-pH4.5T-亲水凝胶空白制剂-251217-Side-24h-750X-1.mp4,2040,81.6,16.999999999999996,4259762,3.790299316907192,89.0,,,True,,pH 4.5,pH 4.5,,1,yes,False,auto_parsed
01-pH4.5T-亲水凝胶空白制剂-251217-Side-24h-750X-1.mp4,2060,82.4,17.166666666666668,4254183,3.7853351710490375,89.0,,,True,,pH 4.5,pH 4.5,,1,yes,False,auto_parsed
01-pH4.5T-亲水凝胶空白制剂-251217-Side-24h-750X-1.mp4,2080,83.2,17.333333333333332,4257699,3.788463677383017,88.0,,,True,,pH 4.5,pH 4.5,,1,yes,False,auto_parsed
01-pH4.5T-亲水凝胶空白制剂-251217-Side-24h-750X-1.mp4,2100,84.0,17.5,4243180,3.775544796989658,88.0,,,True,,pH 4.5,pH 4.5,,1,yes,False,auto_parsed
01-pH4.5T-亲水凝胶空白制剂-251217-Side-24h-750X-1.mp4,2120,84.8,17.666666666666668,4235899,3.7690662262792753,88.0,,,True,,pH 4.5,pH 4.5,,1,yes,False,auto_parsed
01-pH4.5T-亲水凝胶空白制剂-251217-Side-24h-750X-1.mp4,2140,85.6,17.833333333333332,4241775,3.774294640163935,88.0,,,True,,pH 4.5,pH 4.5,,1,yes,False,auto_parsed
01-pH4.5T-亲水凝胶空白制剂-251217-Side-24h-750X-1.mp4,2160,86.4,18.000000000000004,4227491,3.761584860734309,88.0,,,True,,pH 4.5,pH 4.5,,1,yes,False,auto_parsed
01-pH4.5T-亲水凝胶空白制剂-251217-Side-24h-750X-1.mp4,2180,87.2,18.166666666666668,4215067,3.750530093187847,88.0,,,True,,pH 4.5,pH 4.5,,1,yes,False,auto_parsed
01-pH4.5T-亲水凝胶空白制剂-251217-Side-24h-750X-1.mp4,2200,88.0,18.33333333333333,4163632,3.704763675870372,87.0,,,True,,pH 4.5,pH 4.5,,1,yes,False,auto_parsed
01-pH4.5T-亲水凝胶空白制剂-251217-Side-24h-750X-1.mp4,2220,88.8,18.5,4154256,3.696420992313093,86.0,,,True,,pH 4.5,pH 4.5,,1,yes,False,auto_parsed
01-pH4.5T-亲水凝胶空白制剂-251217-Side-24h-750X-1.mp4,2240,89.6,18.666666666666668,4129187,3.674114813335125,87.0,,,True,,pH 4.5,pH 4.5,,1,yes,False,auto_parsed
01-pH4.5T-亲水凝胶空白制剂-251217-Side-24h-750X-1.mp4,2260,90.4,18.83333333333333,4143256,3.686633287627719,86.0,,,True,,pH 4.5,pH 4.5,,1,yes,False,auto_parsed
01-pH4.5T-亲水凝胶空白制剂-251217-Side-24h-750X-1.mp4,2280,91.2,19.0,4140798,3.684446180526205,86.0,,,True,,pH 4.5,pH 4.5,,1,yes,False,auto_parsed
01-pH4.5T-亲水凝胶空白制剂-251217-Side-24h-750X-1.mp4,2300,92.0,19.166666666666668,4127619,3.672719620521792,86.0,,,True,,pH 4.5,pH 4.5,,1,yes,False,auto_parsed
01-pH4.5T-亲水凝胶空白制剂-251217-Side-24h-750X-1.mp4,2320,92.8,19.33333333333333,4110368,3.65736983020112,86.0,,,True,,pH 4.5,pH 4.5,,1,yes,False,auto_parsed
01-pH4.5T-亲水凝胶空白制剂-251217-Side-24h-750X-1.mp4,2340,93.6,19.5,4098310,3.64664072628328,86.0,,,True,,pH 4.5,pH 4.5,,1,yes,False,auto_parsed
01-pH4.5T-亲水凝胶空白制剂-251217-Side-24h-750X-1.mp4,2360,94.4,19.666666666666668,4079955,3.6303086063287298,87.0,,,True,,pH 4.5,pH 4.5,,1,yes,False,auto_parsed
01-pH4.5T-亲水凝胶空白制剂-251217-Side-24h-750X-1.mp4,2380,95.2,19.83333333333333,4072559,3.623727709614818,87.0,,,True,,pH 4.5,pH 4.5,,1,yes,False,auto_parsed
01-pH4.5T-亲水凝胶空白制剂-251217-Side-24h-750X-1.mp4,2400,96.0,20.0,4057598,3.610415541451374,87.0,,,True,,pH 4.5,pH 4.5,,1,yes,False,auto_parsed
01-pH4.5T-亲水凝胶空白制剂-251217-Side-24h-750X-1.mp4,2420,96.8,20.166666666666668,4056507,3.609444779104852,87.0,,,True,,pH 4.5,pH 4.5,,1,yes,False,auto_parsed
01-pH4.5T-亲水凝胶空白制剂-251217-Side-24h-750X-1.mp4,2440,97.6,20.33333333333333,4060501,3.612998605696978,87.0,,,True,,pH 4.5,pH 4.5,,1,yes,False,auto_parsed
01-pH4.5T-亲水凝胶空白制剂-251217-Side-24h-750X-1.mp4,2460,98.4,20.5,4041253,3.595871902080243,87.0,,,True,,pH 4.5,pH 4.5,,1,yes,False,auto_parsed
01-pH4.5T-亲水凝胶空白制剂-251217-Side-24h-750X-1.mp4,2480,99.2,20.666666666666668,4017736,3.574946679254248,86.0,,,True,,pH 4.5,pH 4.5,,1,yes,False,auto_parsed
01-pH4.5T-亲水凝胶空白制剂-251217-Side-24h-750X-1.mp4,2500,100.0,20.83333333333333,3997006,3.5565013048789926,86.0,,,True,,pH 4.5,pH 4.5,,1,yes,False,auto_parsed
01-pH4.5T-亲水凝胶空白制剂-251217-Side-24h-750X-1.mp4,2520,100.8,21.0,3990784,3.5509650231924117,86.0,,,True,,pH 4.5,pH 4.5,,1,yes,False,auto_parsed
01-pH4.5T-亲水凝胶空白制剂-251217-Side-24h-750X-1.mp4,2540,101.6,21.166666666666668,3987123,3.5477074971148514,86.0,,,True,,pH 4.5,pH 4.5,,1,yes,False,auto_parsed
01-pH4.5T-亲水凝胶空白制剂-251217-Side-24h-750X-1.mp4,2560,102.4,21.33333333333333,3979040,3.5405153137537715,86.0,,,True,,pH 4.5,pH 4.5,,1,yes,False,auto_parsed
01-pH4.5T-亲水凝胶空白制剂-251217-Side-24h-750X-1.mp4,2580,103.2,21.5,3970577,3.5329850096853788,86.0,,,True,,pH 4.5,pH 4.5,,1,yes,False,auto_parsed
01-pH4.5T-亲水凝胶空白制剂-251217-Side-24h-750X-1.mp4,2600,104.0,21.666666666666668,3941950,3.50751295313736,86.0,,,True,,pH 4.5,pH 4.5,,1,yes,False,auto_parsed
01-pH4.5T-亲水凝胶空白制剂-251217-Side-24h-750X-1.mp4,2620,104.8,21.83333333333333,3934317,3.500721175877045,86.0,,,True,,pH 4.5,pH 4.5,,1,yes,False,auto_parsed
01-pH4.5T-亲水凝胶空白制剂-251217-Side-24h-750X-1.mp4,2640,105.6,22.0,3927240,3.494424122599009,86.0,,,True,,pH 4.5,pH 4.5,,1,yes,False,auto_parsed
01-pH4.5T-亲水凝胶空白制剂-251217-Side-24h-750X-1.mp4,2660,106.4,22.166666666666668,3918106,3.4862967685448085,86.0,,,True,,pH 4.5,pH 4.5,,1,yes,False,auto_parsed
01-pH4.5T-亲水凝胶空白制剂-251217-Side-24h-750X-1.mp4,2680,107.2,22.33333333333333,3915291,3.483792005936688,86.0,,,True,,pH 4.5,pH 4.5,,1,yes,False,auto_parsed
01-pH4.5T-亲水凝胶空白制剂-251217-Side-24h-750X-1.mp4,2700,108.0,22.5,3892318,3.4633508295969517,86.0,,,True,,pH 4.5,pH 4.5,,1,yes,False,auto_parsed
01-pH4.5T-亲水凝胶空白制剂-251217-Side-24h-750X-1.mp4,2720,108.8,22.666666666666668,3885433,3.457224616255242,86.0,,,True,,pH 4.5,pH 4.5,,1,yes,False,auto_parsed
01-pH4.5T-亲水凝胶空白制剂-251217-Side-24h-750X-1.mp4,2740,109.6,22.83333333333333,3884824,3.4566827333322063,86.0,,,True,,pH 4.5,pH 4.5,,1,yes,False,auto_parsed
01-pH4.5T-亲水凝胶空白制剂-251217-Side-24h-750X-1.mp4,2760,110.4,23.0,3876408,3.44919424945656,86.0,,,True,,pH 4.5,pH 4.5,,1,yes,False,auto_parsed
01-pH4.5T-亲水凝胶空白制剂-251217-Side-24h-750X-1.mp4,2780,111.2,23.166666666666668,3868636,3.442278791200676,86.0,,,True,,pH 4.5,pH 4.5,,1,yes,False,auto_parsed
01-pH4.5T-亲水凝胶空白制剂-251217-Side-24h-750X-1.mp4,2800,112.0,23.33333333333333,3854520,3.429718496715336,86.0,,,True,,pH 4.5,pH 4.5,,1,yes,False,auto_parsed
01-pH4.5T-亲水凝胶空白制剂-251217-Side-24h-750X-1.mp4,2820,112.8,23.5,3857380,3.4322632999335325,86.0,,,True,,pH 4.5,pH 4.5,,1,yes,False,auto_parsed
01-pH4.5T-亲水凝胶空白制剂-251217-Side-24h-750X-1.mp4,2840,113.6,23.666666666666668,3825659,3.4040382289949185,86.0,,,True,,pH 4.5,pH 4.5,,1,yes,False,auto_parsed
01-pH4.5T-亲水凝胶空白制剂-251217-Side-24h-750X-1.mp4,2860,114.4,23.83333333333333,3820247,3.399222678289714,86.0,,,True,,pH 4.5,pH 4.5,,1,yes,False,auto_parsed
01-pH4.5T-亲水凝胶空白制剂-251217-Side-24h-750X-1.mp4,2879,115.16,23.991666666666667,3797375,3.378871370874816,86.0,,,True,,pH 4.5,pH 4.5,,1,yes,False,auto_parsed
01-pH6.8T-亲水凝胶空白制剂-251217-Side-24h-750X-1.mp4,0,0.0,0.0,687077,1.0,107.0,,,True,,pH 6.8,pH 6.8,,1,yes,False,auto_parsed
01-pH6.8T-亲水凝胶空白制剂-251217-Side-24h-750X-1.mp4,20,0.8,0.1666666666666666,856107,1.246013183384104,103.0,,,True,,pH 6.8,pH 6.8,,1,yes,False,auto_parsed
01-pH6.8T-亲水凝胶空白制剂-251217-Side-24h-750X-1.mp4,40,1.6,0.3333333333333333,949162,1.3814492407692296,101.0,,,True,,pH 6.8,pH 6.8,,1,yes,False,auto_parsed
01-pH6.8T-亲水凝胶空白制剂-251217-Side-24h-750X-1.mp4,60,2.4,0.5,1041805,1.5162856564839169,100.0,,,True,,pH 6.8,pH 6.8,,1,yes,False,auto_parsed
01-pH6.8T-亲水凝胶空白制剂-251217-Side-24h-750X-1.mp4,80,3.2,0.6666666666666666,1102398,1.6044751898258856,99.0,,,True,,pH 6.8,pH 6.8,,1,yes,False,auto_parsed
01-pH6.8T-亲水凝胶空白制剂-251217-Side-24h-750X-1.mp4,100,4.0,0.8333333333333334,1164445,1.694780934305762,98.0,,,True,,pH 6.8,pH 6.8,,1,yes,False,auto_parsed
01-pH6.8T-亲水凝胶空白制剂-251217-Side-24h-750X-1.mp4,120,4.8,1.0,1227203,1.7861214972994293,97.0,,,True,,pH 6.8,pH 6.8,,1,yes,False,auto_parsed
01-pH6.8T-亲水凝胶空白制剂-251217-Side-24h-750X-1.mp4,140,5.6,1.1666666666666667,1268435,1.8461322384536232,96.0,,,True,,pH 6.8,pH 6.8,,1,yes,False,auto_parsed
01-pH6.8T-亲水凝胶空白制剂-251217-Side-24h-750X-1.mp4,160,6.4,1.3333333333333333,1300763,1.8931837334097923,96.0,,,True,,pH 6.8,pH 6.8,,1,yes,False,auto_parsed
01-pH6.8T-亲水凝胶空白制剂-251217-Side-24h-750X-1.mp4,180,7.2,1.5,1335505,1.9437486628136291,95.0,,,True,,pH 6.8,pH 6.8,,1,yes,False,auto_parsed
01-pH6.8T-亲水凝胶空白制剂-251217-Side-24h-750X-1.mp4,200,8.0,1.6666666666666667,1363817,1.9849551069239693,95.0,,,True,,pH 6.8,pH 6.8,,1,yes,False,auto_parsed
01-pH6.8T-亲水凝胶空白制剂-251217-Side-24h-750X-1.mp4,220,8.8,1.8333333333333333,1391214,2.024829822567194,95.0,,,True,,pH 6.8,pH 6.8,,1,yes,False,auto_parsed
01-pH6.8T-亲水凝胶空白制剂-251217-Side-24h-750X-1.mp4,240,9.6,2.0,1417218,2.0626771089703198,95.0,,,True,,pH 6.8,pH 6.8,,1,yes,False,auto_parsed
01-pH6.8T-亲水凝胶空白制剂-251217-Side-24h-750X-1.mp4,260,10.4,2.1666666666666665,1451071,2.1119481513716805,95.0,,,True,,pH 6.8,pH 6.8,,1,yes,False,auto_parsed
01-pH6.8T-亲水凝胶空白制剂-251217-Side-24h-750X-1.mp4,280,11.2,2.333333333333333,1477417,2.1502931985789075,95.0,,,True,,pH 6.8,pH 6.8,,1,yes,False,auto_parsed
01-pH6.8T-亲水凝胶空白制剂-251217-Side-24h-750X-1.mp4,300,12.0,2.5,1504816,2.1901708251040275,95.0,,,True,,pH 6.8,pH 6.8,,1,yes,False,auto_parsed
01-pH6.8T-亲水凝胶空白制剂-251217-Side-24h-750X-1.mp4,320,12.8,2.6666666666666665,1514464,2.2042129193671163,95.0,,,True,,pH 6.8,pH 6.8,,1,yes,False,auto_parsed
01-pH6.8T-亲水凝胶空白制剂-251217-Side-24h-750X-1.mp4,340,13.6,2.833333333333333,1538724,2.2395219167575102,95.0,,,True,,pH 6.8,pH 6.8,,1,yes,False,auto_parsed
01-pH6.8T-亲水凝胶空白制剂-251217-Side-24h-750X-1.mp4,360,14.4,3.0,1566883,2.280505678402857,94.0,,,True,,pH 6.8,pH 6.8,,1,yes,False,auto_parsed
01-pH6.8T-亲水凝胶空白制剂-251217-Side-24h-750X-1.mp4,380,15.2,3.1666666666666665,1736961,2.528044163900116,94.0,,,True,,pH 6.8,pH 6.8,,1,yes,False,auto_parsed
01-pH6.8T-亲水凝胶空白制剂-251217-Side-24h-750X-1.mp4,400,16.0,3.333333333333333,1617449,2.354101505362572,94.0,,,True,,pH 6.8,pH 6.8,,1,yes,False,auto_parsed
01-pH6.8T-亲水凝胶空白制剂-251217-Side-24h-750X-1.mp4,420,16.8,3.5,1633594,2.377599599462651,92.0,,,True,,pH 6.8,pH 6.8,,1,yes,False,auto_parsed
01-pH6.8T-亲水凝胶空白制剂-251217-Side-24h-750X-1.mp4,440,17.6,3.666666666666667,1649757,2.4011238914997883,92.0,,,True,,pH 6.8,pH 6.8,,1,yes,False,auto_parsed
01-pH6.8T-亲水凝胶空白制剂-251217-Side-24h-750X-1.mp4,460,18.4,3.833333333333333,1676070,2.4394209091557424,91.0,,,True,,pH 6.8,pH 6.8,,1,yes,False,auto_parsed
01-pH6.8T-亲水凝胶空白制剂-251217-Side-24h-750X-1.mp4,480,19.2,4.0,1697280,2.470290811655753,91.0,,,True,,pH 6.8,pH 6.8,,1,yes,False,auto_parsed
01-pH6.8T-亲水凝胶空白制剂-251217-Side-24h-750X-1.mp4,500,20.0,4.166666666666667,1712716,2.492756998123937,91.0,,,True,,pH 6.8,pH 6.8,,1,yes,False,auto_parsed
01-pH6.8T-亲水凝胶空白制剂-251217-Side-24h-750X-1.mp4,520,20.8,4.333333333333333,1732171,2.5210726017607925,91.0,,,True,,pH 6.8,pH 6.8,,1,yes,False,auto_parsed
01-pH6.8T-亲水凝胶空白制剂-251217-Side-24h-750X-1.mp4,540,21.6,4.500000000000001,1894146,2.756817649259108,90.0,,,True,,pH 6.8,pH 6.8,,1,yes,False,auto_parsed
01-pH6.8T-亲水凝胶空白制剂-251217-Side-24h-750X-1.mp4,560,22.4,4.666666666666667,1916890,2.7899201981728394,90.0,,,True,,pH 6.8,pH 6.8,,1,yes,False,auto_parsed
01-pH6.8T-亲水凝胶空白制剂-251217-Side-24h-750X-1.mp4,580,23.2,4.833333333333333,1929212,2.8078541415299885,90.0,,,True,,pH 6.8,pH 6.8,,1,yes,False,auto_parsed
01-pH6.8T-亲水凝胶空白制剂-251217-Side-24h-750X-1.mp4,600,24.0,5.0,1943112,2.828084770702556,90.0,,,True,,pH 6.8,pH 6.8,,1,yes,False,auto_parsed
01-pH6.8T-亲水凝胶空白制剂-251217-Side-24h-750X-1.mp4,620,24.8,5.166666666666667,1962892,2.8568733926474037,89.0,,,True,,pH 6.8,pH 6.8,,1,yes,False,auto_parsed
01-pH6.8T-亲水凝胶空白制剂-251217-Side-24h-750X-1.mp4,640,25.6,5.333333333333333,1975736,2.8755670761792347,89.0,,,True,,pH 6.8,pH 6.8,,1,yes,False,auto_parsed
01-pH6.8T-亲水凝胶空白制剂-251217-Side-24h-750X-1.mp4,660,26.4,5.5,1985677,2.8900356146399893,89.0,,,True,,pH 6.8,pH 6.8,,1,yes,False,auto_parsed
01-pH6.8T-亲水凝胶空白制剂-251217-Side-24h-750X-1.mp4,680,27.2,5.666666666666667,2002164,2.9140314695441702,89.0,,,True,,pH 6.8,pH 6.8,,1,yes,False,auto_parsed
01-pH6.8T-亲水凝胶空白制剂-251217-Side-24h-750X-1.mp4,700,28.0,5.833333333333333,2023227,2.9446874222248742,88.0,,,True,,pH 6.8,pH 6.8,,1,yes,False,auto_parsed
01-pH6.8T-亲水凝胶空白制剂-251217-Side-24h-750X-1.mp4,720,28.8,6.0,2042107,2.972166147316822,88.0,,,True,,pH 6.8,pH 6.8,,1,yes,False,auto_parsed
01-pH6.8T-亲水凝胶空白制剂-251217-Side-24h-750X-1.mp4,740,29.6,6.166666666666667,2063389,3.003140841565065,87.0,,,True,,pH 6.8,pH 6.8,,1,yes,False,auto_parsed
01-pH6.8T-亲水凝胶空白制剂-251217-Side-24h-750X-1.mp4,760,30.4,6.333333333333333,2069761,3.012414911283597,88.0,,,True,,pH 6.8,pH 6.8,,1,yes,False,auto_parsed
01-pH6.8T-亲水凝胶空白制剂-251217-Side-24h-750X-1.mp4,780,31.2,6.5,2095498,3.049873594953695,87.0,,,True,,pH 6.8,pH 6.8,,1,yes,False,auto_parsed
01-pH6.8T-亲水凝胶空白制剂-251217-Side-24h-750X-1.mp4,800,32.0,6.666666666666667,2105486,3.0644105391389904,87.0,,,True,,pH 6.8,pH 6.8,,1,yes,False,auto_parsed
01-pH6.8T-亲水凝胶空白制剂-251217-Side-24h-750X-1.mp4,820,32.8,6.833333333333332,2121427,3.0876117232857454,87.0,,,True,,pH 6.8,pH 6.8,,1,yes,False,auto_parsed
01-pH6.8T-亲水凝胶空白制剂-251217-Side-24h-750X-1.mp4,840,33.6,7.0,2134333,3.106395644156332,87.0,,,True,,pH 6.8,pH 6.8,,1,yes,False,auto_parsed
01-pH6.8T-亲水凝胶空白制剂-251217-Side-24h-750X-1.mp4,860,34.4,7.166666666666667,2153726,3.1346210104544325,87.0,,,True,,pH 6.8,pH 6.8,,1,yes,False,auto_parsed
01-pH6.8T-亲水凝胶空白制剂-251217-Side-24h-750X-1.mp4,880,35.2,7.333333333333334,2181833,3.1755290891705004,86.0,,,True,,pH 6.8,pH 6.8,,1,yes,False,auto_parsed
01-pH6.8T-亲水凝胶空白制剂-251217-Side-24h-750X-1.mp4,900,36.0,7.5,2196060,3.196235647532955,86.0,,,True,,pH 6.8,pH 6.8,,1,yes,False,auto_parsed
01-pH6.8T-亲水凝胶空白制剂-251217-Side-24h-750X-1.mp4,920,36.8,7.666666666666666,2210775,3.2176524610778703,86.0,,,True,,pH 6.8,pH 6.8,,1,yes,False,auto_parsed
01-pH6.8T-亲水凝胶空白制剂-251217-Side-24h-750X-1.mp4,940,37.6,7.833333333333333,2220263,3.2314616847893323,86.0,,,True,,pH 6.8,pH 6.8,,1,yes,False,auto_parsed
01-pH6.8T-亲水凝胶空白制剂-251217-Side-24h-750X-1.mp4,960,38.4,8.0,2232973,3.249960339234176,86.0,,,True,,pH 6.8,pH 6.8,,1,yes,False,auto_parsed
01-pH6.8T-亲水凝胶空白制剂-251217-Side-24h-750X-1.mp4,980,39.2,8.166666666666668,2250009,3.2747552312186263,86.0,,,True,,pH 6.8,pH 6.8,,1,yes,False,auto_parsed
01-pH6.8T-亲水凝胶空白制剂-251217-Side-24h-750X-1.mp4,1000,40.0,8.333333333333334,2271328,3.305783776781933,85.0,,,True,,pH 6.8,pH 6.8,,1,yes,False,auto_parsed
01-pH6.8T-亲水凝胶空白制剂-251217-Side-24h-750X-1.mp4,1020,40.8,8.499999999999998,2287393,3.3291654356061984,85.0,,,True,,pH 6.8,pH 6.8,,1,yes,False,auto_parsed
01-pH6.8T-亲水凝胶空白制剂-251217-Side-24h-750X-1.mp4,1040,41.6,8.666666666666666,2296634,3.3426151654035867,85.0,,,True,,pH 6.8,pH 6.8,,1,yes,False,auto_parsed
01-pH6.8T-亲水凝胶空白制剂-251217-Side-24h-750X-1.mp4,1060,42.4,8.833333333333334,2308469,3.359840309019222,85.0,,,True,,pH 6.8,pH 6.8,,1,yes,False,auto_parsed
01-pH6.8T-亲水凝胶空白制剂-251217-Side-24h-750X-1.mp4,1080,43.2,9.000000000000002,2326708,3.386386096463715,84.0,,,True,,pH 6.8,pH 6.8,,1,yes,False,auto_parsed
01-pH6.8T-亲水凝胶空白制剂-251217-Side-24h-750X-1.mp4,1100,44.0,9.166666666666666,2339874,3.4055484319806952,84.0,,,True,,pH 6.8,pH 6.8,,1,yes,False,auto_parsed
01-pH6.8T-亲水凝胶空白制剂-251217-Side-24h-750X-1.mp4,1120,44.8,9.333333333333334,2345430,3.413634861885931,84.0,,,True,,pH 6.8,pH 6.8,,1,yes,False,auto_parsed
01-pH6.8T-亲水凝胶空白制剂-251217-Side-24h-750X-1.mp4,1140,45.6,9.5,2354020,3.426137099626388,84.0,,,True,,pH 6.8,pH 6.8,,1,yes,False,auto_parsed
01-pH6.8T-亲水凝胶空白制剂-251217-Side-24h-750X-1.mp4,1160,46.4,9.666666666666666,2364446,3.4413115269467616,84.0,,,True,,pH 6.8,pH 6.8,,1,yes,False,auto_parsed
01-pH6.8T-亲水凝胶空白制剂-251217-Side-24h-750X-1.mp4,1180,47.2,9.833333333333334,2386899,3.473990542544722,83.0,,,True,,pH 6.8,pH 6.8,,1,yes,False,auto_parsed
01-pH6.8T-亲水凝胶空白制剂-251217-Side-24h-750X-1.mp4,1200,48.0,10.0,2391021,3.4799898701310044,83.0,,,True,,pH 6.8,pH 6.8,,1,yes,False,auto_parsed
01-pH6.8T-亲水凝胶空白制剂-251217-Side-24h-750X-1.mp4,1220,48.8,10.166666666666666,2406389,3.5023570866147464,83.0,,,True,,pH 6.8,pH 6.8,,1,yes,False,auto_parsed
01-pH6.8T-亲水凝胶空白制剂-251217-Side-24h-750X-1.mp4,1240,49.6,10.333333333333334,2413958,3.5133733191476355,83.0,,,True,,pH 6.8,pH 6.8,,1,yes,False,auto_parsed
01-pH6.8T-亲水凝胶空白制剂-251217-Side-24h-750X-1.mp4,1260,50.4,10.5,2447284,3.5618773441695764,82.0,,,True,,pH 6.8,pH 6.8,,1,yes,False,auto_parsed
01-pH6.8T-亲水凝胶空白制剂-251217-Side-24h-750X-1.mp4,1280,51.2,10.666666666666666,2462749,3.584385738425242,82.0,,,True,,pH 6.8,pH 6.8,,1,yes,False,auto_parsed
01-pH6.8T-亲水凝胶空白制剂-251217-Side-24h-750X-1.mp4,1300,52.0,10.833333333333334,2472646,3.5987902374842995,82.0,,,True,,pH 6.8,pH 6.8,,1,yes,False,auto_parsed
01-pH6.8T-亲水凝胶空白制剂-251217-Side-24h-750X-1.mp4,1320,52.8,11.0,2509672,3.652679394012607,81.0,,,True,,pH 6.8,pH 6.8,,1,yes,False,auto_parsed
01-pH6.8T-亲水凝胶空白制剂-251217-Side-24h-750X-1.mp4,1340,53.6,11.166666666666666,2523756,3.673177824319545,81.0,,,True,,pH 6.8,pH 6.8,,1,yes,False,auto_parsed
01-pH6.8T-亲水凝胶空白制剂-251217-Side-24h-750X-1.mp4,1360,54.4,11.333333333333334,2535146,3.689755296713469,81.0,,,True,,pH 6.8,pH 6.8,,1,yes,False,auto_parsed
01-pH6.8T-亲水凝胶空白制剂-251217-Side-24h-750X-1.mp4,1380,55.2,11.5,2556681,3.721098217521472,81.0,,,True,,pH 6.8,pH 6.8,,1,yes,False,auto_parsed
01-pH6.8T-亲水凝胶空白制剂-251217-Side-24h-750X-1.mp4,1400,56.0,11.666666666666666,2601487,3.786310704622626,81.0,,,True,,pH 6.8,pH 6.8,,1,yes,False,auto_parsed
01-pH6.8T-亲水凝胶空白制剂-251217-Side-24h-750X-1.mp4,1420,56.8,11.833333333333334,2624166,3.8193186498747593,81.0,,,True,,pH 6.8,pH 6.8,,1,yes,False,auto_parsed
01-pH6.8T-亲水凝胶空白制剂-251217-Side-24h-750X-1.mp4,1440,57.6,12.0,2632432,3.831349324748172,80.0,,,True,,pH 6.8,pH 6.8,,1,yes,False,auto_parsed
01-pH6.8T-亲水凝胶空白制剂-251217-Side-24h-750X-1.mp4,1460,58.4,12.166666666666666,2642726,3.846331633863453,80.0,,,True,,pH 6.8,pH 6.8,,1,yes,False,auto_parsed
01-pH6.8T-亲水凝胶空白制剂-251217-Side-24h-750X-1.mp4,1480,59.2,12.333333333333334,2650021,3.856949075576682,80.0,,,True,,pH 6.8,pH 6.8,,1,yes,False,auto_parsed
01-pH6.8T-亲水凝胶空白制剂-251217-Side-24h-750X-1.mp4,1500,60.0,12.5,2663871,3.877106932701866,80.0,,,True,,pH 6.8,pH 6.8,,1,yes,False,auto_parsed
01-pH6.8T-亲水凝胶空白制剂-251217-Side-24h-750X-1.mp4,1520,60.8,12.666666666666666,2676871,3.896027665021533,80.0,,,True,,pH 6.8,pH 6.8,,1,yes,False,auto_parsed
01-pH6.8T-亲水凝胶空白制剂-251217-Side-24h-750X-1.mp4,1540,61.6,12.833333333333334,2696419,3.924478624666522,80.0,,,True,,pH 6.8,pH 6.8,,1,yes,False,auto_parsed
01-pH6.8T-亲水凝胶空白制剂-251217-Side-24h-750X-1.mp4,1560,62.4,13.0,2704063,3.9356040152704863,80.0,,,True,,pH 6.8,pH 6.8,,1,yes,False,auto_parsed
01-pH6.8T-亲水凝胶空白制剂-251217-Side-24h-750X-1.mp4,1580,63.2,13.166666666666666,2716983,3.954408312314341,80.0,,,True,,pH 6.8,pH 6.8,,1,yes,False,auto_parsed
01-pH6.8T-亲水凝胶空白制剂-251217-Side-24h-750X-1.mp4,1600,64.0,13.333333333333334,2723736,3.9642369050339337,80.0,,,True,,pH 6.8,pH 6.8,,1,yes,False,auto_parsed
01-pH6.8T-亲水凝胶空白制剂-251217-Side-24h-750X-1.mp4,1620,64.8,13.5,2731781,3.975945927457912,80.0,,,True,,pH 6.8,pH 6.8,,1,yes,False,auto_parsed
01-pH6.8T-亲水凝胶空白制剂-251217-Side-24h-750X-1.mp4,1640,65.6,13.666666666666664,2752236,4.005716972042435,80.0,,,True,,pH 6.8,pH 6.8,,1,yes,False,auto_parsed
01-pH6.8T-亲水凝胶空白制剂-251217-Side-24h-750X-1.mp4,1660,66.4,13.833333333333336,2779709,4.045702301197682,79.0,,,True,,pH 6.8,pH 6.8,,1,yes,False,auto_parsed
01-pH6.8T-亲水凝胶空白制剂-251217-Side-24h-750X-1.mp4,1680,67.2,14.0,2795461,4.0686284070053285,79.0,,,True,,pH 6.8,pH 6.8,,1,yes,False,auto_parsed
01-pH6.8T-亲水凝胶空白制剂-251217-Side-24h-750X-1.mp4,1700,68.0,14.166666666666666,2798313,4.0727793245880735,79.0,,,True,,pH 6.8,pH 6.8,,1,yes,False,auto_parsed
01-pH6.8T-亲水凝胶空白制剂-251217-Side-24h-750X-1.mp4,1720,68.8,14.333333333333334,2811785,4.092387025035039,79.0,,,True,,pH 6.8,pH 6.8,,1,yes,False,auto_parsed
01-pH6.8T-亲水凝胶空白制剂-251217-Side-24h-750X-1.mp4,1740,69.6,14.499999999999998,2821229,4.106132209344804,79.0,,,True,,pH 6.8,pH 6.8,,1,yes,False,auto_parsed
01-pH6.8T-亲水凝胶空白制剂-251217-Side-24h-750X-1.mp4,1760,70.4,14.666666666666668,2832016,4.121832050847285,79.0,,,True,,pH 6.8,pH 6.8,,1,yes,False,auto_parsed
01-pH6.8T-亲水凝胶空白制剂-251217-Side-24h-750X-1.mp4,1780,71.2,14.833333333333334,2871651,4.179518452808055,78.0,,,True,,pH 6.8,pH 6.8,,1,yes,False,auto_parsed
01-pH6.8T-亲水凝胶空白制剂-251217-Side-24h-750X-1.mp4,1800,72.0,15.0,2861654,4.164968409654231,78.0,,,True,,pH 6.8,pH 6.8,,1,yes,False,auto_parsed
01-pH6.8T-亲水凝胶空白制剂-251217-Side-24h-750X-1.mp4,1820,72.8,15.166666666666666,2870625,4.178025170395749,78.0,,,True,,pH 6.8,pH 6.8,,1,yes,False,auto_parsed
01-pH6.8T-亲水凝胶空白制剂-251217-Side-24h-750X-1.mp4,1840,73.6,15.333333333333332,2883838,4.197255911637269,78.0,,,True,,pH 6.8,pH 6.8,,1,yes,False,auto_parsed
01-pH6.8T-亲水凝胶空白制剂-251217-Side-24h-750X-1.mp4,1860,74.4,15.500000000000002,2918067,4.247074199834953,77.0,,,True,,pH 6.8,pH 6.8,,1,yes,False,auto_parsed
01-pH6.8T-亲水凝胶空白制剂-251217-Side-24h-750X-1.mp4,1880,75.2,15.666666666666666,2925631,4.258083155163104,77.0,,,True,,pH 6.8,pH 6.8,,1,yes,False,auto_parsed
01-pH6.8T-亲水凝胶空白制剂-251217-Side-24h-750X-1.mp4,1900,76.0,15.833333333333334,2933964,4.2702113445800105,77.0,,,True,,pH 6.8,pH 6.8,,1,yes,False,auto_parsed
01-pH6.8T-亲水凝胶空白制剂-251217-Side-24h-750X-1.mp4,1920,76.8,16.0,2941864,4.281709328066578,77.0,,,True,,pH 6.8,pH 6.8,,1,yes,False,auto_parsed
01-pH6.8T-亲水凝胶空白制剂-251217-Side-24h-750X-1.mp4,1940,77.6,16.166666666666664,2956901,4.303594793596642,77.0,,,True,,pH 6.8,pH 6.8,,1,yes,False,auto_parsed
01-pH6.8T-亲水凝胶空白制剂-251217-Side-24h-750X-1.mp4,1960,78.4,16.333333333333336,2961414,4.310163198593462,77.0,,,True,,pH 6.8,pH 6.8,,1,yes,False,auto_parsed
01-pH6.8T-亲水凝胶空白制剂-251217-Side-24h-750X-1.mp4,1980,79.2,16.5,2969526,4.321969735560934,77.0,,,True,,pH 6.8,pH 6.8,,1,yes,False,auto_parsed
01-pH6.8T-亲水凝胶空白制剂-251217-Side-24h-750X-1.mp4,2000,80.0,16.666666666666668,2935111,4.2718807353469845,75.0,,,True,,pH 6.8,pH 6.8,,1,yes,False,auto_parsed
01-pH6.8T-亲水凝胶空白制剂-251217-Side-24h-750X-1.mp4,2020,80.8,16.833333333333332,2942410,4.282503998824004,75.0,,,True,,pH 6.8,pH 6.8,,1,yes,False,auto_parsed
01-pH6.8T-亲水凝胶空白制剂-251217-Side-24h-750X-1.mp4,2040,81.6,16.999999999999996,2950659,4.294509931201306,75.0,,,True,,pH 6.8,pH 6.8,,1,yes,False,auto_parsed
01-pH6.8T-亲水凝胶空白制剂-251217-Side-24h-750X-1.mp4,2060,82.4,17.166666666666668,2958709,4.306226230830023,75.0,,,True,,pH 6.8,pH 6.8,,1,yes,False,auto_parsed
01-pH6.8T-亲水凝胶空白制剂-251217-Side-24h-750X-1.mp4,2080,83.2,17.333333333333332,2969019,4.321231827000467,75.0,,,True,,pH 6.8,pH 6.8,,1,yes,False,auto_parsed
01-pH6.8T-亲水凝胶空白制剂-251217-Side-24h-750X-1.mp4,2100,84.0,17.5,2969850,4.322441298427978,75.0,,,True,,pH 6.8,pH 6.8,,1,yes,False,auto_parsed
01-pH6.8T-亲水凝胶空白制剂-251217-Side-24h-750X-1.mp4,2120,84.8,17.666666666666668,2980771,4.338336169017446,75.0,,,True,,pH 6.8,pH 6.8,,1,yes,False,auto_parsed
01-pH6.8T-亲水凝胶空白制剂-251217-Side-24h-750X-1.mp4,2140,85.6,17.833333333333332,2982948,4.341504663960516,75.0,,,True,,pH 6.8,pH 6.8,,1,yes,False,auto_parsed
01-pH6.8T-亲水凝胶空白制剂-251217-Side-24h-750X-1.mp4,2160,86.4,18.000000000000004,3000441,4.36696469245805,75.0,,,True,,pH 6.8,pH 6.8,,1,yes,False,auto_parsed
01-pH6.8T-亲水凝胶空白制剂-251217-Side-24h-750X-1.mp4,2180,87.2,18.166666666666668,3009125,4.379603741647588,75.0,,,True,,pH 6.8,pH 6.8,,1,yes,False,auto_parsed
01-pH6.8T-亲水凝胶空白制剂-251217-Side-24h-750X-1.mp4,2200,88.0,18.33333333333333,3002496,4.369955623605506,75.0,,,True,,pH 6.8,pH 6.8,,1,yes,False,auto_parsed
01-pH6.8T-亲水凝胶空白制剂-251217-Side-24h-750X-1.mp4,2220,88.8,18.5,3008010,4.37798092499094,75.0,,,True,,pH 6.8,pH 6.8,,1,yes,False,auto_parsed
01-pH6.8T-亲水凝胶空白制剂-251217-Side-24h-750X-1.mp4,2240,89.6,18.666666666666668,3005978,4.375023468985281,75.0,,,True,,pH 6.8,pH 6.8,,1,yes,False,auto_parsed
01-pH6.8T-亲水凝胶空白制剂-251217-Side-24h-750X-1.mp4,2260,90.4,18.83333333333333,3006809,4.376232940412792,75.0,,,True,,pH 6.8,pH 6.8,,1,yes,False,auto_parsed
01-pH6.8T-亲水凝胶空白制剂-251217-Side-24h-750X-1.mp4,2280,91.2,19.0,3011081,4.382450584141225,75.0,,,True,,pH 6.8,pH 6.8,,1,yes,False,auto_parsed
01-pH6.8T-亲水凝胶空白制剂-251217-Side-24h-750X-1.mp4,2300,92.0,19.166666666666668,3016368,4.390145500431538,75.0,,,True,,pH 6.8,pH 6.8,,1,yes,False,auto_parsed
01-pH6.8T-亲水凝胶空白制剂-251217-Side-24h-750X-1.mp4,2320,92.8,19.33333333333333,3021022,4.396919122601979,75.0,,,True,,pH 6.8,pH 6.8,,1,yes,False,auto_parsed
01-pH6.8T-亲水凝胶空白制剂-251217-Side-24h-750X-1.mp4,2340,93.6,19.5,3023558,4.400610120845262,75.0,,,True,,pH 6.8,pH 6.8,,1,yes,False,auto_parsed
01-pH6.8T-亲水凝胶空白制剂-251217-Side-24h-750X-1.mp4,2360,94.4,19.666666666666668,3020922,4.396773578507212,75.0,,,True,,pH 6.8,pH 6.8,,1,yes,False,auto_parsed
01-pH6.8T-亲水凝胶空白制剂-251217-Side-24h-750X-1.mp4,2380,95.2,19.83333333333333,3022080,4.3984589791246105,75.0,,,True,,pH 6.8,pH 6.8,,1,yes,False,auto_parsed
01-pH6.8T-亲水凝胶空白制剂-251217-Side-24h-750X-1.mp4,2400,96.0,20.0,3029448,4.409182668027019,75.0,,,True,,pH 6.8,pH 6.8,,1,yes,False,auto_parsed
01-pH6.8T-亲水凝胶空白制剂-251217-Side-24h-750X-1.mp4,2420,96.8,20.166666666666668,3059728,4.453253419922366,74.0,,,True,,pH 6.8,pH 6.8,,1,yes,False,auto_parsed
01-pH6.8T-亲水凝胶空白制剂-251217-Side-24h-750X-1.mp4,2440,97.6,20.33333333333333,3037777,4.421305035680135,75.0,,,True,,pH 6.8,pH 6.8,,1,yes,False,auto_parsed
01-pH6.8T-亲水凝胶空白制剂-251217-Side-24h-750X-1.mp4,2460,98.4,20.5,3071677,4.470644483806036,74.0,,,True,,pH 6.8,pH 6.8,,1,yes,False,auto_parsed
01-pH6.8T-亲水凝胶空白制剂-251217-Side-24h-750X-1.mp4,2480,99.2,20.666666666666668,3049982,4.439068692446407,75.0,,,True,,pH 6.8,pH 6.8,,1,yes,False,auto_parsed
01-pH6.8T-亲水凝胶空白制剂-251217-Side-24h-750X-1.mp4,2500,100.0,20.83333333333333,3081100,4.484359103855899,74.0,,,True,,pH 6.8,pH 6.8,,1,yes,False,auto_parsed
01-pH6.8T-亲水凝胶空白制剂-251217-Side-24h-750X-1.mp4,2520,100.8,21.0,3066955,4.463771891651154,75.0,,,True,,pH 6.8,pH 6.8,,1,yes,False,auto_parsed
01-pH6.8T-亲水凝胶空白制剂-251217-Side-24h-750X-1.mp4,2540,101.6,21.166666666666668,3071070,4.469761031150803,75.0,,,True,,pH 6.8,pH 6.8,,1,yes,False,auto_parsed
01-pH6.8T-亲水凝胶空白制剂-251217-Side-24h-750X-1.mp4,2560,102.4,21.33333333333333,3075927,4.47683010783362,75.0,,,True,,pH 6.8,pH 6.8,,1,yes,False,auto_parsed
01-pH6.8T-亲水凝胶空白制剂-251217-Side-24h-750X-1.mp4,2580,103.2,21.5,3082300,4.4861056329931,75.0,,,True,,pH 6.8,pH 6.8,,1,yes,False,auto_parsed
01-pH6.8T-亲水凝胶空白制剂-251217-Side-24h-750X-1.mp4,2600,104.0,21.666666666666668,3079846,4.482533980907526,75.0,,,True,,pH 6.8,pH 6.8,,1,yes,False,auto_parsed
01-pH6.8T-亲水凝胶空白制剂-251217-Side-24h-750X-1.mp4,2620,104.8,21.83333333333333,3092056,4.500304914878536,75.0,,,True,,pH 6.8,pH 6.8,,1,yes,False,auto_parsed
01-pH6.8T-亲水凝胶空白制剂-251217-Side-24h-750X-1.mp4,2640,105.6,22.0,3093932,4.503035322096359,75.0,,,True,,pH 6.8,pH 6.8,,1,yes,False,auto_parsed
01-pH6.8T-亲水凝胶空白制剂-251217-Side-24h-750X-1.mp4,2660,106.4,22.166666666666668,3099791,4.511562750608738,75.0,,,True,,pH 6.8,pH 6.8,,1,yes,False,auto_parsed
01-pH6.8T-亲水凝胶空白制剂-251217-Side-24h-750X-1.mp4,2680,107.2,22.33333333333333,3106872,4.521868727959166,75.0,,,True,,pH 6.8,pH 6.8,,1,yes,False,auto_parsed
01-pH6.8T-亲水凝胶空白制剂-251217-Side-24h-750X-1.mp4,2700,108.0,22.5,3109768,4.526083684943609,75.0,,,True,,pH 6.8,pH 6.8,,1,yes,False,auto_parsed
01-pH6.8T-亲水凝胶空白制剂-251217-Side-24h-750X-1.mp4,2720,108.8,22.666666666666668,3124582,4.547644587142344,75.0,,,True,,pH 6.8,pH 6.8,,1,yes,False,auto_parsed
01-pH6.8T-亲水凝胶空白制剂-251217-Side-24h-750X-1.mp4,2740,109.6,22.83333333333333,3098549,4.509755092951736,71.0,,,True,,pH 6.8,pH 6.8,,1,yes,False,auto_parsed
01-pH6.8T-亲水凝胶空白制剂-251217-Side-24h-750X-1.mp4,2760,110.4,23.0,3072641,4.472047528879587,72.0,,,True,,pH 6.8,pH 6.8,,1,yes,False,auto_parsed
01-pH6.8T-亲水凝胶空白制剂-251217-Side-24h-750X-1.mp4,2780,111.2,23.166666666666668,3077109,4.478550439033762,72.0,,,True,,pH 6.8,pH 6.8,,1,yes,False,auto_parsed
01-pH6.8T-亲水凝胶空白制剂-251217-Side-24h-750X-1.mp4,2800,112.0,23.33333333333333,3082722,4.486719829073016,72.0,,,True,,pH 6.8,pH 6.8,,1,yes,False,auto_parsed
01-pH6.8T-亲水凝胶空白制剂-251217-Side-24h-750X-1.mp4,2820,112.8,23.5,3083535,4.487903102563468,72.0,,,True,,pH 6.8,pH 6.8,,1,yes,False,auto_parsed
01-pH6.8T-亲水凝胶空白制剂-251217-Side-24h-750X-1.mp4,2840,113.6,23.666666666666668,3098518,4.509709974282359,72.0,,,True,,pH 6.8,pH 6.8,,1,yes,False,auto_parsed
01-pH6.8T-亲水凝胶空白制剂-251217-Side-24h-750X-1.mp4,2860,114.4,23.83333333333333,3104218,4.518005987684059,72.0,,,True,,pH 6.8,pH 6.8,,1,yes,False,auto_parsed
01-pH6.8T-亲水凝胶空白制剂-251217-Side-24h-750X-1.mp4,2879,115.16,23.991666666666667,3103438,4.516870743744879,72.0,,,True,,pH 6.8,pH 6.8,,1,yes,False,auto_parsed
02-pH1.2T-亲水凝胶空白制剂-251217-Side-24h-750X-1.mp4,0,0.0,0.0,1126180,1.0,116.0,,,True,,pH 1.2,pH 1.2,,2,yes,False,auto_parsed
02-pH1.2T-亲水凝胶空白制剂-251217-Side-24h-750X-1.mp4,20,0.8,0.1666666666666666,1339472,1.1893942353797795,112.0,,,True,,pH 1.2,pH 1.2,,2,yes,False,auto_parsed
02-pH1.2T-亲水凝胶空白制剂-251217-Side-24h-750X-1.mp4,40,1.6,0.3333333333333333,1437974,1.276859827025875,110.0,,,True,,pH 1.2,pH 1.2,,2,yes,False,auto_parsed
02-pH1.2T-亲水凝胶空白制剂-251217-Side-24h-750X-1.mp4,60,2.4,0.5,1559182,1.3844873821236392,108.0,,,True,,pH 1.2,pH 1.2,,2,yes,False,auto_parsed
02-pH1.2T-亲水凝胶空白制剂-251217-Side-24h-750X-1.mp4,80,3.2,0.6666666666666666,1641455,1.4575423111758334,106.0,,,True,,pH 1.2,pH 1.2,,2,yes,False,auto_parsed
02-pH1.2T-亲水凝胶空白制剂-251217-Side-24h-750X-1.mp4,100,4.0,0.8333333333333334,1719936,1.5272301053117618,105.0,,,True,,pH 1.2,pH 1.2,,2,yes,False,auto_parsed
02-pH1.2T-亲水凝胶空白制剂-251217-Side-24h-750X-1.mp4,120,4.8,1.0,1788831,1.5884059386598943,104.0,,,True,,pH 1.2,pH 1.2,,2,yes,False,auto_parsed
02-pH1.2T-亲水凝胶空白制剂-251217-Side-24h-750X-1.mp4,140,5.6,1.1666666666666667,1854530,1.6467438597737485,104.0,,,True,,pH 1.2,pH 1.2,,2,yes,False,auto_parsed
02-pH1.2T-亲水凝胶空白制剂-251217-Side-24h-750X-1.mp4,160,6.4,1.3333333333333333,1913761,1.6993384716475164,104.0,,,True,,pH 1.2,pH 1.2,,2,yes,False,auto_parsed
02-pH1.2T-亲水凝胶空白制剂-251217-Side-24h-750X-1.mp4,180,7.2,1.5,1959332,1.739803583796551,104.0,,,True,,pH 1.2,pH 1.2,,2,yes,False,auto_parsed
02-pH1.2T-亲水凝胶空白制剂-251217-Side-24h-750X-1.mp4,200,8.0,1.6666666666666667,2009226,1.7841073363050313,104.0,,,True,,pH 1.2,pH 1.2,,2,yes,False,auto_parsed
02-pH1.2T-亲水凝胶空白制剂-251217-Side-24h-750X-1.mp4,220,8.8,1.8333333333333333,2001427,1.7771821556056755,99.0,,,True,,pH 1.2,pH 1.2,,2,yes,False,auto_parsed
02-pH1.2T-亲水凝胶空白制剂-251217-Side-24h-750X-1.mp4,240,9.6,2.0,2051723,1.8218428670372409,99.0,,,True,,pH 1.2,pH 1.2,,2,yes,False,auto_parsed
02-pH1.2T-亲水凝胶空白制剂-251217-Side-24h-750X-1.mp4,260,10.4,2.1666666666666665,2096882,1.8619421406879892,99.0,,,True,,pH 1.2,pH 1.2,,2,yes,False,auto_parsed
02-pH1.2T-亲水凝胶空白制剂-251217-Side-24h-750X-1.mp4,280,11.2,2.333333333333333,2171836,1.9284981086504824,98.0,,,True,,pH 1.2,pH 1.2,,2,yes,False,auto_parsed
02-pH1.2T-亲水凝胶空白制剂-251217-Side-24h-750X-1.mp4,300,12.0,2.5,2200362,1.953827984869204,98.0,,,True,,pH 1.2,pH 1.2,,2,yes,False,auto_parsed
02-pH1.2T-亲水凝胶空白制剂-251217-Side-24h-750X-1.mp4,320,12.8,2.6666666666666665,2235070,1.9846472144772596,98.0,,,True,,pH 1.2,pH 1.2,,2,yes,False,auto_parsed
02-pH1.2T-亲水凝胶空白制剂-251217-Side-24h-750X-1.mp4,340,13.6,2.833333333333333,2271197,2.0167264558063542,97.0,,,True,,pH 1.2,pH 1.2,,2,yes,False,auto_parsed
02-pH1.2T-亲水凝胶空白制剂-251217-Side-24h-750X-1.mp4,360,14.4,3.0,2296419,2.039122520378625,97.0,,,True,,pH 1.2,pH 1.2,,2,yes,False,auto_parsed
02-pH1.2T-亲水凝胶空白制剂-251217-Side-24h-750X-1.mp4,380,15.2,3.1666666666666665,2318062,2.0583405849864143,97.0,,,True,,pH 1.2,pH 1.2,,2,yes,False,auto_parsed
02-pH1.2T-亲水凝胶空白制剂-251217-Side-24h-750X-1.mp4,400,16.0,3.333333333333333,2354589,2.0907750093235538,97.0,,,True,,pH 1.2,pH 1.2,,2,yes,False,auto_parsed
02-pH1.2T-亲水凝胶空白制剂-251217-Side-24h-750X-1.mp4,420,16.8,3.5,2384344,2.1171961853344934,97.0,,,True,,pH 1.2,pH 1.2,,2,yes,False,auto_parsed
02-pH1.2T-亲水凝胶空白制剂-251217-Side-24h-750X-1.mp4,440,17.6,3.666666666666667,2408096,2.1382869523522,97.0,,,True,,pH 1.2,pH 1.2,,2,yes,False,auto_parsed
02-pH1.2T-亲水凝胶空白制剂-251217-Side-24h-750X-1.mp4,460,18.4,3.833333333333333,2439678,2.166330426752384,97.0,,,True,,pH 1.2,pH 1.2,,2,yes,False,auto_parsed
02-pH1.2T-亲水凝胶空白制剂-251217-Side-24h-750X-1.mp4,480,19.2,4.0,2482386,2.2042533165213376,96.0,,,True,,pH 1.2,pH 1.2,,2,yes,False,auto_parsed
02-pH1.2T-亲水凝胶空白制剂-251217-Side-24h-750X-1.mp4,500,20.0,4.166666666666667,2485158,2.206714734767089,96.0,,,True,,pH 1.2,pH 1.2,,2,yes,False,auto_parsed
02-pH1.2T-亲水凝胶空白制剂-251217-Side-24h-750X-1.mp4,520,20.8,4.333333333333333,2509459,2.2282929904633364,96.0,,,True,,pH 1.2,pH 1.2,,2,yes,False,auto_parsed
02-pH1.2T-亲水凝胶空白制剂-251217-Side-24h-750X-1.mp4,540,21.6,4.500000000000001,2538508,2.254087268465077,95.0,,,True,,pH 1.2,pH 1.2,,2,yes,False,auto_parsed
02-pH1.2T-亲水凝胶空白制剂-251217-Side-24h-750X-1.mp4,560,22.4,4.666666666666667,2560336,2.2734696052140864,95.0,,,True,,pH 1.2,pH 1.2,,2,yes,False,auto_parsed
02-pH1.2T-亲水凝胶空白制剂-251217-Side-24h-750X-1.mp4,580,23.2,4.833333333333333,2574784,2.286298815464668,95.0,,,True,,pH 1.2,pH 1.2,,2,yes,False,auto_parsed
02-pH1.2T-亲水凝胶空白制剂-251217-Side-24h-750X-1.mp4,600,24.0,5.0,2570494,2.2824894777033866,95.0,,,True,,pH 1.2,pH 1.2,,2,yes,False,auto_parsed
02-pH1.2T-亲水凝胶空白制剂-251217-Side-24h-750X-1.mp4,620,24.8,5.166666666666667,2583373,2.293925482604912,95.0,,,True,,pH 1.2,pH 1.2,,2,yes,False,auto_parsed
02-pH1.2T-亲水凝胶空白制剂-251217-Side-24h-750X-1.mp4,640,25.6,5.333333333333333,2594457,2.3037676037578363,95.0,,,True,,pH 1.2,pH 1.2,,2,yes,False,auto_parsed
02-pH1.2T-亲水凝胶空白制剂-251217-Side-24h-750X-1.mp4,660,26.4,5.5,2609428,2.3170612157914365,95.0,,,True,,pH 1.2,pH 1.2,,2,yes,False,auto_parsed
02-pH1.2T-亲水凝胶空白制剂-251217-Side-24h-750X-1.mp4,680,27.2,5.666666666666667,2632213,2.3372933278871937,94.0,,,True,,pH 1.2,pH 1.2,,2,yes,False,auto_parsed
02-pH1.2T-亲水凝胶空白制剂-251217-Side-24h-750X-1.mp4,700,28.0,5.833333333333333,2643809,2.3475900832904157,94.0,,,True,,pH 1.2,pH 1.2,,2,yes,False,auto_parsed
02-pH1.2T-亲水凝胶空白制剂-251217-Side-24h-750X-1.mp4,720,28.8,6.0,2650723,2.3537294215844717,94.0,,,True,,pH 1.2,pH 1.2,,2,yes,False,auto_parsed
02-pH1.2T-亲水凝胶空白制剂-251217-Side-24h-750X-1.mp4,740,29.6,6.166666666666667,2670141,2.370971780710011,93.0,,,True,,pH 1.2,pH 1.2,,2,yes,False,auto_parsed
02-pH1.2T-亲水凝胶空白制剂-251217-Side-24h-750X-1.mp4,760,30.4,6.333333333333333,2682683,2.3821085439272585,93.0,,,True,,pH 1.2,pH 1.2,,2,yes,False,auto_parsed
02-pH1.2T-亲水凝胶空白制剂-251217-Side-24h-750X-1.mp4,780,31.2,6.5,2690012,2.388616384592161,93.0,,,True,,pH 1.2,pH 1.2,,2,yes,False,auto_parsed
02-pH1.2T-亲水凝胶空白制剂-251217-Side-24h-750X-1.mp4,800,32.0,6.666666666666667,2678924,2.3787707116091568,92.0,,,True,,pH 1.2,pH 1.2,,2,yes,False,auto_parsed
02-pH1.2T-亲水凝胶空白制剂-251217-Side-24h-750X-1.mp4,820,32.8,6.833333333333332,2678921,2.3787680477365964,92.0,,,True,,pH 1.2,pH 1.2,,2,yes,False,auto_parsed
02-pH1.2T-亲水凝胶空白制剂-251217-Side-24h-750X-1.mp4,840,33.6,7.0,2678895,2.3787449608410736,91.0,,,True,,pH 1.2,pH 1.2,,2,yes,False,auto_parsed
02-pH1.2T-亲水凝胶空白制剂-251217-Side-24h-750X-1.mp4,860,34.4,7.166666666666667,2676589,2.3766973307996944,91.0,,,True,,pH 1.2,pH 1.2,,2,yes,False,auto_parsed
02-pH1.2T-亲水凝胶空白制剂-251217-Side-24h-750X-1.mp4,880,35.2,7.333333333333334,2670105,2.370939814239287,91.0,,,True,,pH 1.2,pH 1.2,,2,yes,False,auto_parsed
02-pH1.2T-亲水凝胶空白制剂-251217-Side-24h-750X-1.mp4,900,36.0,7.5,2675941,2.3761219343266617,90.0,,,True,,pH 1.2,pH 1.2,,2,yes,False,auto_parsed
02-pH1.2T-亲水凝胶空白制剂-251217-Side-24h-750X-1.mp4,920,36.8,7.666666666666666,2659711,2.36171038377524,90.0,,,True,,pH 1.2,pH 1.2,,2,yes,False,auto_parsed
02-pH1.2T-亲水凝胶空白制剂-251217-Side-24h-750X-1.mp4,940,37.6,7.833333333333333,2657182,2.359464739206876,89.0,,,True,,pH 1.2,pH 1.2,,2,yes,False,auto_parsed
02-pH1.2T-亲水凝胶空白制剂-251217-Side-24h-750X-1.mp4,960,38.4,8.0,2646088,2.349613738478751,89.0,,,True,,pH 1.2,pH 1.2,,2,yes,False,auto_parsed
02-pH1.2T-亲水凝胶空白制剂-251217-Side-24h-750X-1.mp4,980,39.2,8.166666666666668,2612513,2.3198005647409827,89.0,,,True,,pH 1.2,pH 1.2,,2,yes,False,auto_parsed
02-pH1.2T-亲水凝胶空白制剂-251217-Side-24h-750X-1.mp4,1000,40.0,8.333333333333334,2593010,2.302482729226234,88.0,,,True,,pH 1.2,pH 1.2,,2,yes,False,auto_parsed
02-pH1.2T-亲水凝胶空白制剂-251217-Side-24h-750X-1.mp4,1020,40.8,8.499999999999998,2555824,2.26946314088334,88.0,,,True,,pH 1.2,pH 1.2,,2,yes,False,auto_parsed
02-pH1.2T-亲水凝胶空白制剂-251217-Side-24h-750X-1.mp4,1040,41.6,8.666666666666666,2532336,2.248606794650944,88.0,,,True,,pH 1.2,pH 1.2,,2,yes,False,auto_parsed
02-pH1.2T-亲水凝胶空白制剂-251217-Side-24h-750X-1.mp4,1060,42.4,8.833333333333334,2512628,2.231106927844572,87.0,,,True,,pH 1.2,pH 1.2,,2,yes,False,auto_parsed
02-pH1.2T-亲水凝胶空白制剂-251217-Side-24h-750X-1.mp4,1080,43.2,9.000000000000002,2475562,2.1981938944040915,87.0,,,True,,pH 1.2,pH 1.2,,2,yes,False,auto_parsed
02-pH1.2T-亲水凝胶空白制剂-251217-Side-24h-750X-1.mp4,1100,44.0,9.166666666666666,2457274,2.181954927276279,86.0,,,True,,pH 1.2,pH 1.2,,2,yes,False,auto_parsed
02-pH1.2T-亲水凝胶空白制剂-251217-Side-24h-750X-1.mp4,1120,44.8,9.333333333333334,2416965,2.146162247598075,86.0,,,True,,pH 1.2,pH 1.2,,2,yes,False,auto_parsed
02-pH1.2T-亲水凝胶空白制剂-251217-Side-24h-750X-1.mp4,1140,45.6,9.5,2376554,2.1102789962528195,86.0,,,True,,pH 1.2,pH 1.2,,2,yes,False,auto_parsed
02-pH1.2T-亲水凝胶空白制剂-251217-Side-24h-750X-1.mp4,1160,46.4,9.666666666666666,2335954,2.0742279209362624,86.0,,,True,,pH 1.2,pH 1.2,,2,yes,False,auto_parsed
02-pH1.2T-亲水凝胶空白制剂-251217-Side-24h-750X-1.mp4,1180,47.2,9.833333333333334,2291654,2.0348914027952905,85.0,,,True,,pH 1.2,pH 1.2,,2,yes,False,auto_parsed
02-pH1.2T-亲水凝胶空白制剂-251217-Side-24h-750X-1.mp4,1200,48.0,10.0,2239101,1.988226571240832,85.0,,,True,,pH 1.2,pH 1.2,,2,yes,False,auto_parsed
02-pH1.2T-亲水凝胶空白制剂-251217-Side-24h-750X-1.mp4,1220,48.8,10.166666666666666,2192970,1.9472642028805345,85.0,,,True,,pH 1.2,pH 1.2,,2,yes,False,auto_parsed
02-pH1.2T-亲水凝胶空白制剂-251217-Side-24h-750X-1.mp4,1240,49.6,10.333333333333334,2144518,1.904240885116056,84.0,,,True,,pH 1.2,pH 1.2,,2,yes,False,auto_parsed
02-pH1.2T-亲水凝胶空白制剂-251217-Side-24h-750X-1.mp4,1260,50.4,10.5,2098040,1.8629703954962795,84.0,,,True,,pH 1.2,pH 1.2,,2,yes,False,auto_parsed
02-pH1.2T-亲水凝胶空白制剂-251217-Side-24h-750X-1.mp4,1280,51.2,10.666666666666666,2063069,1.8319176330604343,83.0,,,True,,pH 1.2,pH 1.2,,2,yes,False,auto_parsed
02-pH1.2T-亲水凝胶空白制剂-251217-Side-24h-750X-1.mp4,1300,52.0,10.833333333333334,2012337,1.7868697721501003,83.0,,,True,,pH 1.2,pH 1.2,,2,yes,False,auto_parsed
02-pH1.2T-亲水凝胶空白制剂-251217-Side-24h-750X-1.mp4,1320,52.8,11.0,1979007,1.7572741480047596,83.0,,,True,,pH 1.2,pH 1.2,,2,yes,False,auto_parsed
02-pH1.2T-亲水凝胶空白制剂-251217-Side-24h-750X-1.mp4,1340,53.6,11.166666666666666,1930553,1.714249054325241,83.0,,,True,,pH 1.2,pH 1.2,,2,yes,False,auto_parsed
02-pH1.2T-亲水凝胶空白制剂-251217-Side-24h-750X-1.mp4,1360,54.4,11.333333333333334,1899814,1.686954128114511,83.0,,,True,,pH 1.2,pH 1.2,,2,yes,False,auto_parsed
02-pH1.2T-亲水凝胶空白制剂-251217-Side-24h-750X-1.mp4,1380,55.2,11.5,1865279,1.656288515157435,83.0,,,True,,pH 1.2,pH 1.2,,2,yes,False,auto_parsed
02-pH1.2T-亲水凝胶空白制剂-251217-Side-24h-750X-1.mp4,1400,56.0,11.666666666666666,1809440,1.6067058551918876,82.0,,,True,,pH 1.2,pH 1.2,,2,yes,False,auto_parsed
02-pH1.2T-亲水凝胶空白制剂-251217-Side-24h-750X-1.mp4,1420,56.8,11.833333333333334,1770286,1.571938766449413,82.0,,,True,,pH 1.2,pH 1.2,,2,yes,False,auto_parsed
02-pH1.2T-亲水凝胶空白制剂-251217-Side-24h-750X-1.mp4,1440,57.6,12.0,1730774,1.5368537889147382,82.0,,,True,,pH 1.2,pH 1.2,,2,yes,False,auto_parsed
02-pH1.2T-亲水凝胶空白制剂-251217-Side-24h-750X-1.mp4,1460,58.4,12.166666666666666,1695463,1.5054991209220552,82.0,,,True,,pH 1.2,pH 1.2,,2,yes,False,auto_parsed
02-pH1.2T-亲水凝胶空白制剂-251217-Side-24h-750X-1.mp4,1480,59.2,12.333333333333334,1668873,1.4818883304622708,81.0,,,True,,pH 1.2,pH 1.2,,2,yes,False,auto_parsed
02-pH1.2T-亲水凝胶空白制剂-251217-Side-24h-750X-1.mp4,1500,60.0,12.5,1632071,1.4492097178071002,81.0,,,True,,pH 1.2,pH 1.2,,2,yes,False,auto_parsed
02-pH1.2T-亲水凝胶空白制剂-251217-Side-24h-750X-1.mp4,1520,60.8,12.666666666666666,1596082,1.417253014615781,81.0,,,True,,pH 1.2,pH 1.2,,2,yes,False,auto_parsed
02-pH1.2T-亲水凝胶空白制剂-251217-Side-24h-750X-1.mp4,1540,61.6,12.833333333333334,1551032,1.3772505283347245,81.0,,,True,,pH 1.2,pH 1.2,,2,yes,False,auto_parsed
02-pH1.2T-亲水凝胶空白制剂-251217-Side-24h-750X-1.mp4,1560,62.4,13.0,1523930,1.3531851036246425,81.0,,,True,,pH 1.2,pH 1.2,,2,yes,False,auto_parsed
02-pH1.2T-亲水凝胶空白制剂-251217-Side-24h-750X-1.mp4,1580,63.2,13.166666666666666,1488537,1.32175762311531,81.0,,,True,,pH 1.2,pH 1.2,,2,yes,False,auto_parsed
02-pH1.2T-亲水凝胶空白制剂-251217-Side-24h-750X-1.mp4,1600,64.0,13.333333333333334,1466274,1.3019890248450514,80.0,,,True,,pH 1.2,pH 1.2,,2,yes,False,auto_parsed
02-pH1.2T-亲水凝胶空白制剂-251217-Side-24h-750X-1.mp4,1620,64.8,13.5,1438131,1.2769992363565328,80.0,,,True,,pH 1.2,pH 1.2,,2,yes,False,auto_parsed
02-pH1.2T-亲水凝胶空白制剂-251217-Side-24h-750X-1.mp4,1640,65.6,13.666666666666664,1404587,1.247213589301888,80.0,,,True,,pH 1.2,pH 1.2,,2,yes,False,auto_parsed
02-pH1.2T-亲水凝胶空白制剂-251217-Side-24h-750X-1.mp4,1660,66.4,13.833333333333336,1385258,1.2300502583956383,81.0,,,True,,pH 1.2,pH 1.2,,2,yes,False,auto_parsed
02-pH1.2T-亲水凝胶空白制剂-251217-Side-24h-750X-1.mp4,1680,67.2,14.0,1347817,1.196804240885116,75.0,,,True,,pH 1.2,pH 1.2,,2,yes,False,auto_parsed
02-pH1.2T-亲水凝胶空白制剂-251217-Side-24h-750X-1.mp4,1700,68.0,14.166666666666666,1334679,1.1851382549858815,74.0,,,True,,pH 1.2,pH 1.2,,2,yes,False,auto_parsed
02-pH1.2T-亲水凝胶空白制剂-251217-Side-24h-750X-1.mp4,1720,68.8,14.333333333333334,1286444,1.1423076240032677,74.0,,,True,,pH 1.2,pH 1.2,,2,yes,False,auto_parsed
02-pH1.2T-亲水凝胶空白制剂-251217-Side-24h-750X-1.mp4,1740,69.6,14.499999999999998,1254725,1.1141424994228275,74.0,,,True,,pH 1.2,pH 1.2,,2,yes,False,auto_parsed
02-pH1.2T-亲水凝胶空白制剂-251217-Side-24h-750X-1.mp4,1760,70.4,14.666666666666668,1230483,1.0926166332202667,74.0,,,True,,pH 1.2,pH 1.2,,2,yes,False,auto_parsed
02-pH1.2T-亲水凝胶空白制剂-251217-Side-24h-750X-1.mp4,1780,71.2,14.833333333333334,1207367,1.0720906071853522,74.0,,,True,,pH 1.2,pH 1.2,,2,yes,False,auto_parsed
02-pH1.2T-亲水凝胶空白制剂-251217-Side-24h-750X-1.mp4,1800,72.0,15.0,1174570,1.0429682643982312,73.0,,,True,,pH 1.2,pH 1.2,,2,yes,False,auto_parsed
02-pH1.2T-亲水凝胶空白制剂-251217-Side-24h-750X-1.mp4,1820,72.8,15.166666666666666,1158077,1.02832318101902,73.0,,,True,,pH 1.2,pH 1.2,,2,yes,False,auto_parsed
02-pH1.2T-亲水凝胶空白制剂-251217-Side-24h-750X-1.mp4,1840,73.6,15.333333333333332,1139692,1.0119980820117565,72.0,,,True,,pH 1.2,pH 1.2,,2,yes,False,auto_parsed
02-pH1.2T-亲水凝胶空白制剂-251217-Side-24h-750X-1.mp4,1860,74.4,15.500000000000002,1114051,0.9892299632385588,72.0,,,True,,pH 1.2,pH 1.2,,2,yes,False,auto_parsed
02-pH1.2T-亲水凝胶空白制剂-251217-Side-24h-750X-1.mp4,1880,75.2,15.666666666666666,1110018,0.985648830559946,71.0,,,True,,pH 1.2,pH 1.2,,2,yes,False,auto_parsed
02-pH1.2T-亲水凝胶空白制剂-251217-Side-24h-750X-1.mp4,1900,76.0,15.833333333333334,1081940,0.9607167593102346,71.0,,,True,,pH 1.2,pH 1.2,,2,yes,False,auto_parsed
02-pH1.2T-亲水凝胶空白制剂-251217-Side-24h-750X-1.mp4,1920,76.8,16.0,1082390,0.9611163401942852,70.0,,,True,,pH 1.2,pH 1.2,,2,yes,False,auto_parsed
02-pH1.2T-亲水凝胶空白制剂-251217-Side-24h-750X-1.mp4,1940,77.6,16.166666666666664,1112685,0.9880170132660854,67.0,,,True,,pH 1.2,pH 1.2,,2,yes,False,auto_parsed
02-pH1.2T-亲水凝胶空白制剂-251217-Side-24h-750X-1.mp4,1960,78.4,16.333333333333336,1090119,0.9679793638672326,66.0,,,True,,pH 1.2,pH 1.2,,2,yes,False,auto_parsed
02-pH1.2T-亲水凝胶空白制剂-251217-Side-24h-750X-1.mp4,1980,79.2,16.5,1051269,0.9334822142108722,66.0,,,True,,pH 1.2,pH 1.2,,2,yes,False,auto_parsed
02-pH1.2T-亲水凝胶空白制剂-251217-Side-24h-750X-1.mp4,2000,80.0,16.666666666666668,1020928,0.9065406950931468,65.0,,,True,,pH 1.2,pH 1.2,,2,yes,False,auto_parsed
02-pH1.2T-亲水凝胶空白制剂-251217-Side-24h-750X-1.mp4,2020,80.8,16.833333333333332,987805,0.877128878154469,64.0,,,True,,pH 1.2,pH 1.2,,2,yes,False,auto_parsed
02-pH1.2T-亲水凝胶空白制剂-251217-Side-24h-750X-1.mp4,2040,81.6,16.999999999999996,882623,0.7837317302740237,65.0,,,True,,pH 1.2,pH 1.2,,2,yes,False,auto_parsed
02-pH1.2T-亲水凝胶空白制剂-251217-Side-24h-750X-1.mp4,2060,82.4,17.166666666666668,799503,0.7099247012022945,66.0,,,True,,pH 1.2,pH 1.2,,2,yes,False,auto_parsed
02-pH1.2T-亲水凝胶空白制剂-251217-Side-24h-750X-1.mp4,2080,83.2,17.333333333333332,750704,0.6665932621783374,66.0,,,True,,pH 1.2,pH 1.2,,2,yes,False,auto_parsed
02-pH1.2T-亲水凝胶空白制剂-251217-Side-24h-750X-1.mp4,2100,84.0,17.5,710255,0.6306762684473175,66.0,,,True,,pH 1.2,pH 1.2,,2,yes,False,auto_parsed
02-pH1.2T-亲水凝胶空白制剂-251217-Side-24h-750X-1.mp4,2120,84.8,17.666666666666668,685167,0.6083991901827417,65.0,,,True,,pH 1.2,pH 1.2,,2,yes,False,auto_parsed
02-pH1.2T-亲水凝胶空白制剂-251217-Side-24h-750X-1.mp4,2140,85.6,17.833333333333332,677972,0.6020103358255341,64.0,,,True,,pH 1.2,pH 1.2,,2,yes,False,auto_parsed
02-pH1.2T-亲水凝胶空白制剂-251217-Side-24h-750X-1.mp4,2160,86.4,18.000000000000004,662329,0.5881200163384184,64.0,,,True,,pH 1.2,pH 1.2,,2,yes,False,auto_parsed
02-pH1.2T-亲水凝胶空白制剂-251217-Side-24h-750X-1.mp4,2180,87.2,18.166666666666668,628633,0.5581993997407164,63.0,,,True,,pH 1.2,pH 1.2,,2,yes,False,auto_parsed
02-pH1.2T-亲水凝胶空白制剂-251217-Side-24h-750X-1.mp4,2200,88.0,18.33333333333333,613100,0.544406755580813,62.0,,,True,,pH 1.2,pH 1.2,,2,yes,False,auto_parsed
02-pH1.2T-亲水凝胶空白制剂-251217-Side-24h-750X-1.mp4,2220,88.8,18.5,582778,0.5174821076559697,62.0,,,True,,pH 1.2,pH 1.2,,2,yes,False,auto_parsed
02-pH1.2T-亲水凝胶空白制剂-251217-Side-24h-750X-1.mp4,2240,89.6,18.666666666666668,590963,0.5247500399580884,60.0,,,True,,pH 1.2,pH 1.2,,2,yes,False,auto_parsed
02-pH1.2T-亲水凝胶空白制剂-251217-Side-24h-750X-1.mp4,2260,90.4,18.83333333333333,555337,0.4931156653465698,60.0,,,True,,pH 1.2,pH 1.2,,2,yes,False,auto_parsed
02-pH1.2T-亲水凝胶空白制剂-251217-Side-24h-750X-1.mp4,2280,91.2,19.0,541092,0.480466710472571,59.0,,,True,,pH 1.2,pH 1.2,,2,yes,False,auto_parsed
02-pH1.2T-亲水凝胶空白制剂-251217-Side-24h-750X-1.mp4,2300,92.0,19.166666666666668,578487,0.5136718819371682,57.0,,,True,,pH 1.2,pH 1.2,,2,yes,False,auto_parsed
02-pH1.2T-亲水凝胶空白制剂-251217-Side-24h-750X-1.mp4,2320,92.8,19.33333333333333,593310,0.5268340762577918,56.0,,,True,,pH 1.2,pH 1.2,,2,yes,False,auto_parsed
02-pH1.2T-亲水凝胶空白制剂-251217-Side-24h-750X-1.mp4,2340,93.6,19.5,529746,0.4703919444493775,56.0,,,True,,pH 1.2,pH 1.2,,2,yes,False,auto_parsed
02-pH1.2T-亲水凝胶空白制剂-251217-Side-24h-750X-1.mp4,2360,94.4,19.666666666666668,487995,0.4333188300271715,55.0,,,True,,pH 1.2,pH 1.2,,2,yes,False,auto_parsed
02-pH1.2T-亲水凝胶空白制剂-251217-Side-24h-750X-1.mp4,2380,95.2,19.83333333333333,456327,0.4051989912802571,55.0,,,True,,pH 1.2,pH 1.2,,2,yes,False,auto_parsed
02-pH1.2T-亲水凝胶空白制剂-251217-Side-24h-750X-1.mp4,2400,96.0,20.0,437029,0.3880631870571311,54.0,,,True,,pH 1.2,pH 1.2,,2,yes,False,auto_parsed
02-pH1.2T-亲水凝胶空白制剂-251217-Side-24h-750X-1.mp4,2420,96.8,20.166666666666668,422775,0.3754062405654513,53.0,,,True,,pH 1.2,pH 1.2,,2,yes,False,auto_parsed
02-pH1.2T-亲水凝胶空白制剂-251217-Side-24h-750X-1.mp4,2440,97.6,20.33333333333333,413560,0.367223712017617,52.0,,,True,,pH 1.2,pH 1.2,,2,yes,False,auto_parsed
02-pH1.2T-亲水凝胶空白制剂-251217-Side-24h-750X-1.mp4,2460,98.4,20.5,400787,0.3558818306132235,51.0,,,True,,pH 1.2,pH 1.2,,2,yes,False,auto_parsed
02-pH1.2T-亲水凝胶空白制剂-251217-Side-24h-750X-1.mp4,2480,99.2,20.666666666666668,386587,0.3432728338276297,50.0,,,True,,pH 1.2,pH 1.2,,2,yes,False,auto_parsed
02-pH1.2T-亲水凝胶空白制剂-251217-Side-24h-750X-1.mp4,2500,100.0,20.83333333333333,362397,0.3217931414161146,49.0,,,True,,pH 1.2,pH 1.2,,2,yes,False,auto_parsed
02-pH1.2T-亲水凝胶空白制剂-251217-Side-24h-750X-1.mp4,2520,100.8,21.0,353456,0.3138539132287911,47.0,,,True,,pH 1.2,pH 1.2,,2,yes,False,auto_parsed
02-pH1.2T-亲水凝胶空白制剂-251217-Side-24h-750X-1.mp4,2540,101.6,21.166666666666668,353064,0.3135058338809071,45.0,,,True,,pH 1.2,pH 1.2,,2,yes,False,auto_parsed
02-pH1.2T-亲水凝胶空白制剂-251217-Side-24h-750X-1.mp4,2560,102.4,21.33333333333333,378375,0.335980926672468,43.0,,,True,,pH 1.2,pH 1.2,,2,yes,False,auto_parsed
02-pH1.2T-亲水凝胶空白制剂-251217-Side-24h-750X-1.mp4,2580,103.2,21.5,367047,0.3259221438846366,42.0,,,True,,pH 1.2,pH 1.2,,2,yes,False,auto_parsed
02-pH1.2T-亲水凝胶空白制剂-251217-Side-24h-750X-1.mp4,2600,104.0,21.666666666666668,353916,0.3142623736880428,40.0,,,True,,pH 1.2,pH 1.2,,2,yes,False,auto_parsed
02-pH1.2T-亲水凝胶空白制剂-251217-Side-24h-750X-1.mp4,2620,104.8,21.83333333333333,367162,0.3260242589994495,39.0,,,True,,pH 1.2,pH 1.2,,2,yes,False,auto_parsed
02-pH1.2T-亲水凝胶空白制剂-251217-Side-24h-750X-1.mp4,2640,105.6,22.0,388214,0.3447175407128523,39.0,,,True,,pH 1.2,pH 1.2,,2,yes,False,auto_parsed
02-pH1.2T-亲水凝胶空白制剂-251217-Side-24h-750X-1.mp4,2660,106.4,22.166666666666668,431876,0.3834875419559928,38.0,,,True,,pH 1.2,pH 1.2,,2,yes,False,auto_parsed
02-pH1.2T-亲水凝胶空白制剂-251217-Side-24h-750X-1.mp4,2680,107.2,22.33333333333333,399732,0.354945035429505,37.0,,,True,,pH 1.2,pH 1.2,,2,yes,False,auto_parsed
02-pH1.2T-亲水凝胶空白制剂-251217-Side-24h-750X-1.mp4,2700,108.0,22.5,450088,0.3996590243122769,36.0,,,True,,pH 1.2,pH 1.2,,2,yes,False,auto_parsed
02-pH1.2T-亲水凝胶空白制剂-251217-Side-24h-750X-1.mp4,2720,108.8,22.666666666666668,473393,0.4203528743184926,36.0,,,True,,pH 1.2,pH 1.2,,2,yes,False,auto_parsed
02-pH1.2T-亲水凝胶空白制剂-251217-Side-24h-750X-1.mp4,2740,109.6,22.83333333333333,518355,0.460277220337779,36.0,,,True,,pH 1.2,pH 1.2,,2,yes,False,auto_parsed
02-pH1.2T-亲水凝胶空白制剂-251217-Side-24h-750X-1.mp4,2760,110.4,23.0,444079,0.3943232875739225,37.0,,,True,,pH 1.2,pH 1.2,,2,yes,False,auto_parsed
02-pH1.2T-亲水凝胶空白制剂-251217-Side-24h-750X-1.mp4,2780,111.2,23.166666666666668,442161,0.3926201850503472,37.0,,,True,,pH 1.2,pH 1.2,,2,yes,False,auto_parsed
02-pH1.2T-亲水凝胶空白制剂-251217-Side-24h-750X-1.mp4,2800,112.0,23.33333333333333,421994,0.3747127457422436,37.0,,,True,,pH 1.2,pH 1.2,,2,yes,False,auto_parsed
02-pH1.2T-亲水凝胶空白制剂-251217-Side-24h-750X-1.mp4,2820,112.8,23.5,444927,0.3950762755509776,37.0,,,True,,pH 1.2,pH 1.2,,2,yes,False,auto_parsed
02-pH1.2T-亲水凝胶空白制剂-251217-Side-24h-750X-1.mp4,2840,113.6,23.666666666666668,433639,0.3850530110639507,37.0,,,True,,pH 1.2,pH 1.2,,2,yes,False,auto_parsed
02-pH1.2T-亲水凝胶空白制剂-251217-Side-24h-750X-1.mp4,2860,114.4,23.83333333333333,493600,0.4382958319274005,36.0,,,True,,pH 1.2,pH 1.2,,2,yes,False,auto_parsed
02-pH1.2T-亲水凝胶空白制剂-251217-Side-24h-750X-1.mp4,2879,115.16,23.991666666666667,444883,0.3950372054200927,37.0,,,True,,pH 1.2,pH 1.2,,2,yes,False,auto_parsed
02-pH4.5T-亲水凝胶空白制剂-251217-Side-24h-750X-1.mp4,0,0.0,0.0,601026,1.0,105.0,,,True,,pH 4.5,pH 4.5,,2,yes,False,auto_parsed
02-pH4.5T-亲水凝胶空白制剂-251217-Side-24h-750X-1.mp4,20,0.8,0.1666666666666666,719462,1.1970563669458558,100.0,,,True,,pH 4.5,pH 4.5,,2,yes,False,auto_parsed
02-pH4.5T-亲水凝胶空白制剂-251217-Side-24h-750X-1.mp4,40,1.6,0.3333333333333333,858965,1.429164462103137,99.0,,,True,,pH 4.5,pH 4.5,,2,yes,False,auto_parsed
02-pH4.5T-亲水凝胶空白制剂-251217-Side-24h-750X-1.mp4,60,2.4,0.5,907592,1.5100711117322712,97.0,,,True,,pH 4.5,pH 4.5,,2,yes,False,auto_parsed
02-pH4.5T-亲水凝胶空白制剂-251217-Side-24h-750X-1.mp4,80,3.2,0.6666666666666666,952521,1.5848249493366344,97.0,,,True,,pH 4.5,pH 4.5,,2,yes,False,auto_parsed
02-pH4.5T-亲水凝胶空白制剂-251217-Side-24h-750X-1.mp4,100,4.0,0.8333333333333334,1007555,1.6763917035203135,96.0,,,True,,pH 4.5,pH 4.5,,2,yes,False,auto_parsed
02-pH4.5T-亲水凝胶空白制剂-251217-Side-24h-750X-1.mp4,120,4.8,1.0,1045550,1.7396086026228483,96.0,,,True,,pH 4.5,pH 4.5,,2,yes,False,auto_parsed
02-pH4.5T-亲水凝胶空白制剂-251217-Side-24h-750X-1.mp4,140,5.6,1.1666666666666667,1081257,1.7990186780605164,95.0,,,True,,pH 4.5,pH 4.5,,2,yes,False,auto_parsed
02-pH4.5T-亲水凝胶空白制剂-251217-Side-24h-750X-1.mp4,160,6.4,1.3333333333333333,1113855,1.853255932355672,95.0,,,True,,pH 4.5,pH 4.5,,2,yes,False,auto_parsed
02-pH4.5T-亲水凝胶空白制剂-251217-Side-24h-750X-1.mp4,180,7.2,1.5,1134592,1.8877585994615875,95.0,,,True,,pH 4.5,pH 4.5,,2,yes,False,auto_parsed
02-pH4.5T-亲水凝胶空白制剂-251217-Side-24h-750X-1.mp4,200,8.0,1.6666666666666667,1160195,1.9303574221414717,94.0,,,True,,pH 4.5,pH 4.5,,2,yes,False,auto_parsed
02-pH4.5T-亲水凝胶空白制剂-251217-Side-24h-750X-1.mp4,220,8.8,1.8333333333333333,1172751,1.951248365295345,94.0,,,True,,pH 4.5,pH 4.5,,2,yes,False,auto_parsed
02-pH4.5T-亲水凝胶空白制剂-251217-Side-24h-750X-1.mp4,240,9.6,2.0,1196807,1.9912732560654611,94.0,,,True,,pH 4.5,pH 4.5,,2,yes,False,auto_parsed
02-pH4.5T-亲水凝胶空白制剂-251217-Side-24h-750X-1.mp4,260,10.4,2.1666666666666665,1222946,2.034763887086416,94.0,,,True,,pH 4.5,pH 4.5,,2,yes,False,auto_parsed
02-pH4.5T-亲水凝胶空白制剂-251217-Side-24h-750X-1.mp4,280,11.2,2.333333333333333,1254234,2.086821535174851,94.0,,,True,,pH 4.5,pH 4.5,,2,yes,False,auto_parsed
02-pH4.5T-亲水凝胶空白制剂-251217-Side-24h-750X-1.mp4,300,12.0,2.5,1276009,2.123051249030824,94.0,,,True,,pH 4.5,pH 4.5,,2,yes,False,auto_parsed
02-pH4.5T-亲水凝胶空白制剂-251217-Side-24h-750X-1.mp4,320,12.8,2.6666666666666665,1291913,2.149512666673322,94.0,,,True,,pH 4.5,pH 4.5,,2,yes,False,auto_parsed
02-pH4.5T-亲水凝胶空白制剂-251217-Side-24h-750X-1.mp4,340,13.6,2.833333333333333,1306334,2.1735066369840905,94.0,,,True,,pH 4.5,pH 4.5,,2,yes,False,auto_parsed
02-pH4.5T-亲水凝胶空白制剂-251217-Side-24h-750X-1.mp4,360,14.4,3.0,1341427,2.2318951260012048,93.0,,,True,,pH 4.5,pH 4.5,,2,yes,False,auto_parsed
02-pH4.5T-亲水凝胶空白制剂-251217-Side-24h-750X-1.mp4,380,15.2,3.1666666666666665,1357613,2.258825741315684,93.0,,,True,,pH 4.5,pH 4.5,,2,yes,False,auto_parsed
02-pH4.5T-亲水凝胶空白制剂-251217-Side-24h-750X-1.mp4,400,16.0,3.333333333333333,1413181,2.351280976197369,92.0,,,True,,pH 4.5,pH 4.5,,2,yes,False,auto_parsed
02-pH4.5T-亲水凝胶空白制剂-251217-Side-24h-750X-1.mp4,420,16.8,3.5,1430961,2.3808637230336127,92.0,,,True,,pH 4.5,pH 4.5,,2,yes,False,auto_parsed
02-pH4.5T-亲水凝胶空白制剂-251217-Side-24h-750X-1.mp4,440,17.6,3.666666666666667,1448023,2.409251846009989,92.0,,,True,,pH 4.5,pH 4.5,,2,yes,False,auto_parsed
02-pH4.5T-亲水凝胶空白制剂-251217-Side-24h-750X-1.mp4,460,18.4,3.833333333333333,1465500,2.4383304549220832,92.0,,,True,,pH 4.5,pH 4.5,,2,yes,False,auto_parsed
02-pH4.5T-亲水凝胶空白制剂-251217-Side-24h-750X-1.mp4,480,19.2,4.0,1474643,2.453542775187762,91.0,,,True,,pH 4.5,pH 4.5,,2,yes,False,auto_parsed
02-pH4.5T-亲水凝胶空白制剂-251217-Side-24h-750X-1.mp4,500,20.0,4.166666666666667,1486627,2.473482012425419,91.0,,,True,,pH 4.5,pH 4.5,,2,yes,False,auto_parsed
02-pH4.5T-亲水凝胶空白制剂-251217-Side-24h-750X-1.mp4,520,20.8,4.333333333333333,1502929,2.5006056310375926,91.0,,,True,,pH 4.5,pH 4.5,,2,yes,False,auto_parsed
02-pH4.5T-亲水凝胶空白制剂-251217-Side-24h-750X-1.mp4,540,21.6,4.500000000000001,1547894,2.575419366217102,91.0,,,True,,pH 4.5,pH 4.5,,2,yes,False,auto_parsed
02-pH4.5T-亲水凝胶空白制剂-251217-Side-24h-750X-1.mp4,560,22.4,4.666666666666667,1513322,2.517897728218081,91.0,,,True,,pH 4.5,pH 4.5,,2,yes,False,auto_parsed
02-pH4.5T-亲水凝胶空白制剂-251217-Side-24h-750X-1.mp4,580,23.2,4.833333333333333,1562559,2.5998193089816413,90.0,,,True,,pH 4.5,pH 4.5,,2,yes,False,auto_parsed
02-pH4.5T-亲水凝胶空白制剂-251217-Side-24h-750X-1.mp4,600,24.0,5.0,1615190,2.687387900024292,90.0,,,True,,pH 4.5,pH 4.5,,2,yes,False,auto_parsed
02-pH4.5T-亲水凝胶空白制剂-251217-Side-24h-750X-1.mp4,620,24.8,5.166666666666667,1525965,2.538933423845225,90.0,,,True,,pH 4.5,pH 4.5,,2,yes,False,auto_parsed
02-pH4.5T-亲水凝胶空白制剂-251217-Side-24h-750X-1.mp4,640,25.6,5.333333333333333,1636784,2.7233164621830004,90.0,,,True,,pH 4.5,pH 4.5,,2,yes,False,auto_parsed
02-pH4.5T-亲水凝胶空白制剂-251217-Side-24h-750X-1.mp4,660,26.4,5.5,1580773,2.6301241543627065,90.0,,,True,,pH 4.5,pH 4.5,,2,yes,False,auto_parsed
02-pH4.5T-亲水凝胶空白制剂-251217-Side-24h-750X-1.mp4,680,27.2,5.666666666666667,1684669,2.802988556235504,87.0,,,True,,pH 4.5,pH 4.5,,2,yes,False,auto_parsed
02-pH4.5T-亲水凝胶空白制剂-251217-Side-24h-750X-1.mp4,700,28.0,5.833333333333333,1694304,2.819019476694852,87.0,,,True,,pH 4.5,pH 4.5,,2,yes,False,auto_parsed
02-pH4.5T-亲水凝胶空白制剂-251217-Side-24h-750X-1.mp4,720,28.8,6.0,1732254,2.882161503828453,87.0,,,True,,pH 4.5,pH 4.5,,2,yes,False,auto_parsed
02-pH4.5T-亲水凝胶空白制剂-251217-Side-24h-750X-1.mp4,740,29.6,6.166666666666667,1742782,2.8996782169157407,87.0,,,True,,pH 4.5,pH 4.5,,2,yes,False,auto_parsed
02-pH4.5T-亲水凝胶空白制剂-251217-Side-24h-750X-1.mp4,760,30.4,6.333333333333333,1725946,2.871666117605561,87.0,,,True,,pH 4.5,pH 4.5,,2,yes,False,auto_parsed
02-pH4.5T-亲水凝胶空白制剂-251217-Side-24h-750X-1.mp4,780,31.2,6.5,1756385,2.922311181213458,87.0,,,True,,pH 4.5,pH 4.5,,2,yes,False,auto_parsed
02-pH4.5T-亲水凝胶空白制剂-251217-Side-24h-750X-1.mp4,800,32.0,6.666666666666667,1765037,2.9367065651070003,86.0,,,True,,pH 4.5,pH 4.5,,2,yes,False,auto_parsed
02-pH4.5T-亲水凝胶空白制剂-251217-Side-24h-750X-1.mp4,820,32.8,6.833333333333332,1682546,2.799456263123392,86.0,,,True,,pH 4.5,pH 4.5,,2,yes,False,auto_parsed
02-pH4.5T-亲水凝胶空白制剂-251217-Side-24h-750X-1.mp4,840,33.6,7.0,1781216,2.9636255336707564,86.0,,,True,,pH 4.5,pH 4.5,,2,yes,False,auto_parsed
02-pH4.5T-亲水凝胶空白制剂-251217-Side-24h-750X-1.mp4,860,34.4,7.166666666666667,1786935,2.9731409290113904,86.0,,,True,,pH 4.5,pH 4.5,,2,yes,False,auto_parsed
02-pH4.5T-亲水凝胶空白制剂-251217-Side-24h-750X-1.mp4,880,35.2,7.333333333333334,1793574,2.984187040161324,86.0,,,True,,pH 4.5,pH 4.5,,2,yes,False,auto_parsed
02-pH4.5T-亲水凝胶空白制剂-251217-Side-24h-750X-1.mp4,900,36.0,7.5,1804772,3.002818513674949,85.0,,,True,,pH 4.5,pH 4.5,,2,yes,False,auto_parsed
02-pH4.5T-亲水凝胶空白制剂-251217-Side-24h-750X-1.mp4,920,36.8,7.666666666666666,1807889,3.008004645389717,85.0,,,True,,pH 4.5,pH 4.5,,2,yes,False,auto_parsed
02-pH4.5T-亲水凝胶空白制剂-251217-Side-24h-750X-1.mp4,940,37.6,7.833333333333333,1810837,3.0129095912656023,85.0,,,True,,pH 4.5,pH 4.5,,2,yes,False,auto_parsed
02-pH4.5T-亲水凝胶空白制剂-251217-Side-24h-750X-1.mp4,960,38.4,8.0,1813415,3.0171989231747047,85.0,,,True,,pH 4.5,pH 4.5,,2,yes,False,auto_parsed
02-pH4.5T-亲水凝胶空白制剂-251217-Side-24h-750X-1.mp4,980,39.2,8.166666666666668,1821574,3.030774043053046,84.0,,,True,,pH 4.5,pH 4.5,,2,yes,False,auto_parsed
02-pH4.5T-亲水凝胶空白制剂-251217-Side-24h-750X-1.mp4,1000,40.0,8.333333333333334,1826121,3.038339439558355,84.0,,,True,,pH 4.5,pH 4.5,,2,yes,False,auto_parsed
02-pH4.5T-亲水凝胶空白制剂-251217-Side-24h-750X-1.mp4,1020,40.8,8.499999999999998,1827036,3.039861836259996,84.0,,,True,,pH 4.5,pH 4.5,,2,yes,False,auto_parsed
02-pH4.5T-亲水凝胶空白制剂-251217-Side-24h-750X-1.mp4,1040,41.6,8.666666666666666,1827427,3.0405123904789475,84.0,,,True,,pH 4.5,pH 4.5,,2,yes,False,auto_parsed
02-pH4.5T-亲水凝胶空白制剂-251217-Side-24h-750X-1.mp4,1060,42.4,8.833333333333334,1831540,3.0473556884394357,83.0,,,True,,pH 4.5,pH 4.5,,2,yes,False,auto_parsed
02-pH4.5T-亲水凝胶空白制剂-251217-Side-24h-750X-1.mp4,1080,43.2,9.000000000000002,1831951,3.0480395190890244,83.0,,,True,,pH 4.5,pH 4.5,,2,yes,False,auto_parsed
02-pH4.5T-亲水凝胶空白制剂-251217-Side-24h-750X-1.mp4,1100,44.0,9.166666666666666,1829540,3.044028045375741,83.0,,,True,,pH 4.5,pH 4.5,,2,yes,False,auto_parsed
02-pH4.5T-亲水凝胶空白制剂-251217-Side-24h-750X-1.mp4,1120,44.8,9.333333333333334,1837831,3.057822789696286,82.0,,,True,,pH 4.5,pH 4.5,,2,yes,False,auto_parsed
02-pH4.5T-亲水凝胶空白制剂-251217-Side-24h-750X-1.mp4,1140,45.6,9.5,1837693,3.057593182324891,82.0,,,True,,pH 4.5,pH 4.5,,2,yes,False,auto_parsed
02-pH4.5T-亲水凝胶空白制剂-251217-Side-24h-750X-1.mp4,1160,46.4,9.666666666666666,1826069,3.038252920838699,82.0,,,True,,pH 4.5,pH 4.5,,2,yes,False,auto_parsed
02-pH4.5T-亲水凝胶空白制剂-251217-Side-24h-750X-1.mp4,1180,47.2,9.833333333333334,1817108,3.023343416091816,82.0,,,True,,pH 4.5,pH 4.5,,2,yes,False,auto_parsed
02-pH4.5T-亲水凝胶空白制剂-251217-Side-24h-750X-1.mp4,1200,48.0,10.0,1816340,3.022065601155357,81.0,,,True,,pH 4.5,pH 4.5,,2,yes,False,auto_parsed
02-pH4.5T-亲水凝胶空白制剂-251217-Side-24h-750X-1.mp4,1220,48.8,10.166666666666666,1810075,3.011641759258335,81.0,,,True,,pH 4.5,pH 4.5,,2,yes,False,auto_parsed
02-pH4.5T-亲水凝胶空白制剂-251217-Side-24h-750X-1.mp4,1240,49.6,10.333333333333334,1801871,2.9979917674110603,81.0,,,True,,pH 4.5,pH 4.5,,2,yes,False,auto_parsed
02-pH4.5T-亲水凝胶空白制剂-251217-Side-24h-750X-1.mp4,1260,50.4,10.5,1791334,2.9804600799299865,81.0,,,True,,pH 4.5,pH 4.5,,2,yes,False,auto_parsed
02-pH4.5T-亲水凝胶空白制剂-251217-Side-24h-750X-1.mp4,1280,51.2,10.666666666666666,1779512,2.960790381780489,81.0,,,True,,pH 4.5,pH 4.5,,2,yes,False,auto_parsed
02-pH4.5T-亲水凝胶空白制剂-251217-Side-24h-750X-1.mp4,1300,52.0,10.833333333333334,1764656,2.9360726491033664,81.0,,,True,,pH 4.5,pH 4.5,,2,yes,False,auto_parsed
02-pH4.5T-亲水凝胶空白制剂-251217-Side-24h-750X-1.mp4,1320,52.8,11.0,1756898,2.923164721659296,81.0,,,True,,pH 4.5,pH 4.5,,2,yes,False,auto_parsed
02-pH4.5T-亲水凝胶空白制剂-251217-Side-24h-750X-1.mp4,1340,53.6,11.166666666666666,1747817,2.9080555583285914,81.0,,,True,,pH 4.5,pH 4.5,,2,yes,False,auto_parsed
02-pH4.5T-亲水凝胶空白制剂-251217-Side-24h-750X-1.mp4,1360,54.4,11.333333333333334,1744382,2.9023403313666964,81.0,,,True,,pH 4.5,pH 4.5,,2,yes,False,auto_parsed
02-pH4.5T-亲水凝胶空白制剂-251217-Side-24h-750X-1.mp4,1380,55.2,11.5,1737191,2.890375790731183,80.0,,,True,,pH 4.5,pH 4.5,,2,yes,False,auto_parsed
02-pH4.5T-亲水凝胶空白制剂-251217-Side-24h-750X-1.mp4,1400,56.0,11.666666666666666,1728140,2.8753165420464337,80.0,,,True,,pH 4.5,pH 4.5,,2,yes,False,auto_parsed
02-pH4.5T-亲水凝胶空白制剂-251217-Side-24h-750X-1.mp4,1420,56.8,11.833333333333334,1709252,2.843890280952904,80.0,,,True,,pH 4.5,pH 4.5,,2,yes,False,auto_parsed
02-pH4.5T-亲水凝胶空白制剂-251217-Side-24h-750X-1.mp4,1440,57.6,12.0,1695594,2.821165806470934,80.0,,,True,,pH 4.5,pH 4.5,,2,yes,False,auto_parsed
02-pH4.5T-亲水凝胶空白制剂-251217-Side-24h-750X-1.mp4,1460,58.4,12.166666666666666,1683337,2.8007723459550835,80.0,,,True,,pH 4.5,pH 4.5,,2,yes,False,auto_parsed
02-pH4.5T-亲水凝胶空白制剂-251217-Side-24h-750X-1.mp4,1480,59.2,12.333333333333334,1668090,2.775404059059009,80.0,,,True,,pH 4.5,pH 4.5,,2,yes,False,auto_parsed
02-pH4.5T-亲水凝胶空白制剂-251217-Side-24h-750X-1.mp4,1500,60.0,12.5,1665474,2.7710515019316966,79.0,,,True,,pH 4.5,pH 4.5,,2,yes,False,auto_parsed
02-pH4.5T-亲水凝胶空白制剂-251217-Side-24h-750X-1.mp4,1520,60.8,12.666666666666666,1653432,2.751015763045193,79.0,,,True,,pH 4.5,pH 4.5,,2,yes,False,auto_parsed
02-pH4.5T-亲水凝胶空白制剂-251217-Side-24h-750X-1.mp4,1540,61.6,12.833333333333334,1643778,2.73495322997674,79.0,,,True,,pH 4.5,pH 4.5,,2,yes,False,auto_parsed
02-pH4.5T-亲水凝胶空白制剂-251217-Side-24h-750X-1.mp4,1560,62.4,13.0,1630113,2.712217108744048,79.0,,,True,,pH 4.5,pH 4.5,,2,yes,False,auto_parsed
02-pH4.5T-亲水凝胶空白制剂-251217-Side-24h-750X-1.mp4,1580,63.2,13.166666666666666,1620303,2.6958950195166267,79.0,,,True,,pH 4.5,pH 4.5,,2,yes,False,auto_parsed
02-pH4.5T-亲水凝胶空白制剂-251217-Side-24h-750X-1.mp4,1600,64.0,13.333333333333334,1606429,2.6728111595837785,79.0,,,True,,pH 4.5,pH 4.5,,2,yes,False,auto_parsed
02-pH4.5T-亲水凝胶空白制剂-251217-Side-24h-750X-1.mp4,1620,64.8,13.5,1591832,2.6485243566834047,79.0,,,True,,pH 4.5,pH 4.5,,2,yes,False,auto_parsed
02-pH4.5T-亲水凝胶空白制剂-251217-Side-24h-750X-1.mp4,1640,65.6,13.666666666666664,1581762,2.631769673857703,79.0,,,True,,pH 4.5,pH 4.5,,2,yes,False,auto_parsed
02-pH4.5T-亲水凝胶空白制剂-251217-Side-24h-750X-1.mp4,1660,66.4,13.833333333333336,1571626,2.6149051788109,79.0,,,True,,pH 4.5,pH 4.5,,2,yes,False,auto_parsed
02-pH4.5T-亲水凝胶空白制剂-251217-Side-24h-750X-1.mp4,1680,67.2,14.0,1564501,2.6030504503964886,78.0,,,True,,pH 4.5,pH 4.5,,2,yes,False,auto_parsed
02-pH4.5T-亲水凝胶空白制剂-251217-Side-24h-750X-1.mp4,1700,68.0,14.166666666666666,1550681,2.5800564368263603,78.0,,,True,,pH 4.5,pH 4.5,,2,yes,False,auto_parsed
02-pH4.5T-亲水凝胶空白制剂-251217-Side-24h-750X-1.mp4,1720,68.8,14.333333333333334,1537900,2.558791133827821,78.0,,,True,,pH 4.5,pH 4.5,,2,yes,False,auto_parsed
02-pH4.5T-亲水凝胶空白制剂-251217-Side-24h-750X-1.mp4,1740,69.6,14.499999999999998,1520954,2.5305960141491384,81.0,,,True,,pH 4.5,pH 4.5,,2,yes,False,auto_parsed
02-pH4.5T-亲水凝胶空白制剂-251217-Side-24h-750X-1.mp4,1760,70.4,14.666666666666668,1516932,2.5239041239480486,78.0,,,True,,pH 4.5,pH 4.5,,2,yes,False,auto_parsed
02-pH4.5T-亲水凝胶空白制剂-251217-Side-24h-750X-1.mp4,1780,71.2,14.833333333333334,1499593,2.4950551224073503,78.0,,,True,,pH 4.5,pH 4.5,,2,yes,False,auto_parsed
02-pH4.5T-亲水凝胶空白制剂-251217-Side-24h-750X-1.mp4,1800,72.0,15.0,1488145,2.476007693510763,78.0,,,True,,pH 4.5,pH 4.5,,2,yes,False,auto_parsed
02-pH4.5T-亲水凝胶空白制剂-251217-Side-24h-750X-1.mp4,1820,72.8,15.166666666666666,1480060,2.4625556964257784,78.0,,,True,,pH 4.5,pH 4.5,,2,yes,False,auto_parsed
02-pH4.5T-亲水凝胶空白制剂-251217-Side-24h-750X-1.mp4,1840,73.6,15.333333333333332,1465056,2.437591718161943,78.0,,,True,,pH 4.5,pH 4.5,,2,yes,False,auto_parsed
02-pH4.5T-亲水凝胶空白制剂-251217-Side-24h-750X-1.mp4,1860,74.4,15.500000000000002,1454098,2.4193595618159613,78.0,,,True,,pH 4.5,pH 4.5,,2,yes,False,auto_parsed
02-pH4.5T-亲水凝胶空白制剂-251217-Side-24h-750X-1.mp4,1880,75.2,15.666666666666666,1451071,2.41432317403906,77.0,,,True,,pH 4.5,pH 4.5,,2,yes,False,auto_parsed
02-pH4.5T-亲水凝胶空白制剂-251217-Side-24h-750X-1.mp4,1900,76.0,15.833333333333334,1440891,2.3973854708448554,77.0,,,True,,pH 4.5,pH 4.5,,2,yes,False,auto_parsed
02-pH4.5T-亲水凝胶空白制剂-251217-Side-24h-750X-1.mp4,1920,76.8,16.0,1431155,2.381186504410791,77.0,,,True,,pH 4.5,pH 4.5,,2,yes,False,auto_parsed
02-pH4.5T-亲水凝胶空白制剂-251217-Side-24h-750X-1.mp4,1940,77.6,16.166666666666664,1419267,2.361406994040191,77.0,,,True,,pH 4.5,pH 4.5,,2,yes,False,auto_parsed
02-pH4.5T-亲水凝胶空白制剂-251217-Side-24h-750X-1.mp4,1960,78.4,16.333333333333336,1418471,2.360082592100841,79.0,,,True,,pH 4.5,pH 4.5,,2,yes,False,auto_parsed
02-pH4.5T-亲水凝胶空白制剂-251217-Side-24h-750X-1.mp4,1980,79.2,16.5,1409170,2.34460738803313,79.0,,,True,,pH 4.5,pH 4.5,,2,yes,False,auto_parsed
02-pH4.5T-亲水凝胶空白制剂-251217-Side-24h-750X-1.mp4,2000,80.0,16.666666666666668,1412980,2.350946548069468,78.0,,,True,,pH 4.5,pH 4.5,,2,yes,False,auto_parsed
02-pH4.5T-亲水凝胶空白制剂-251217-Side-24h-750X-1.mp4,2020,80.8,16.833333333333332,1411406,2.3483276929783403,78.0,,,True,,pH 4.5,pH 4.5,,2,yes,False,auto_parsed
02-pH4.5T-亲水凝胶空白制剂-251217-Side-24h-750X-1.mp4,2040,81.6,16.999999999999996,1400751,2.3305996745565083,76.0,,,True,,pH 4.5,pH 4.5,,2,yes,False,auto_parsed
02-pH4.5T-亲水凝胶空白制剂-251217-Side-24h-750X-1.mp4,2060,82.4,17.166666666666668,1375057,2.287849444117226,76.0,,,True,,pH 4.5,pH 4.5,,2,yes,False,auto_parsed
02-pH4.5T-亲水凝胶空白制剂-251217-Side-24h-750X-1.mp4,2080,83.2,17.333333333333332,1362854,2.267545829964095,76.0,,,True,,pH 4.5,pH 4.5,,2,yes,False,auto_parsed
02-pH4.5T-亲水凝胶空白制剂-251217-Side-24h-750X-1.mp4,2100,84.0,17.5,1344915,2.2376985355042875,76.0,,,True,,pH 4.5,pH 4.5,,2,yes,False,auto_parsed
02-pH4.5T-亲水凝胶空白制剂-251217-Side-24h-750X-1.mp4,2120,84.8,17.666666666666668,1334957,2.221130200690153,76.0,,,True,,pH 4.5,pH 4.5,,2,yes,False,auto_parsed
02-pH4.5T-亲水凝胶空白制剂-251217-Side-24h-750X-1.mp4,2140,85.6,17.833333333333332,1328268,2.210000898463627,76.0,,,True,,pH 4.5,pH 4.5,,2,yes,False,auto_parsed
02-pH4.5T-亲水凝胶空白制剂-251217-Side-24h-750X-1.mp4,2160,86.4,18.000000000000004,1323387,2.201879785566681,76.0,,,True,,pH 4.5,pH 4.5,,2,yes,False,auto_parsed
02-pH4.5T-亲水凝胶空白制剂-251217-Side-24h-750X-1.mp4,2180,87.2,18.166666666666668,1301097,2.1647932036218065,76.0,,,True,,pH 4.5,pH 4.5,,2,yes,False,auto_parsed
02-pH4.5T-亲水凝胶空白制剂-251217-Side-24h-750X-1.mp4,2200,88.0,18.33333333333333,1296425,2.1570198294250167,76.0,,,True,,pH 4.5,pH 4.5,,2,yes,False,auto_parsed
02-pH4.5T-亲水凝胶空白制剂-251217-Side-24h-750X-1.mp4,2220,88.8,18.5,1287352,2.141923976666567,75.0,,,True,,pH 4.5,pH 4.5,,2,yes,False,auto_parsed
02-pH4.5T-亲水凝胶空白制剂-251217-Side-24h-750X-1.mp4,2240,89.6,18.666666666666668,1261738,2.0993068519498324,75.0,,,True,,pH 4.5,pH 4.5,,2,yes,False,auto_parsed
02-pH4.5T-亲水凝胶空白制剂-251217-Side-24h-750X-1.mp4,2260,90.4,18.83333333333333,1249802,2.079447478145704,75.0,,,True,,pH 4.5,pH 4.5,,2,yes,False,auto_parsed
02-pH4.5T-亲水凝胶空白制剂-251217-Side-24h-750X-1.mp4,2280,91.2,19.0,1230806,2.0478415243267345,75.0,,,True,,pH 4.5,pH 4.5,,2,yes,False,auto_parsed
02-pH4.5T-亲水凝胶空白制剂-251217-Side-24h-750X-1.mp4,2300,92.0,19.166666666666668,1188724,1.9778245866235404,75.0,,,True,,pH 4.5,pH 4.5,,2,yes,False,auto_parsed
02-pH4.5T-亲水凝胶空白制剂-251217-Side-24h-750X-1.mp4,2320,92.8,19.33333333333333,1167645,1.9427528925537327,74.0,,,True,,pH 4.5,pH 4.5,,2,yes,False,auto_parsed
02-pH4.5T-亲水凝胶空白制剂-251217-Side-24h-750X-1.mp4,2340,93.6,19.5,1154841,1.9214493216599613,73.0,,,True,,pH 4.5,pH 4.5,,2,yes,False,auto_parsed
02-pH4.5T-亲水凝胶空白制剂-251217-Side-24h-750X-1.mp4,2360,94.4,19.666666666666668,1146121,1.906940797902254,73.0,,,True,,pH 4.5,pH 4.5,,2,yes,False,auto_parsed
02-pH4.5T-亲水凝胶空白制剂-251217-Side-24h-750X-1.mp4,2380,95.2,19.83333333333333,1130658,1.8812131255553004,73.0,,,True,,pH 4.5,pH 4.5,,2,yes,False,auto_parsed
02-pH4.5T-亲水凝胶空白制剂-251217-Side-24h-750X-1.mp4,2400,96.0,20.0,1119442,1.862551703254102,73.0,,,True,,pH 4.5,pH 4.5,,2,yes,False,auto_parsed
02-pH4.5T-亲水凝胶空白制剂-251217-Side-24h-750X-1.mp4,2420,96.8,20.166666666666668,1114136,1.8537234662061208,73.0,,,True,,pH 4.5,pH 4.5,,2,yes,False,auto_parsed
02-pH4.5T-亲水凝胶空白制剂-251217-Side-24h-750X-1.mp4,2440,97.6,20.33333333333333,1107468,1.842629104231764,72.0,,,True,,pH 4.5,pH 4.5,,2,yes,False,auto_parsed
02-pH4.5T-亲水凝胶空白制剂-251217-Side-24h-750X-1.mp4,2460,98.4,20.5,1096270,1.8239976307181387,72.0,,,True,,pH 4.5,pH 4.5,,2,yes,False,auto_parsed
02-pH4.5T-亲水凝胶空白制剂-251217-Side-24h-750X-1.mp4,2480,99.2,20.666666666666668,1082476,1.8010468765078382,72.0,,,True,,pH 4.5,pH 4.5,,2,yes,False,auto_parsed
02-pH4.5T-亲水凝胶空白制剂-251217-Side-24h-750X-1.mp4,2500,100.0,20.83333333333333,1070307,1.7807998322867895,72.0,,,True,,pH 4.5,pH 4.5,,2,yes,False,auto_parsed
02-pH4.5T-亲水凝胶空白制剂-251217-Side-24h-750X-1.mp4,2520,100.8,21.0,1061594,1.7663029552798049,72.0,,,True,,pH 4.5,pH 4.5,,2,yes,False,auto_parsed
02-pH4.5T-亲水凝胶空白制剂-251217-Side-24h-750X-1.mp4,2540,101.6,21.166666666666668,1053327,1.752548142676024,72.0,,,True,,pH 4.5,pH 4.5,,2,yes,False,auto_parsed
02-pH4.5T-亲水凝胶空白制剂-251217-Side-24h-750X-1.mp4,2560,102.4,21.33333333333333,1042925,1.7352410711017494,72.0,,,True,,pH 4.5,pH 4.5,,2,yes,False,auto_parsed
02-pH4.5T-亲水凝胶空白制剂-251217-Side-24h-750X-1.mp4,2580,103.2,21.5,1046714,1.7415452908859184,71.0,,,True,,pH 4.5,pH 4.5,,2,yes,False,auto_parsed
02-pH4.5T-亲水凝胶空白制剂-251217-Side-24h-750X-1.mp4,2600,104.0,21.666666666666668,1033927,1.7202700049581885,71.0,,,True,,pH 4.5,pH 4.5,,2,yes,False,auto_parsed
02-pH4.5T-亲水凝胶空白制剂-251217-Side-24h-750X-1.mp4,2620,104.8,21.83333333333333,1028594,1.711396844728847,71.0,,,True,,pH 4.5,pH 4.5,,2,yes,False,auto_parsed
02-pH4.5T-亲水凝胶空白制剂-251217-Side-24h-750X-1.mp4,2640,105.6,22.0,1007688,1.676612991784049,71.0,,,True,,pH 4.5,pH 4.5,,2,yes,False,auto_parsed
02-pH4.5T-亲水凝胶空白制剂-251217-Side-24h-750X-1.mp4,2660,106.4,22.166666666666668,1121165,1.8654184677534749,71.0,,,True,,pH 4.5,pH 4.5,,2,yes,False,auto_parsed
02-pH4.5T-亲水凝胶空白制剂-251217-Side-24h-750X-1.mp4,2680,107.2,22.33333333333333,1109797,1.846504144579436,71.0,,,True,,pH 4.5,pH 4.5,,2,yes,False,auto_parsed
02-pH4.5T-亲水凝胶空白制剂-251217-Side-24h-750X-1.mp4,2700,108.0,22.5,1102250,1.833947283478585,71.0,,,True,,pH 4.5,pH 4.5,,2,yes,False,auto_parsed
02-pH4.5T-亲水凝胶空白制剂-251217-Side-24h-750X-1.mp4,2720,108.8,22.666666666666668,1093951,1.820139228585785,71.0,,,True,,pH 4.5,pH 4.5,,2,yes,False,auto_parsed
02-pH4.5T-亲水凝胶空白制剂-251217-Side-24h-750X-1.mp4,2740,109.6,22.83333333333333,1076642,1.7913401416910415,71.0,,,True,,pH 4.5,pH 4.5,,2,yes,False,auto_parsed
02-pH4.5T-亲水凝胶空白制剂-251217-Side-24h-750X-1.mp4,2760,110.4,23.0,1060404,1.7643230076569067,71.0,,,True,,pH 4.5,pH 4.5,,2,yes,False,auto_parsed
02-pH4.5T-亲水凝胶空白制剂-251217-Side-24h-750X-1.mp4,2780,111.2,23.166666666666668,1040354,1.7309633859433702,71.0,,,True,,pH 4.5,pH 4.5,,2,yes,False,auto_parsed
02-pH4.5T-亲水凝胶空白制剂-251217-Side-24h-750X-1.mp4,2800,112.0,23.33333333333333,1069727,1.779834815798318,71.0,,,True,,pH 4.5,pH 4.5,,2,yes,False,auto_parsed
02-pH4.5T-亲水凝胶空白制剂-251217-Side-24h-750X-1.mp4,2820,112.8,23.5,1034143,1.7206293904090673,72.0,,,True,,pH 4.5,pH 4.5,,2,yes,False,auto_parsed
02-pH4.5T-亲水凝胶空白制剂-251217-Side-24h-750X-1.mp4,2840,113.6,23.666666666666668,1011153,1.6823781333919,72.0,,,True,,pH 4.5,pH 4.5,,2,yes,False,auto_parsed
02-pH4.5T-亲水凝胶空白制剂-251217-Side-24h-750X-1.mp4,2860,114.4,23.83333333333333,1003127,1.669024301777294,72.0,,,True,,pH 4.5,pH 4.5,,2,yes,False,auto_parsed
02-pH4.5T-亲水凝胶空白制剂-251217-Side-24h-750X-1.mp4,2879,115.16,23.991666666666667,992483,1.6513145853923126,72.0,,,True,,pH 4.5,pH 4.5,,2,yes,False,auto_parsed
02-pH6.8T-亲水凝胶空白制剂-251217-Side-24h-750X-1.mp4,0,0.0,0.0,646300,1.0,105.0,,,True,,pH 6.8,pH 6.8,,2,yes,False,auto_parsed
02-pH6.8T-亲水凝胶空白制剂-251217-Side-24h-750X-1.mp4,20,0.8,0.1666666666666666,823830,1.2746866780133066,99.0,,,True,,pH 6.8,pH 6.8,,2,yes,False,auto_parsed
02-pH6.8T-亲水凝胶空白制剂-251217-Side-24h-750X-1.mp4,40,1.6,0.3333333333333333,890626,1.3780380628191242,98.0,,,True,,pH 6.8,pH 6.8,,2,yes,False,auto_parsed
02-pH6.8T-亲水凝胶空白制剂-251217-Side-24h-750X-1.mp4,60,2.4,0.5,953750,1.4757078755995667,97.0,,,True,,pH 6.8,pH 6.8,,2,yes,False,auto_parsed
02-pH6.8T-亲水凝胶空白制剂-251217-Side-24h-750X-1.mp4,80,3.2,0.6666666666666666,993396,1.537050905152406,97.0,,,True,,pH 6.8,pH 6.8,,2,yes,False,auto_parsed
02-pH6.8T-亲水凝胶空白制剂-251217-Side-24h-750X-1.mp4,100,4.0,0.8333333333333334,1110692,1.7185393779978335,96.0,,,True,,pH 6.8,pH 6.8,,2,yes,False,auto_parsed
02-pH6.8T-亲水凝胶空白制剂-251217-Side-24h-750X-1.mp4,120,4.8,1.0,1156027,1.7886848212904225,95.0,,,True,,pH 6.8,pH 6.8,,2,yes,False,auto_parsed
02-pH6.8T-亲水凝胶空白制剂-251217-Side-24h-750X-1.mp4,140,5.6,1.1666666666666667,1184474,1.832699984527309,95.0,,,True,,pH 6.8,pH 6.8,,2,yes,False,auto_parsed
02-pH6.8T-亲水凝胶空白制剂-251217-Side-24h-750X-1.mp4,160,6.4,1.3333333333333333,1211286,1.874185362834597,95.0,,,True,,pH 6.8,pH 6.8,,2,yes,False,auto_parsed
02-pH6.8T-亲水凝胶空白制剂-251217-Side-24h-750X-1.mp4,180,7.2,1.5,1313431,2.032231161999072,94.0,,,True,,pH 6.8,pH 6.8,,2,yes,False,auto_parsed
02-pH6.8T-亲水凝胶空白制剂-251217-Side-24h-750X-1.mp4,200,8.0,1.6666666666666667,1337625,2.0696657898808604,94.0,,,True,,pH 6.8,pH 6.8,,2,yes,False,auto_parsed
02-pH6.8T-亲水凝胶空白制剂-251217-Side-24h-750X-1.mp4,220,8.8,1.8333333333333333,1362724,2.108500696271081,94.0,,,True,,pH 6.8,pH 6.8,,2,yes,False,auto_parsed
02-pH6.8T-亲水凝胶空白制剂-251217-Side-24h-750X-1.mp4,240,9.6,2.0,1376735,2.130179483212131,94.0,,,True,,pH 6.8,pH 6.8,,2,yes,False,auto_parsed
02-pH6.8T-亲水凝胶空白制剂-251217-Side-24h-750X-1.mp4,260,10.4,2.1666666666666665,1402139,2.169486306668729,93.0,,,True,,pH 6.8,pH 6.8,,2,yes,False,auto_parsed
02-pH6.8T-亲水凝胶空白制剂-251217-Side-24h-750X-1.mp4,280,11.2,2.333333333333333,1421886,2.2000402289958223,93.0,,,True,,pH 6.8,pH 6.8,,2,yes,False,auto_parsed
02-pH6.8T-亲水凝胶空白制剂-251217-Side-24h-750X-1.mp4,300,12.0,2.5,1464077,2.265321058332044,92.0,,,True,,pH 6.8,pH 6.8,,2,yes,False,auto_parsed
02-pH6.8T-亲水凝胶空白制剂-251217-Side-24h-750X-1.mp4,320,12.8,2.6666666666666665,1480022,2.289992263654649,92.0,,,True,,pH 6.8,pH 6.8,,2,yes,False,auto_parsed
02-pH6.8T-亲水凝胶空白制剂-251217-Side-24h-750X-1.mp4,340,13.6,2.833333333333333,1491257,2.3073758316571253,92.0,,,True,,pH 6.8,pH 6.8,,2,yes,False,auto_parsed
02-pH6.8T-亲水凝胶空白制剂-251217-Side-24h-750X-1.mp4,360,14.4,3.0,1502909,2.325404610861829,92.0,,,True,,pH 6.8,pH 6.8,,2,yes,False,auto_parsed
02-pH6.8T-亲水凝胶空白制剂-251217-Side-24h-750X-1.mp4,380,15.2,3.1666666666666665,1523485,2.3572412192480274,91.0,,,True,,pH 6.8,pH 6.8,,2,yes,False,auto_parsed
02-pH6.8T-亲水凝胶空白制剂-251217-Side-24h-750X-1.mp4,400,16.0,3.333333333333333,1517931,2.34864768683274,92.0,,,True,,pH 6.8,pH 6.8,,2,yes,False,auto_parsed
02-pH6.8T-亲水凝胶空白制剂-251217-Side-24h-750X-1.mp4,420,16.8,3.5,1535960,2.376543400897416,91.0,,,True,,pH 6.8,pH 6.8,,2,yes,False,auto_parsed
02-pH6.8T-亲水凝胶空白制剂-251217-Side-24h-750X-1.mp4,440,17.6,3.666666666666667,1557483,2.4098452730929907,91.0,,,True,,pH 6.8,pH 6.8,,2,yes,False,auto_parsed
02-pH6.8T-亲水凝胶空白制剂-251217-Side-24h-750X-1.mp4,460,18.4,3.833333333333333,1570877,2.430569395017794,91.0,,,True,,pH 6.8,pH 6.8,,2,yes,False,auto_parsed
02-pH6.8T-亲水凝胶空白制剂-251217-Side-24h-750X-1.mp4,480,19.2,4.0,1593063,2.464897106606839,90.0,,,True,,pH 6.8,pH 6.8,,2,yes,False,auto_parsed
02-pH6.8T-亲水凝胶空白制剂-251217-Side-24h-750X-1.mp4,500,20.0,4.166666666666667,1605458,2.4840755067306204,88.0,,,True,,pH 6.8,pH 6.8,,2,yes,False,auto_parsed
02-pH6.8T-亲水凝胶空白制剂-251217-Side-24h-750X-1.mp4,520,20.8,4.333333333333333,1622198,2.5099767909639485,88.0,,,True,,pH 6.8,pH 6.8,,2,yes,False,auto_parsed
02-pH6.8T-亲水凝胶空白制剂-251217-Side-24h-750X-1.mp4,540,21.6,4.500000000000001,1638541,2.5352638093764504,88.0,,,True,,pH 6.8,pH 6.8,,2,yes,False,auto_parsed
02-pH6.8T-亲水凝胶空白制剂-251217-Side-24h-750X-1.mp4,560,22.4,4.666666666666667,1647597,2.549275878075197,87.0,,,True,,pH 6.8,pH 6.8,,2,yes,False,auto_parsed
02-pH6.8T-亲水凝胶空白制剂-251217-Side-24h-750X-1.mp4,580,23.2,4.833333333333333,1673542,2.589419774098716,87.0,,,True,,pH 6.8,pH 6.8,,2,yes,False,auto_parsed
02-pH6.8T-亲水凝胶空白制剂-251217-Side-24h-750X-1.mp4,600,24.0,5.0,1692203,2.618293362215689,86.0,,,True,,pH 6.8,pH 6.8,,2,yes,False,auto_parsed
02-pH6.8T-亲水凝胶空白制剂-251217-Side-24h-750X-1.mp4,620,24.8,5.166666666666667,1703495,2.63576512455516,86.0,,,True,,pH 6.8,pH 6.8,,2,yes,False,auto_parsed
02-pH6.8T-亲水凝胶空白制剂-251217-Side-24h-750X-1.mp4,640,25.6,5.333333333333333,1717477,2.6573990406931767,86.0,,,True,,pH 6.8,pH 6.8,,2,yes,False,auto_parsed
02-pH6.8T-亲水凝胶空白制剂-251217-Side-24h-750X-1.mp4,660,26.4,5.5,1725854,2.670360513693331,86.0,,,True,,pH 6.8,pH 6.8,,2,yes,False,auto_parsed
02-pH6.8T-亲水凝胶空白制剂-251217-Side-24h-750X-1.mp4,680,27.2,5.666666666666667,1751019,2.7092975398421784,85.0,,,True,,pH 6.8,pH 6.8,,2,yes,False,auto_parsed
02-pH6.8T-亲水凝胶空白制剂-251217-Side-24h-750X-1.mp4,700,28.0,5.833333333333333,1760423,2.723848058177317,85.0,,,True,,pH 6.8,pH 6.8,,2,yes,False,auto_parsed
02-pH6.8T-亲水凝胶空白制剂-251217-Side-24h-750X-1.mp4,720,28.8,6.0,1770579,2.7395621228531644,85.0,,,True,,pH 6.8,pH 6.8,,2,yes,False,auto_parsed
02-pH6.8T-亲水凝胶空白制剂-251217-Side-24h-750X-1.mp4,740,29.6,6.166666666666667,1781328,2.7561937180875757,85.0,,,True,,pH 6.8,pH 6.8,,2,yes,False,auto_parsed
02-pH6.8T-亲水凝胶空白制剂-251217-Side-24h-750X-1.mp4,760,30.4,6.333333333333333,1797505,2.7812238898344424,84.0,,,True,,pH 6.8,pH 6.8,,2,yes,False,auto_parsed
02-pH6.8T-亲水凝胶空白制剂-251217-Side-24h-750X-1.mp4,780,31.2,6.5,1810216,2.8008912269843727,84.0,,,True,,pH 6.8,pH 6.8,,2,yes,False,auto_parsed
02-pH6.8T-亲水凝胶空白制剂-251217-Side-24h-750X-1.mp4,800,32.0,6.666666666666667,1816859,2.811169735416989,84.0,,,True,,pH 6.8,pH 6.8,,2,yes,False,auto_parsed
02-pH6.8T-亲水凝胶空白制剂-251217-Side-24h-750X-1.mp4,820,32.8,6.833333333333332,1824830,2.8235030171746867,83.0,,,True,,pH 6.8,pH 6.8,,2,yes,False,auto_parsed
02-pH6.8T-亲水凝胶空白制剂-251217-Side-24h-750X-1.mp4,840,33.6,7.0,1825934,2.8252112022280675,83.0,,,True,,pH 6.8,pH 6.8,,2,yes,False,auto_parsed
02-pH6.8T-亲水凝胶空白制剂-251217-Side-24h-750X-1.mp4,860,34.4,7.166666666666667,1825863,2.825101346124091,83.0,,,True,,pH 6.8,pH 6.8,,2,yes,False,auto_parsed
02-pH6.8T-亲水凝胶空白制剂-251217-Side-24h-750X-1.mp4,880,35.2,7.333333333333334,1844358,2.8537180875754293,82.0,,,True,,pH 6.8,pH 6.8,,2,yes,False,auto_parsed
02-pH6.8T-亲水凝胶空白制剂-251217-Side-24h-750X-1.mp4,900,36.0,7.5,1849537,2.861731394089432,82.0,,,True,,pH 6.8,pH 6.8,,2,yes,False,auto_parsed
02-pH6.8T-亲水凝胶空白制剂-251217-Side-24h-750X-1.mp4,920,36.8,7.666666666666666,1852759,2.8667166950332663,82.0,,,True,,pH 6.8,pH 6.8,,2,yes,False,auto_parsed
02-pH6.8T-亲水凝胶空白制剂-251217-Side-24h-750X-1.mp4,940,37.6,7.833333333333333,1868356,2.89084945071948,81.0,,,True,,pH 6.8,pH 6.8,,2,yes,False,auto_parsed
02-pH6.8T-亲水凝胶空白制剂-251217-Side-24h-750X-1.mp4,960,38.4,8.0,1872686,2.8975491257929757,81.0,,,True,,pH 6.8,pH 6.8,,2,yes,False,auto_parsed
02-pH6.8T-亲水凝胶空白制剂-251217-Side-24h-750X-1.mp4,980,39.2,8.166666666666668,1894172,2.930793749032957,80.0,,,True,,pH 6.8,pH 6.8,,2,yes,False,auto_parsed
02-pH6.8T-亲水凝胶空白制剂-251217-Side-24h-750X-1.mp4,1000,40.0,8.333333333333334,1911355,2.9573804734643354,79.0,,,True,,pH 6.8,pH 6.8,,2,yes,False,auto_parsed
02-pH6.8T-亲水凝胶空白制剂-251217-Side-24h-750X-1.mp4,1020,40.8,8.499999999999998,1956599,3.027385115271546,79.0,,,True,,pH 6.8,pH 6.8,,2,yes,False,auto_parsed
02-pH6.8T-亲水凝胶空白制剂-251217-Side-24h-750X-1.mp4,1040,41.6,8.666666666666666,1956804,3.0277023054309145,79.0,,,True,,pH 6.8,pH 6.8,,2,yes,False,auto_parsed
02-pH6.8T-亲水凝胶空白制剂-251217-Side-24h-750X-1.mp4,1060,42.4,8.833333333333334,1974744,3.055460312548352,78.0,,,True,,pH 6.8,pH 6.8,,2,yes,False,auto_parsed
02-pH6.8T-亲水凝胶空白制剂-251217-Side-24h-750X-1.mp4,1080,43.2,9.000000000000002,1973747,3.0539176852854717,78.0,,,True,,pH 6.8,pH 6.8,,2,yes,False,auto_parsed
02-pH6.8T-亲水凝胶空白制剂-251217-Side-24h-750X-1.mp4,1100,44.0,9.166666666666666,1979116,3.0622249729227917,77.0,,,True,,pH 6.8,pH 6.8,,2,yes,False,auto_parsed
02-pH6.8T-亲水凝胶空白制剂-251217-Side-24h-750X-1.mp4,1120,44.8,9.333333333333334,1979155,3.0622853164165247,77.0,,,True,,pH 6.8,pH 6.8,,2,yes,False,auto_parsed
02-pH6.8T-亲水凝胶空白制剂-251217-Side-24h-750X-1.mp4,1140,45.6,9.5,1979411,3.062681417298468,76.0,,,True,,pH 6.8,pH 6.8,,2,yes,False,auto_parsed
02-pH6.8T-亲水凝胶空白制剂-251217-Side-24h-750X-1.mp4,1160,46.4,9.666666666666666,1981186,3.0654278198978804,76.0,,,True,,pH 6.8,pH 6.8,,2,yes,False,auto_parsed
02-pH6.8T-亲水凝胶空白制剂-251217-Side-24h-750X-1.mp4,1180,47.2,9.833333333333334,1978891,3.061876837382021,76.0,,,True,,pH 6.8,pH 6.8,,2,yes,False,auto_parsed
02-pH6.8T-亲水凝胶空白制剂-251217-Side-24h-750X-1.mp4,1200,48.0,10.0,1996422,3.089002011449791,75.0,,,True,,pH 6.8,pH 6.8,,2,yes,False,auto_parsed
02-pH6.8T-亲水凝胶空白制剂-251217-Side-24h-750X-1.mp4,1220,48.8,10.166666666666666,1982369,3.0672582392077983,75.0,,,True,,pH 6.8,pH 6.8,,2,yes,False,auto_parsed
02-pH6.8T-亲水凝胶空白制剂-251217-Side-24h-750X-1.mp4,1240,49.6,10.333333333333334,1998793,3.092670586414977,74.0,,,True,,pH 6.8,pH 6.8,,2,yes,False,auto_parsed
02-pH6.8T-亲水凝胶空白制剂-251217-Side-24h-750X-1.mp4,1260,50.4,10.5,1997507,3.09068079839084,74.0,,,True,,pH 6.8,pH 6.8,,2,yes,False,auto_parsed
02-pH6.8T-亲水凝胶空白制剂-251217-Side-24h-750X-1.mp4,1280,51.2,10.666666666666666,1996408,3.0889803496828097,74.0,,,True,,pH 6.8,pH 6.8,,2,yes,False,auto_parsed
02-pH6.8T-亲水凝胶空白制剂-251217-Side-24h-750X-1.mp4,1300,52.0,10.833333333333334,1990855,3.080388364536593,74.0,,,True,,pH 6.8,pH 6.8,,2,yes,False,auto_parsed
02-pH6.8T-亲水凝胶空白制剂-251217-Side-24h-750X-1.mp4,1320,52.8,11.0,2003438,3.099857651245552,73.0,,,True,,pH 6.8,pH 6.8,,2,yes,False,auto_parsed
02-pH6.8T-亲水凝胶空白制剂-251217-Side-24h-750X-1.mp4,1340,53.6,11.166666666666666,1997352,3.090440971684976,73.0,,,True,,pH 6.8,pH 6.8,,2,yes,False,auto_parsed
02-pH6.8T-亲水凝胶空白制剂-251217-Side-24h-750X-1.mp4,1360,54.4,11.333333333333334,1998332,3.0919572953736654,73.0,,,True,,pH 6.8,pH 6.8,,2,yes,False,auto_parsed
02-pH6.8T-亲水凝胶空白制剂-251217-Side-24h-750X-1.mp4,1380,55.2,11.5,1993220,3.084047655887358,73.0,,,True,,pH 6.8,pH 6.8,,2,yes,False,auto_parsed
02-pH6.8T-亲水凝胶空白制剂-251217-Side-24h-750X-1.mp4,1400,56.0,11.666666666666666,1989505,3.0782995512919697,73.0,,,True,,pH 6.8,pH 6.8,,2,yes,False,auto_parsed
02-pH6.8T-亲水凝胶空白制剂-251217-Side-24h-750X-1.mp4,1420,56.8,11.833333333333334,1979491,3.0628051988240754,73.0,,,True,,pH 6.8,pH 6.8,,2,yes,False,auto_parsed
02-pH6.8T-亲水凝胶空白制剂-251217-Side-24h-750X-1.mp4,1440,57.6,12.0,1976632,3.0583815565526846,73.0,,,True,,pH 6.8,pH 6.8,,2,yes,False,auto_parsed
02-pH6.8T-亲水凝胶空白制剂-251217-Side-24h-750X-1.mp4,1460,58.4,12.166666666666666,1971473,3.050399195420084,73.0,,,True,,pH 6.8,pH 6.8,,2,yes,False,auto_parsed
02-pH6.8T-亲水凝胶空白制剂-251217-Side-24h-750X-1.mp4,1480,59.2,12.333333333333334,1966714,3.043035741915519,73.0,,,True,,pH 6.8,pH 6.8,,2,yes,False,auto_parsed
02-pH6.8T-亲水凝胶空白制剂-251217-Side-24h-750X-1.mp4,1500,60.0,12.5,1961434,3.034866161225437,73.0,,,True,,pH 6.8,pH 6.8,,2,yes,False,auto_parsed
02-pH6.8T-亲水凝胶空白制剂-251217-Side-24h-750X-1.mp4,1520,60.8,12.666666666666666,1953562,3.0226860591056783,73.0,,,True,,pH 6.8,pH 6.8,,2,yes,False,auto_parsed
02-pH6.8T-亲水凝胶空白制剂-251217-Side-24h-750X-1.mp4,1540,61.6,12.833333333333334,1954059,3.0234550518335137,73.0,,,True,,pH 6.8,pH 6.8,,2,yes,False,auto_parsed
02-pH6.8T-亲水凝胶空白制剂-251217-Side-24h-750X-1.mp4,1560,62.4,13.0,1947973,3.0140383722729385,73.0,,,True,,pH 6.8,pH 6.8,,2,yes,False,auto_parsed
02-pH6.8T-亲水凝胶空白制剂-251217-Side-24h-750X-1.mp4,1580,63.2,13.166666666666666,1947653,3.013543246170509,73.0,,,True,,pH 6.8,pH 6.8,,2,yes,False,auto_parsed
02-pH6.8T-亲水凝胶空白制剂-251217-Side-24h-750X-1.mp4,1600,64.0,13.333333333333334,1935145,2.994190004641807,73.0,,,True,,pH 6.8,pH 6.8,,2,yes,False,auto_parsed
02-pH6.8T-亲水凝胶空白制剂-251217-Side-24h-750X-1.mp4,1620,64.8,13.5,1929893,2.986063747485688,73.0,,,True,,pH 6.8,pH 6.8,,2,yes,False,auto_parsed
02-pH6.8T-亲水凝胶空白制剂-251217-Side-24h-750X-1.mp4,1640,65.6,13.666666666666664,1928210,2.9834596936407243,73.0,,,True,,pH 6.8,pH 6.8,,2,yes,False,auto_parsed
02-pH6.8T-亲水凝胶空白制剂-251217-Side-24h-750X-1.mp4,1660,66.4,13.833333333333336,1924662,2.9779699829800403,73.0,,,True,,pH 6.8,pH 6.8,,2,yes,False,auto_parsed
02-pH6.8T-亲水凝胶空白制剂-251217-Side-24h-750X-1.mp4,1680,67.2,14.0,1921245,2.972682964567538,73.0,,,True,,pH 6.8,pH 6.8,,2,yes,False,auto_parsed
02-pH6.8T-亲水凝胶空白制剂-251217-Side-24h-750X-1.mp4,1700,68.0,14.166666666666666,1920067,2.9708602816029708,73.0,,,True,,pH 6.8,pH 6.8,,2,yes,False,auto_parsed
02-pH6.8T-亲水凝胶空白制剂-251217-Side-24h-750X-1.mp4,1720,68.8,14.333333333333334,1908267,2.9526025065758934,73.0,,,True,,pH 6.8,pH 6.8,,2,yes,False,auto_parsed
02-pH6.8T-亲水凝胶空白制剂-251217-Side-24h-750X-1.mp4,1740,69.6,14.499999999999998,1902997,2.9444483985765126,73.0,,,True,,pH 6.8,pH 6.8,,2,yes,False,auto_parsed
02-pH6.8T-亲水凝胶空白制剂-251217-Side-24h-750X-1.mp4,1760,70.4,14.666666666666668,1894844,2.931833513848058,73.0,,,True,,pH 6.8,pH 6.8,,2,yes,False,auto_parsed
02-pH6.8T-亲水凝胶空白制剂-251217-Side-24h-750X-1.mp4,1780,71.2,14.833333333333334,1892156,2.927674454587653,73.0,,,True,,pH 6.8,pH 6.8,,2,yes,False,auto_parsed
02-pH6.8T-亲水凝胶空白制剂-251217-Side-24h-750X-1.mp4,1800,72.0,15.0,1888016,2.9212687606374748,73.0,,,True,,pH 6.8,pH 6.8,,2,yes,False,auto_parsed
02-pH6.8T-亲水凝胶空白制剂-251217-Side-24h-750X-1.mp4,1820,72.8,15.166666666666666,1879405,2.9079452266749186,73.0,,,True,,pH 6.8,pH 6.8,,2,yes,False,auto_parsed
02-pH6.8T-亲水凝胶空白制剂-251217-Side-24h-750X-1.mp4,1840,73.6,15.333333333333332,1867311,2.8892325545412345,73.0,,,True,,pH 6.8,pH 6.8,,2,yes,False,auto_parsed
02-pH6.8T-亲水凝胶空白制剂-251217-Side-24h-750X-1.mp4,1860,74.4,15.500000000000002,1963901,3.0386832740213525,73.0,,,True,,pH 6.8,pH 6.8,,2,yes,False,auto_parsed
02-pH6.8T-亲水凝胶空白制剂-251217-Side-24h-750X-1.mp4,1880,75.2,15.666666666666666,1850234,2.862809840631286,76.0,,,True,,pH 6.8,pH 6.8,,2,yes,False,auto_parsed
02-pH6.8T-亲水凝胶空白制剂-251217-Side-24h-750X-1.mp4,1900,76.0,15.833333333333334,1839570,2.846309763267832,76.0,,,True,,pH 6.8,pH 6.8,,2,yes,False,auto_parsed
02-pH6.8T-亲水凝胶空白制剂-251217-Side-24h-750X-1.mp4,1920,76.8,16.0,1961600,3.0351230078910723,71.0,,,True,,pH 6.8,pH 6.8,,2,yes,False,auto_parsed
02-pH6.8T-亲水凝胶空白制剂-251217-Side-24h-750X-1.mp4,1940,77.6,16.166666666666664,1927863,2.9829227912734027,71.0,,,True,,pH 6.8,pH 6.8,,2,yes,False,auto_parsed
02-pH6.8T-亲水凝胶空白制剂-251217-Side-24h-750X-1.mp4,1960,78.4,16.333333333333336,1764107,2.729548197431533,71.0,,,True,,pH 6.8,pH 6.8,,2,yes,False,auto_parsed
02-pH6.8T-亲水凝胶空白制剂-251217-Side-24h-750X-1.mp4,1980,79.2,16.5,1752683,2.71187219557481,71.0,,,True,,pH 6.8,pH 6.8,,2,yes,False,auto_parsed
02-pH6.8T-亲水凝胶空白制剂-251217-Side-24h-750X-1.mp4,2000,80.0,16.666666666666668,1732104,2.680030945381402,71.0,,,True,,pH 6.8,pH 6.8,,2,yes,False,auto_parsed
02-pH6.8T-亲水凝胶空白制剂-251217-Side-24h-750X-1.mp4,2020,80.8,16.833333333333332,1714470,2.652746402599412,71.0,,,True,,pH 6.8,pH 6.8,,2,yes,False,auto_parsed
02-pH6.8T-亲水凝胶空白制剂-251217-Side-24h-750X-1.mp4,2040,81.6,16.999999999999996,1702566,2.6343277115890453,71.0,,,True,,pH 6.8,pH 6.8,,2,yes,False,auto_parsed
02-pH6.8T-亲水凝胶空白制剂-251217-Side-24h-750X-1.mp4,2060,82.4,17.166666666666668,1694509,2.62186136469132,71.0,,,True,,pH 6.8,pH 6.8,,2,yes,False,auto_parsed
02-pH6.8T-亲水凝胶空白制剂-251217-Side-24h-750X-1.mp4,2080,83.2,17.333333333333332,1839994,2.846965805353551,71.0,,,True,,pH 6.8,pH 6.8,,2,yes,False,auto_parsed
02-pH6.8T-亲水凝胶空白制剂-251217-Side-24h-750X-1.mp4,2100,84.0,17.5,1675441,2.592358038062819,71.0,,,True,,pH 6.8,pH 6.8,,2,yes,False,auto_parsed
02-pH6.8T-亲水凝胶空白制剂-251217-Side-24h-750X-1.mp4,2120,84.8,17.666666666666668,1818917,2.8143540151632367,71.0,,,True,,pH 6.8,pH 6.8,,2,yes,False,auto_parsed
02-pH6.8T-亲水凝胶空白制剂-251217-Side-24h-750X-1.mp4,2140,85.6,17.833333333333332,1762755,2.72745628964877,71.0,,,True,,pH 6.8,pH 6.8,,2,yes,False,auto_parsed
02-pH6.8T-亲水凝胶空白制剂-251217-Side-24h-750X-1.mp4,2160,86.4,18.000000000000004,1753699,2.713444220950023,71.0,,,True,,pH 6.8,pH 6.8,,2,yes,False,auto_parsed
02-pH6.8T-亲水凝胶空白制剂-251217-Side-24h-750X-1.mp4,2180,87.2,18.166666666666668,1743704,2.697979266594461,71.0,,,True,,pH 6.8,pH 6.8,,2,yes,False,auto_parsed
02-pH6.8T-亲水凝胶空白制剂-251217-Side-24h-750X-1.mp4,2200,88.0,18.33333333333333,1729436,2.6759028315023983,69.0,,,True,,pH 6.8,pH 6.8,,2,yes,False,auto_parsed
02-pH6.8T-亲水凝胶空白制剂-251217-Side-24h-750X-1.mp4,2220,88.8,18.5,1615392,2.4994460776729075,69.0,,,True,,pH 6.8,pH 6.8,,2,yes,False,auto_parsed
02-pH6.8T-亲水凝胶空白制剂-251217-Side-24h-750X-1.mp4,2240,89.6,18.666666666666668,1756772,2.718198978802414,69.0,,,True,,pH 6.8,pH 6.8,,2,yes,False,auto_parsed
02-pH6.8T-亲水凝胶空白制剂-251217-Side-24h-750X-1.mp4,2260,90.4,18.83333333333333,1749245,2.7065526845118364,69.0,,,True,,pH 6.8,pH 6.8,,2,yes,False,auto_parsed
02-pH6.8T-亲水凝胶空白制剂-251217-Side-24h-750X-1.mp4,2280,91.2,19.0,1739460,2.6914126566609933,69.0,,,True,,pH 6.8,pH 6.8,,2,yes,False,auto_parsed
02-pH6.8T-亲水凝胶空白制剂-251217-Side-24h-750X-1.mp4,2300,92.0,19.166666666666668,1725579,2.6699350146990564,69.0,,,True,,pH 6.8,pH 6.8,,2,yes,False,auto_parsed
02-pH6.8T-亲水凝胶空白制剂-251217-Side-24h-750X-1.mp4,2320,92.8,19.33333333333333,1719984,2.6612780442518957,69.0,,,True,,pH 6.8,pH 6.8,,2,yes,False,auto_parsed
02-pH6.8T-亲水凝胶空白制剂-251217-Side-24h-750X-1.mp4,2340,93.6,19.5,1715590,2.6544793439579144,69.0,,,True,,pH 6.8,pH 6.8,,2,yes,False,auto_parsed
02-pH6.8T-亲水凝胶空白制剂-251217-Side-24h-750X-1.mp4,2360,94.4,19.666666666666668,1706711,2.6407411418845737,69.0,,,True,,pH 6.8,pH 6.8,,2,yes,False,auto_parsed
02-pH6.8T-亲水凝胶空白制剂-251217-Side-24h-750X-1.mp4,2380,95.2,19.83333333333333,1690254,2.6152777347980813,70.0,,,True,,pH 6.8,pH 6.8,,2,yes,False,auto_parsed
02-pH6.8T-亲水凝胶空白制剂-251217-Side-24h-750X-1.mp4,2400,96.0,20.0,1687266,2.610654494816649,70.0,,,True,,pH 6.8,pH 6.8,,2,yes,False,auto_parsed
02-pH6.8T-亲水凝胶空白制剂-251217-Side-24h-750X-1.mp4,2420,96.8,20.166666666666668,1680621,2.600372891845892,70.0,,,True,,pH 6.8,pH 6.8,,2,yes,False,auto_parsed
02-pH6.8T-亲水凝胶空白制剂-251217-Side-24h-750X-1.mp4,2440,97.6,20.33333333333333,1680284,2.5998514621692714,70.0,,,True,,pH 6.8,pH 6.8,,2,yes,False,auto_parsed
02-pH6.8T-亲水凝胶空白制剂-251217-Side-24h-750X-1.mp4,2460,98.4,20.5,1675037,2.591732941358502,70.0,,,True,,pH 6.8,pH 6.8,,2,yes,False,auto_parsed
02-pH6.8T-亲水凝胶空白制剂-251217-Side-24h-750X-1.mp4,2480,99.2,20.666666666666668,1669488,2.583147145288565,70.0,,,True,,pH 6.8,pH 6.8,,2,yes,False,auto_parsed
02-pH6.8T-亲水凝胶空白制剂-251217-Side-24h-750X-1.mp4,2500,100.0,20.83333333333333,1668473,2.581576667182423,70.0,,,True,,pH 6.8,pH 6.8,,2,yes,False,auto_parsed
02-pH6.8T-亲水凝胶空白制剂-251217-Side-24h-750X-1.mp4,2520,100.8,21.0,1668126,2.5810397648151016,70.0,,,True,,pH 6.8,pH 6.8,,2,yes,False,auto_parsed
02-pH6.8T-亲水凝胶空白制剂-251217-Side-24h-750X-1.mp4,2540,101.6,21.166666666666668,1663351,2.5736515550054158,70.0,,,True,,pH 6.8,pH 6.8,,2,yes,False,auto_parsed
02-pH6.8T-亲水凝胶空白制剂-251217-Side-24h-750X-1.mp4,2560,102.4,21.33333333333333,1661957,2.571494661921708,70.0,,,True,,pH 6.8,pH 6.8,,2,yes,False,auto_parsed
02-pH6.8T-亲水凝胶空白制剂-251217-Side-24h-750X-1.mp4,2580,103.2,21.5,1654888,2.560557016865233,70.0,,,True,,pH 6.8,pH 6.8,,2,yes,False,auto_parsed
02-pH6.8T-亲水凝胶空白制剂-251217-Side-24h-750X-1.mp4,2600,104.0,21.666666666666668,1651820,2.5558099953581928,70.0,,,True,,pH 6.8,pH 6.8,,2,yes,False,auto_parsed
02-pH6.8T-亲水凝胶空白制剂-251217-Side-24h-750X-1.mp4,2620,104.8,21.83333333333333,1648397,2.55051369333127,70.0,,,True,,pH 6.8,pH 6.8,,2,yes,False,auto_parsed
02-pH6.8T-亲水凝胶空白制剂-251217-Side-24h-750X-1.mp4,2640,105.6,22.0,1645734,2.546393315797617,70.0,,,True,,pH 6.8,pH 6.8,,2,yes,False,auto_parsed
02-pH6.8T-亲水凝胶空白制剂-251217-Side-24h-750X-1.mp4,2660,106.4,22.166666666666668,1645449,2.5459523441126413,70.0,,,True,,pH 6.8,pH 6.8,,2,yes,False,auto_parsed
02-pH6.8T-亲水凝胶空白制剂-251217-Side-24h-750X-1.mp4,2680,107.2,22.33333333333333,1639112,2.5361473000154726,70.0,,,True,,pH 6.8,pH 6.8,,2,yes,False,auto_parsed
02-pH6.8T-亲水凝胶空白制剂-251217-Side-24h-750X-1.mp4,2700,108.0,22.5,1628054,2.5190375986384037,70.0,,,True,,pH 6.8,pH 6.8,,2,yes,False,auto_parsed
02-pH6.8T-亲水凝胶空白制剂-251217-Side-24h-750X-1.mp4,2720,108.8,22.666666666666668,1628227,2.519305276187529,70.0,,,True,,pH 6.8,pH 6.8,,2,yes,False,auto_parsed
02-pH6.8T-亲水凝胶空白制剂-251217-Side-24h-750X-1.mp4,2740,109.6,22.83333333333333,1621488,2.508878229924184,70.0,,,True,,pH 6.8,pH 6.8,,2,yes,False,auto_parsed
02-pH6.8T-亲水凝胶空白制剂-251217-Side-24h-750X-1.mp4,2760,110.4,23.0,1679636,2.598848831811852,70.0,,,True,,pH 6.8,pH 6.8,,2,yes,False,auto_parsed
02-pH6.8T-亲水凝胶空白制剂-251217-Side-24h-750X-1.mp4,2780,111.2,23.166666666666668,1666577,2.57864304502553,70.0,,,True,,pH 6.8,pH 6.8,,2,yes,False,auto_parsed
02-pH6.8T-亲水凝胶空白制剂-251217-Side-24h-750X-1.mp4,2800,112.0,23.33333333333333,1605491,2.484126566609933,70.0,,,True,,pH 6.8,pH 6.8,,2,yes,False,auto_parsed
02-pH6.8T-亲水凝胶空白制剂-251217-Side-24h-750X-1.mp4,2820,112.8,23.5,1662420,2.5722110475011606,70.0,,,True,,pH 6.8,pH 6.8,,2,yes,False,auto_parsed
02-pH6.8T-亲水凝胶空白制剂-251217-Side-24h-750X-1.mp4,2840,113.6,23.666666666666668,1652181,2.556368559492496,70.0,,,True,,pH 6.8,pH 6.8,,2,yes,False,auto_parsed
02-pH6.8T-亲水凝胶空白制剂-251217-Side-24h-750X-1.mp4,2860,114.4,23.83333333333333,1653639,2.558624477796689,70.0,,,True,,pH 6.8,pH 6.8,,2,yes,False,auto_parsed
02-pH6.8T-亲水凝胶空白制剂-251217-Side-24h-750X-1.mp4,2879,115.16,23.991666666666667,1644996,2.54525143122389,70.0,,,True,,pH 6.8,pH 6.8,,2,yes,False,auto_parsed
03-pH1.2T-亲水凝胶空白制剂-251203-Side-24h-750X-2.mp4,0,0.0,0.0,730184,1.0,107.0,,,True,,pH 1.2,pH 1.2,,3,yes,False,auto_parsed
03-pH1.2T-亲水凝胶空白制剂-251203-Side-24h-750X-2.mp4,20,0.8,0.1666666666666666,920051,1.2600262399614344,105.0,,,True,,pH 1.2,pH 1.2,,3,yes,False,auto_parsed
03-pH1.2T-亲水凝胶空白制剂-251203-Side-24h-750X-2.mp4,40,1.6,0.3333333333333333,1076346,1.47407502766426,106.0,,,True,,pH 1.2,pH 1.2,,3,yes,False,auto_parsed
03-pH1.2T-亲水凝胶空白制剂-251203-Side-24h-750X-2.mp4,60,2.4,0.5,1153646,1.579938755163082,106.0,,,True,,pH 1.2,pH 1.2,,3,yes,False,auto_parsed
03-pH1.2T-亲水凝胶空白制剂-251203-Side-24h-750X-2.mp4,80,3.2,0.6666666666666666,1228464,1.6824033394322526,105.0,,,True,,pH 1.2,pH 1.2,,3,yes,False,auto_parsed
03-pH1.2T-亲水凝胶空白制剂-251203-Side-24h-750X-2.mp4,100,4.0,0.8333333333333334,1289480,1.7659658387474937,105.0,,,True,,pH 1.2,pH 1.2,,3,yes,False,auto_parsed
03-pH1.2T-亲水凝胶空白制剂-251203-Side-24h-750X-2.mp4,120,4.8,1.0,1333423,1.8261465603190428,106.0,,,True,,pH 1.2,pH 1.2,,3,yes,False,auto_parsed
03-pH1.2T-亲水凝胶空白制剂-251203-Side-24h-750X-2.mp4,140,5.6,1.1666666666666667,1372868,1.8801671907354855,106.0,,,True,,pH 1.2,pH 1.2,,3,yes,False,auto_parsed
03-pH1.2T-亲水凝胶空白制剂-251203-Side-24h-750X-2.mp4,160,6.4,1.3333333333333333,1415703,1.9388304865622912,106.0,,,True,,pH 1.2,pH 1.2,,3,yes,False,auto_parsed
03-pH1.2T-亲水凝胶空白制剂-251203-Side-24h-750X-2.mp4,180,7.2,1.5,1445169,1.9791846986512989,106.0,,,True,,pH 1.2,pH 1.2,,3,yes,False,auto_parsed
03-pH1.2T-亲水凝胶空白制剂-251203-Side-24h-750X-2.mp4,200,8.0,1.6666666666666667,1472982,2.0172750977835725,106.0,,,True,,pH 1.2,pH 1.2,,3,yes,False,auto_parsed
03-pH1.2T-亲水凝胶空白制剂-251203-Side-24h-750X-2.mp4,220,8.8,1.8333333333333333,1509916,2.067856868953579,106.0,,,True,,pH 1.2,pH 1.2,,3,yes,False,auto_parsed
03-pH1.2T-亲水凝胶空白制剂-251203-Side-24h-750X-2.mp4,240,9.6,2.0,1541850,2.111591051022756,106.0,,,True,,pH 1.2,pH 1.2,,3,yes,False,auto_parsed
03-pH1.2T-亲水凝胶空白制剂-251203-Side-24h-750X-2.mp4,260,10.4,2.1666666666666665,1569788,2.14985263988255,106.0,,,True,,pH 1.2,pH 1.2,,3,yes,False,auto_parsed
03-pH1.2T-亲水凝胶空白制剂-251203-Side-24h-750X-2.mp4,280,11.2,2.333333333333333,1597103,2.187261019140381,107.0,,,True,,pH 1.2,pH 1.2,,3,yes,False,auto_parsed
03-pH1.2T-亲水凝胶空白制剂-251203-Side-24h-750X-2.mp4,300,12.0,2.5,1631145,2.233882144774468,107.0,,,True,,pH 1.2,pH 1.2,,3,yes,False,auto_parsed
03-pH1.2T-亲水凝胶空白制剂-251203-Side-24h-750X-2.mp4,320,12.8,2.6666666666666665,1658546,2.271408302564833,107.0,,,True,,pH 1.2,pH 1.2,,3,yes,False,auto_parsed
03-pH1.2T-亲水凝胶空白制剂-251203-Side-24h-750X-2.mp4,340,13.6,2.833333333333333,1682598,2.3043479451754627,107.0,,,True,,pH 1.2,pH 1.2,,3,yes,False,auto_parsed
03-pH1.2T-亲水凝胶空白制剂-251203-Side-24h-750X-2.mp4,360,14.4,3.0,1706145,2.3365959812869086,108.0,,,True,,pH 1.2,pH 1.2,,3,yes,False,auto_parsed
03-pH1.2T-亲水凝胶空白制剂-251203-Side-24h-750X-2.mp4,380,15.2,3.1666666666666665,1733214,2.3736674591609788,108.0,,,True,,pH 1.2,pH 1.2,,3,yes,False,auto_parsed
03-pH1.2T-亲水凝胶空白制剂-251203-Side-24h-750X-2.mp4,400,16.0,3.333333333333333,1759151,2.409188642862621,108.0,,,True,,pH 1.2,pH 1.2,,3,yes,False,auto_parsed
03-pH1.2T-亲水凝胶空白制剂-251203-Side-24h-750X-2.mp4,420,16.8,3.5,1783864,2.44303353675238,108.0,,,True,,pH 1.2,pH 1.2,,3,yes,False,auto_parsed
03-pH1.2T-亲水凝胶空白制剂-251203-Side-24h-750X-2.mp4,440,17.6,3.666666666666667,1805569,2.4727589210390803,108.0,,,True,,pH 1.2,pH 1.2,,3,yes,False,auto_parsed
03-pH1.2T-亲水凝胶空白制剂-251203-Side-24h-750X-2.mp4,460,18.4,3.833333333333333,1842179,2.522896968435353,108.0,,,True,,pH 1.2,pH 1.2,,3,yes,False,auto_parsed
03-pH1.2T-亲水凝胶空白制剂-251203-Side-24h-750X-2.mp4,480,19.2,4.0,1863060,2.551493870038237,108.0,,,True,,pH 1.2,pH 1.2,,3,yes,False,auto_parsed
03-pH1.2T-亲水凝胶空白制剂-251203-Side-24h-750X-2.mp4,500,20.0,4.166666666666667,1884295,2.5805755809494597,108.0,,,True,,pH 1.2,pH 1.2,,3,yes,False,auto_parsed
03-pH1.2T-亲水凝胶空白制剂-251203-Side-24h-750X-2.mp4,520,20.8,4.333333333333333,1942134,2.6597871221500333,108.0,,,True,,pH 1.2,pH 1.2,,3,yes,False,auto_parsed
03-pH1.2T-亲水凝胶空白制剂-251203-Side-24h-750X-2.mp4,540,21.6,4.500000000000001,1963505,2.6890550874847983,108.0,,,True,,pH 1.2,pH 1.2,,3,yes,False,auto_parsed
03-pH1.2T-亲水凝胶空白制剂-251203-Side-24h-750X-2.mp4,560,22.4,4.666666666666667,1980387,2.712175287324839,108.0,,,True,,pH 1.2,pH 1.2,,3,yes,False,auto_parsed
03-pH1.2T-亲水凝胶空白制剂-251203-Side-24h-750X-2.mp4,580,23.2,4.833333333333333,2005547,2.746632355680212,107.0,,,True,,pH 1.2,pH 1.2,,3,yes,False,auto_parsed
03-pH1.2T-亲水凝胶空白制剂-251203-Side-24h-750X-2.mp4,600,24.0,5.0,2022204,2.769444414010715,107.0,,,True,,pH 1.2,pH 1.2,,3,yes,False,auto_parsed
03-pH1.2T-亲水凝胶空白制剂-251203-Side-24h-750X-2.mp4,620,24.8,5.166666666666667,2035609,2.787802800390039,107.0,,,True,,pH 1.2,pH 1.2,,3,yes,False,auto_parsed
03-pH1.2T-亲水凝胶空白制剂-251203-Side-24h-750X-2.mp4,640,25.6,5.333333333333333,2046992,2.803392021736987,106.0,,,True,,pH 1.2,pH 1.2,,3,yes,False,auto_parsed
03-pH1.2T-亲水凝胶空白制剂-251203-Side-24h-750X-2.mp4,660,26.4,5.5,2059682,2.820771202874892,106.0,,,True,,pH 1.2,pH 1.2,,3,yes,False,auto_parsed
03-pH1.2T-亲水凝胶空白制剂-251203-Side-24h-750X-2.mp4,680,27.2,5.666666666666667,2072892,2.838862533279283,106.0,,,True,,pH 1.2,pH 1.2,,3,yes,False,auto_parsed
03-pH1.2T-亲水凝胶空白制剂-251203-Side-24h-750X-2.mp4,700,28.0,5.833333333333333,2097079,2.871987060795635,106.0,,,True,,pH 1.2,pH 1.2,,3,yes,False,auto_parsed
03-pH1.2T-亲水凝胶空白制剂-251203-Side-24h-750X-2.mp4,720,28.8,6.0,2113757,2.8948278790003616,106.0,,,True,,pH 1.2,pH 1.2,,3,yes,False,auto_parsed
03-pH1.2T-亲水凝胶空白制剂-251203-Side-24h-750X-2.mp4,740,29.6,6.166666666666667,2126541,2.912335794813362,106.0,,,True,,pH 1.2,pH 1.2,,3,yes,False,auto_parsed
03-pH1.2T-亲水凝胶空白制剂-251203-Side-24h-750X-2.mp4,760,30.4,6.333333333333333,2141167,2.9323663624511083,106.0,,,True,,pH 1.2,pH 1.2,,3,yes,False,auto_parsed
03-pH1.2T-亲水凝胶空白制剂-251203-Side-24h-750X-2.mp4,780,31.2,6.5,2155378,2.9518285801934856,106.0,,,True,,pH 1.2,pH 1.2,,3,yes,False,auto_parsed
03-pH1.2T-亲水凝胶空白制剂-251203-Side-24h-750X-2.mp4,800,32.0,6.666666666666667,2164553,2.964393906193507,106.0,,,True,,pH 1.2,pH 1.2,,3,yes,False,auto_parsed
03-pH1.2T-亲水凝胶空白制剂-251203-Side-24h-750X-2.mp4,820,32.8,6.833333333333332,2176166,2.980298116639094,106.0,,,True,,pH 1.2,pH 1.2,,3,yes,False,auto_parsed
03-pH1.2T-亲水凝胶空白制剂-251203-Side-24h-750X-2.mp4,840,33.6,7.0,2183255,2.990006628466249,106.0,,,True,,pH 1.2,pH 1.2,,3,yes,False,auto_parsed
03-pH1.2T-亲水凝胶空白制剂-251203-Side-24h-750X-2.mp4,860,34.4,7.166666666666667,2194945,3.0060162917839888,106.0,,,True,,pH 1.2,pH 1.2,,3,yes,False,auto_parsed
03-pH1.2T-亲水凝胶空白制剂-251203-Side-24h-750X-2.mp4,880,35.2,7.333333333333334,2205304,3.020203126883087,106.0,,,True,,pH 1.2,pH 1.2,,3,yes,False,auto_parsed
03-pH1.2T-亲水凝胶空白制剂-251203-Side-24h-750X-2.mp4,900,36.0,7.5,2211467,3.028643465208769,106.0,,,True,,pH 1.2,pH 1.2,,3,yes,False,auto_parsed
03-pH1.2T-亲水凝胶空白制剂-251203-Side-24h-750X-2.mp4,920,36.8,7.666666666666666,2220097,3.0404624039968007,106.0,,,True,,pH 1.2,pH 1.2,,3,yes,False,auto_parsed
03-pH1.2T-亲水凝胶空白制剂-251203-Side-24h-750X-2.mp4,940,37.6,7.833333333333333,2218053,3.0376631095723816,106.0,,,True,,pH 1.2,pH 1.2,,3,yes,False,auto_parsed
03-pH1.2T-亲水凝胶空白制剂-251203-Side-24h-750X-2.mp4,960,38.4,8.0,2236194,3.062507532348011,106.0,,,True,,pH 1.2,pH 1.2,,3,yes,False,auto_parsed
03-pH1.2T-亲水凝胶空白制剂-251203-Side-24h-750X-2.mp4,980,39.2,8.166666666666668,2233314,3.0585633210259333,106.0,,,True,,pH 1.2,pH 1.2,,3,yes,False,auto_parsed
03-pH1.2T-亲水凝胶空白制剂-251203-Side-24h-750X-2.mp4,1000,40.0,8.333333333333334,2234943,3.060794265554984,106.0,,,True,,pH 1.2,pH 1.2,,3,yes,False,auto_parsed
03-pH1.2T-亲水凝胶空白制剂-251203-Side-24h-750X-2.mp4,1020,40.8,8.499999999999998,2203050,3.017116233716433,106.0,,,True,,pH 1.2,pH 1.2,,3,yes,False,auto_parsed
03-pH1.2T-亲水凝胶空白制剂-251203-Side-24h-750X-2.mp4,1040,41.6,8.666666666666666,2208076,3.0239994302805866,105.0,,,True,,pH 1.2,pH 1.2,,3,yes,False,auto_parsed
03-pH1.2T-亲水凝胶空白制剂-251203-Side-24h-750X-2.mp4,1060,42.4,8.833333333333334,2211936,3.029285769066427,106.0,,,True,,pH 1.2,pH 1.2,,3,yes,False,auto_parsed
03-pH1.2T-亲水凝胶空白制剂-251203-Side-24h-750X-2.mp4,1080,43.2,9.000000000000002,2215436,3.034079081437008,105.0,,,True,,pH 1.2,pH 1.2,,3,yes,False,auto_parsed
03-pH1.2T-亲水凝胶空白制剂-251203-Side-24h-750X-2.mp4,1100,44.0,9.166666666666666,2253985,3.086872623886582,105.0,,,True,,pH 1.2,pH 1.2,,3,yes,False,auto_parsed
03-pH1.2T-亲水凝胶空白制剂-251203-Side-24h-750X-2.mp4,1120,44.8,9.333333333333334,2219804,3.0400611352754923,105.0,,,True,,pH 1.2,pH 1.2,,3,yes,False,auto_parsed
03-pH1.2T-亲水凝胶空白制剂-251203-Side-24h-750X-2.mp4,1140,45.6,9.5,2207353,3.023009268896607,103.0,,,True,,pH 1.2,pH 1.2,,3,yes,False,auto_parsed
03-pH1.2T-亲水凝胶空白制剂-251203-Side-24h-750X-2.mp4,1160,46.4,9.666666666666666,2198371,3.010708259835877,105.0,,,True,,pH 1.2,pH 1.2,,3,yes,False,auto_parsed
03-pH1.2T-亲水凝胶空白制剂-251203-Side-24h-750X-2.mp4,1180,47.2,9.833333333333334,2196296,3.0078665103590327,103.0,,,True,,pH 1.2,pH 1.2,,3,yes,False,auto_parsed
03-pH1.2T-亲水凝胶空白制剂-251203-Side-24h-750X-2.mp4,1200,48.0,10.0,2192850,3.003147151950741,103.0,,,True,,pH 1.2,pH 1.2,,3,yes,False,auto_parsed
03-pH1.2T-亲水凝胶空白制剂-251203-Side-24h-750X-2.mp4,1220,48.8,10.166666666666666,2191348,3.001090136184852,103.0,,,True,,pH 1.2,pH 1.2,,3,yes,False,auto_parsed
03-pH1.2T-亲水凝胶空白制剂-251203-Side-24h-750X-2.mp4,1240,49.6,10.333333333333334,2186138,2.993954948341788,103.0,,,True,,pH 1.2,pH 1.2,,3,yes,False,auto_parsed
03-pH1.2T-亲水凝胶空白制剂-251203-Side-24h-750X-2.mp4,1260,50.4,10.5,2185506,2.993089413079443,103.0,,,True,,pH 1.2,pH 1.2,,3,yes,False,auto_parsed
03-pH1.2T-亲水凝胶空白制剂-251203-Side-24h-750X-2.mp4,1280,51.2,10.666666666666666,2169905,2.9717235655670358,103.0,,,True,,pH 1.2,pH 1.2,,3,yes,False,auto_parsed
03-pH1.2T-亲水凝胶空白制剂-251203-Side-24h-750X-2.mp4,1300,52.0,10.833333333333334,2156767,2.953730840445696,103.0,,,True,,pH 1.2,pH 1.2,,3,yes,False,auto_parsed
03-pH1.2T-亲水凝胶空白制剂-251203-Side-24h-750X-2.mp4,1320,52.8,11.0,2150234,2.9447837805265524,103.0,,,True,,pH 1.2,pH 1.2,,3,yes,False,auto_parsed
03-pH1.2T-亲水凝胶空白制剂-251203-Side-24h-750X-2.mp4,1340,53.6,11.166666666666666,2143610,2.935712094485773,103.0,,,True,,pH 1.2,pH 1.2,,3,yes,False,auto_parsed
03-pH1.2T-亲水凝胶空白制剂-251203-Side-24h-750X-2.mp4,1360,54.4,11.333333333333334,2136858,2.9264651101640133,103.0,,,True,,pH 1.2,pH 1.2,,3,yes,False,auto_parsed
03-pH1.2T-亲水凝胶空白制剂-251203-Side-24h-750X-2.mp4,1380,55.2,11.5,2131589,2.9192491207695594,103.0,,,True,,pH 1.2,pH 1.2,,3,yes,False,auto_parsed
03-pH1.2T-亲水凝胶空白制剂-251203-Side-24h-750X-2.mp4,1400,56.0,11.666666666666666,2123644,2.9083683016883417,103.0,,,True,,pH 1.2,pH 1.2,,3,yes,False,auto_parsed
03-pH1.2T-亲水凝胶空白制剂-251203-Side-24h-750X-2.mp4,1420,56.8,11.833333333333334,2118418,2.9012112015601548,103.0,,,True,,pH 1.2,pH 1.2,,3,yes,False,auto_parsed
03-pH1.2T-亲水凝胶空白制剂-251203-Side-24h-750X-2.mp4,1440,57.6,12.0,2107254,2.885921904615823,103.0,,,True,,pH 1.2,pH 1.2,,3,yes,False,auto_parsed
03-pH1.2T-亲水凝胶空白制剂-251203-Side-24h-750X-2.mp4,1460,58.4,12.166666666666666,2096728,2.871506360040757,103.0,,,True,,pH 1.2,pH 1.2,,3,yes,False,auto_parsed
03-pH1.2T-亲水凝胶空白制剂-251203-Side-24h-750X-2.mp4,1480,59.2,12.333333333333334,2079406,2.847783572359844,102.0,,,True,,pH 1.2,pH 1.2,,3,yes,False,auto_parsed
03-pH1.2T-亲水凝胶空白制剂-251203-Side-24h-750X-2.mp4,1500,60.0,12.5,2059946,2.8211327555794155,102.0,,,True,,pH 1.2,pH 1.2,,3,yes,False,auto_parsed
03-pH1.2T-亲水凝胶空白制剂-251203-Side-24h-750X-2.mp4,1520,60.8,12.666666666666666,2049956,2.8074512725559586,102.0,,,True,,pH 1.2,pH 1.2,,3,yes,False,auto_parsed
03-pH1.2T-亲水凝胶空白制剂-251203-Side-24h-750X-2.mp4,1540,61.6,12.833333333333334,2031676,2.782416486803326,102.0,,,True,,pH 1.2,pH 1.2,,3,yes,False,auto_parsed
03-pH1.2T-亲水凝胶空白制剂-251203-Side-24h-750X-2.mp4,1560,62.4,13.0,2015438,2.760178256439473,102.0,,,True,,pH 1.2,pH 1.2,,3,yes,False,auto_parsed
03-pH1.2T-亲水凝胶空白制剂-251203-Side-24h-750X-2.mp4,1580,63.2,13.166666666666666,2004067,2.7446054693063666,102.0,,,True,,pH 1.2,pH 1.2,,3,yes,False,auto_parsed
03-pH1.2T-亲水凝胶空白制剂-251203-Side-24h-750X-2.mp4,1600,64.0,13.333333333333334,1988281,2.722986260997228,101.0,,,True,,pH 1.2,pH 1.2,,3,yes,False,auto_parsed
03-pH1.2T-亲水凝胶空白制剂-251203-Side-24h-750X-2.mp4,1620,64.8,13.5,1974130,2.703606214324061,101.0,,,True,,pH 1.2,pH 1.2,,3,yes,False,auto_parsed
03-pH1.2T-亲水凝胶空白制剂-251203-Side-24h-750X-2.mp4,1640,65.6,13.666666666666664,1976258,2.706520548245374,101.0,,,True,,pH 1.2,pH 1.2,,3,yes,False,auto_parsed
03-pH1.2T-亲水凝胶空白制剂-251203-Side-24h-750X-2.mp4,1660,66.4,13.833333333333336,1957405,2.6807010287817863,101.0,,,True,,pH 1.2,pH 1.2,,3,yes,False,auto_parsed
03-pH1.2T-亲水凝胶空白制剂-251203-Side-24h-750X-2.mp4,1680,67.2,14.0,1938867,2.655312907431552,101.0,,,True,,pH 1.2,pH 1.2,,3,yes,False,auto_parsed
03-pH1.2T-亲水凝胶空白制剂-251203-Side-24h-750X-2.mp4,1700,68.0,14.166666666666666,1923326,2.6340292309883537,101.0,,,True,,pH 1.2,pH 1.2,,3,yes,False,auto_parsed
03-pH1.2T-亲水凝胶空白制剂-251203-Side-24h-750X-2.mp4,1720,68.8,14.333333333333334,1906642,2.611180195676706,101.0,,,True,,pH 1.2,pH 1.2,,3,yes,False,auto_parsed
03-pH1.2T-亲水凝胶空白制剂-251203-Side-24h-750X-2.mp4,1740,69.6,14.499999999999998,1906272,2.610673474083245,101.0,,,True,,pH 1.2,pH 1.2,,3,yes,False,auto_parsed
03-pH1.2T-亲水凝胶空白制剂-251203-Side-24h-750X-2.mp4,1760,70.4,14.666666666666668,1893965,2.593818818270463,101.0,,,True,,pH 1.2,pH 1.2,,3,yes,False,auto_parsed
03-pH1.2T-亲水凝胶空白制剂-251203-Side-24h-750X-2.mp4,1780,71.2,14.833333333333334,1880848,2.575854853023348,101.0,,,True,,pH 1.2,pH 1.2,,3,yes,False,auto_parsed
03-pH1.2T-亲水凝胶空白制剂-251203-Side-24h-750X-2.mp4,1800,72.0,15.0,1862573,2.550826914859816,101.0,,,True,,pH 1.2,pH 1.2,,3,yes,False,auto_parsed
03-pH1.2T-亲水凝胶空白制剂-251203-Side-24h-750X-2.mp4,1820,72.8,15.166666666666666,1849771,2.533294347726053,101.0,,,True,,pH 1.2,pH 1.2,,3,yes,False,auto_parsed
03-pH1.2T-亲水凝胶空白制剂-251203-Side-24h-750X-2.mp4,1840,73.6,15.333333333333332,1842650,2.5235420113286517,100.0,,,True,,pH 1.2,pH 1.2,,3,yes,False,auto_parsed
03-pH1.2T-亲水凝胶空白制剂-251203-Side-24h-750X-2.mp4,1860,74.4,15.500000000000002,1831220,2.507888422644156,100.0,,,True,,pH 1.2,pH 1.2,,3,yes,False,auto_parsed
03-pH1.2T-亲水凝胶空白制剂-251203-Side-24h-750X-2.mp4,1880,75.2,15.666666666666666,1813738,2.4839465121120154,100.0,,,True,,pH 1.2,pH 1.2,,3,yes,False,auto_parsed
03-pH1.2T-亲水凝胶空白制剂-251203-Side-24h-750X-2.mp4,1900,76.0,15.833333333333334,1796634,2.4605222793158985,100.0,,,True,,pH 1.2,pH 1.2,,3,yes,False,auto_parsed
03-pH1.2T-亲水凝胶空白制剂-251203-Side-24h-750X-2.mp4,1920,76.8,16.0,1784511,2.443919614782028,100.0,,,True,,pH 1.2,pH 1.2,,3,yes,False,auto_parsed
03-pH1.2T-亲水凝胶空白制剂-251203-Side-24h-750X-2.mp4,1940,77.6,16.166666666666664,1767517,2.4206460289461287,100.0,,,True,,pH 1.2,pH 1.2,,3,yes,False,auto_parsed
03-pH1.2T-亲水凝胶空白制剂-251203-Side-24h-750X-2.mp4,1960,78.4,16.333333333333336,1755917,2.4047596222322043,100.0,,,True,,pH 1.2,pH 1.2,,3,yes,False,auto_parsed
03-pH1.2T-亲水凝胶空白制剂-251203-Side-24h-750X-2.mp4,1980,79.2,16.5,1740315,2.3833924052019766,100.0,,,True,,pH 1.2,pH 1.2,,3,yes,False,auto_parsed
03-pH1.2T-亲水凝胶空白制剂-251203-Side-24h-750X-2.mp4,2000,80.0,16.666666666666668,1728010,2.3665404884248358,100.0,,,True,,pH 1.2,pH 1.2,,3,yes,False,auto_parsed
03-pH1.2T-亲水凝胶空白制剂-251203-Side-24h-750X-2.mp4,2020,80.8,16.833333333333332,1708558,2.3399006277869687,100.0,,,True,,pH 1.2,pH 1.2,,3,yes,False,auto_parsed
03-pH1.2T-亲水凝胶空白制剂-251203-Side-24h-750X-2.mp4,2040,81.6,16.999999999999996,1697030,2.3241128263560964,100.0,,,True,,pH 1.2,pH 1.2,,3,yes,False,auto_parsed
03-pH1.2T-亲水凝胶空白制剂-251203-Side-24h-750X-2.mp4,2060,82.4,17.166666666666668,1681395,2.302700415237803,100.0,,,True,,pH 1.2,pH 1.2,,3,yes,False,auto_parsed
03-pH1.2T-亲水凝胶空白制剂-251203-Side-24h-750X-2.mp4,2080,83.2,17.333333333333332,1662628,2.2769986743067503,100.0,,,True,,pH 1.2,pH 1.2,,3,yes,False,auto_parsed
03-pH1.2T-亲水凝胶空白制剂-251203-Side-24h-750X-2.mp4,2100,84.0,17.5,1641611,2.248215518280324,100.0,,,True,,pH 1.2,pH 1.2,,3,yes,False,auto_parsed
03-pH1.2T-亲水凝胶空白制剂-251203-Side-24h-750X-2.mp4,2120,84.8,17.666666666666668,1628532,2.2303035947103744,100.0,,,True,,pH 1.2,pH 1.2,,3,yes,False,auto_parsed
03-pH1.2T-亲水凝胶空白制剂-251203-Side-24h-750X-2.mp4,2140,85.6,17.833333333333332,1614098,2.2105359744941,99.0,,,True,,pH 1.2,pH 1.2,,3,yes,False,auto_parsed
03-pH1.2T-亲水凝胶空白制剂-251203-Side-24h-750X-2.mp4,2160,86.4,18.000000000000004,1599484,2.190521841070196,99.0,,,True,,pH 1.2,pH 1.2,,3,yes,False,auto_parsed
03-pH1.2T-亲水凝胶空白制剂-251203-Side-24h-750X-2.mp4,2180,87.2,18.166666666666668,1585211,2.1709747132229684,99.0,,,True,,pH 1.2,pH 1.2,,3,yes,False,auto_parsed
03-pH1.2T-亲水凝胶空白制剂-251203-Side-24h-750X-2.mp4,2200,88.0,18.33333333333333,1568693,2.1483530178694683,99.0,,,True,,pH 1.2,pH 1.2,,3,yes,False,auto_parsed
03-pH1.2T-亲水凝胶空白制剂-251203-Side-24h-750X-2.mp4,2220,88.8,18.5,1556364,2.1314682326646435,99.0,,,True,,pH 1.2,pH 1.2,,3,yes,False,auto_parsed
03-pH1.2T-亲水凝胶空白制剂-251203-Side-24h-750X-2.mp4,2240,89.6,18.666666666666668,1539506,2.108380901252287,99.0,,,True,,pH 1.2,pH 1.2,,3,yes,False,auto_parsed
03-pH1.2T-亲水凝胶空白制剂-251203-Side-24h-750X-2.mp4,2260,90.4,18.83333333333333,1523234,2.086096107282548,99.0,,,True,,pH 1.2,pH 1.2,,3,yes,False,auto_parsed
03-pH1.2T-亲水凝胶空白制剂-251203-Side-24h-750X-2.mp4,2280,91.2,19.0,1506109,2.0626431146122077,99.0,,,True,,pH 1.2,pH 1.2,,3,yes,False,auto_parsed
03-pH1.2T-亲水凝胶空白制剂-251203-Side-24h-750X-2.mp4,2300,92.0,19.166666666666668,1489638,2.040085786596255,99.0,,,True,,pH 1.2,pH 1.2,,3,yes,False,auto_parsed
03-pH1.2T-亲水凝胶空白制剂-251203-Side-24h-750X-2.mp4,2320,92.8,19.33333333333333,1478637,2.0250197210566103,99.0,,,True,,pH 1.2,pH 1.2,,3,yes,False,auto_parsed
03-pH1.2T-亲水凝胶空白制剂-251203-Side-24h-750X-2.mp4,2340,93.6,19.5,1464445,2.0055835241528164,99.0,,,True,,pH 1.2,pH 1.2,,3,yes,False,auto_parsed
03-pH1.2T-亲水凝胶空白制剂-251203-Side-24h-750X-2.mp4,2360,94.4,19.666666666666668,1449547,1.985180447667985,99.0,,,True,,pH 1.2,pH 1.2,,3,yes,False,auto_parsed
03-pH1.2T-亲水凝胶空白制剂-251203-Side-24h-750X-2.mp4,2380,95.2,19.83333333333333,1433108,1.9626669442222784,99.0,,,True,,pH 1.2,pH 1.2,,3,yes,False,auto_parsed
03-pH1.2T-亲水凝胶空白制剂-251203-Side-24h-750X-2.mp4,2400,96.0,20.0,1416283,1.9396248068979876,98.0,,,True,,pH 1.2,pH 1.2,,3,yes,False,auto_parsed
03-pH1.2T-亲水凝胶空白制剂-251203-Side-24h-750X-2.mp4,2420,96.8,20.166666666666668,1402244,1.9203981462206787,98.0,,,True,,pH 1.2,pH 1.2,,3,yes,False,auto_parsed
03-pH1.2T-亲水凝胶空白制剂-251203-Side-24h-750X-2.mp4,2440,97.6,20.33333333333333,1385127,1.8969561096928995,98.0,,,True,,pH 1.2,pH 1.2,,3,yes,False,auto_parsed
03-pH1.2T-亲水凝胶空白制剂-251203-Side-24h-750X-2.mp4,2460,98.4,20.5,1369942,1.8761599815936805,98.0,,,True,,pH 1.2,pH 1.2,,3,yes,False,auto_parsed
03-pH1.2T-亲水凝胶空白制剂-251203-Side-24h-750X-2.mp4,2480,99.2,20.666666666666668,1350941,1.8501377734927087,98.0,,,True,,pH 1.2,pH 1.2,,3,yes,False,auto_parsed
03-pH1.2T-亲水凝胶空白制剂-251203-Side-24h-750X-2.mp4,2500,100.0,20.83333333333333,1339905,1.835023774829358,100.0,,,True,,pH 1.2,pH 1.2,,3,yes,False,auto_parsed
03-pH1.2T-亲水凝胶空白制剂-251203-Side-24h-750X-2.mp4,2520,100.8,21.0,1320599,1.808583863793236,100.0,,,True,,pH 1.2,pH 1.2,,3,yes,False,auto_parsed
03-pH1.2T-亲水凝胶空白制剂-251203-Side-24h-750X-2.mp4,2540,101.6,21.166666666666668,1299093,1.7791310135527485,99.0,,,True,,pH 1.2,pH 1.2,,3,yes,False,auto_parsed
03-pH1.2T-亲水凝胶空白制剂-251203-Side-24h-750X-2.mp4,2560,102.4,21.33333333333333,1283529,1.757815838199687,99.0,,,True,,pH 1.2,pH 1.2,,3,yes,False,auto_parsed
03-pH1.2T-亲水凝胶空白制剂-251203-Side-24h-750X-2.mp4,2580,103.2,21.5,1268609,1.737382632322812,99.0,,,True,,pH 1.2,pH 1.2,,3,yes,False,auto_parsed
03-pH1.2T-亲水凝胶空白制剂-251203-Side-24h-750X-2.mp4,2600,104.0,21.666666666666668,1253614,1.7168467126094245,99.0,,,True,,pH 1.2,pH 1.2,,3,yes,False,auto_parsed
03-pH1.2T-亲水凝胶空白制剂-251203-Side-24h-750X-2.mp4,2620,104.8,21.83333333333333,1240484,1.6988649436306464,99.0,,,True,,pH 1.2,pH 1.2,,3,yes,False,auto_parsed
03-pH1.2T-亲水凝胶空白制剂-251203-Side-24h-750X-2.mp4,2640,105.6,22.0,1230629,1.6853683455129118,98.0,,,True,,pH 1.2,pH 1.2,,3,yes,False,auto_parsed
03-pH1.2T-亲水凝胶空白制剂-251203-Side-24h-750X-2.mp4,2660,106.4,22.166666666666668,1216794,1.666421066470917,98.0,,,True,,pH 1.2,pH 1.2,,3,yes,False,auto_parsed
03-pH1.2T-亲水凝胶空白制剂-251203-Side-24h-750X-2.mp4,2680,107.2,22.33333333333333,1197992,1.6406713924161582,98.0,,,True,,pH 1.2,pH 1.2,,3,yes,False,auto_parsed
03-pH1.2T-亲水凝胶空白制剂-251203-Side-24h-750X-2.mp4,2700,108.0,22.5,1184402,1.622059645240104,98.0,,,True,,pH 1.2,pH 1.2,,3,yes,False,auto_parsed
03-pH1.2T-亲水凝胶空白制剂-251203-Side-24h-750X-2.mp4,2720,108.8,22.666666666666668,1170999,1.6037039978964207,98.0,,,True,,pH 1.2,pH 1.2,,3,yes,False,auto_parsed
03-pH1.2T-亲水凝胶空白制剂-251203-Side-24h-750X-2.mp4,2740,109.6,22.83333333333333,1161221,1.5903128526508388,97.0,,,True,,pH 1.2,pH 1.2,,3,yes,False,auto_parsed
03-pH1.2T-亲水凝胶空白制剂-251203-Side-24h-750X-2.mp4,2760,110.4,23.0,1140143,1.5614461560373825,97.0,,,True,,pH 1.2,pH 1.2,,3,yes,False,auto_parsed
03-pH1.2T-亲水凝胶空白制剂-251203-Side-24h-750X-2.mp4,2780,111.2,23.166666666666668,1127397,1.543990281901548,97.0,,,True,,pH 1.2,pH 1.2,,3,yes,False,auto_parsed
03-pH1.2T-亲水凝胶空白制剂-251203-Side-24h-750X-2.mp4,2800,112.0,23.33333333333333,1115098,1.527146582231328,97.0,,,True,,pH 1.2,pH 1.2,,3,yes,False,auto_parsed
03-pH1.2T-亲水凝胶空白制剂-251203-Side-24h-750X-2.mp4,2820,112.8,23.5,1095652,1.5005149387003824,97.0,,,True,,pH 1.2,pH 1.2,,3,yes,False,auto_parsed
03-pH1.2T-亲水凝胶空白制剂-251203-Side-24h-750X-2.mp4,2840,113.6,23.666666666666668,1086455,1.487919483308317,96.0,,,True,,pH 1.2,pH 1.2,,3,yes,False,auto_parsed
03-pH1.2T-亲水凝胶空白制剂-251203-Side-24h-750X-2.mp4,2860,114.4,23.83333333333333,1074992,1.4722207005357553,96.0,,,True,,pH 1.2,pH 1.2,,3,yes,False,auto_parsed
03-pH1.2T-亲水凝胶空白制剂-251203-Side-24h-750X-2.mp4,2879,115.16,23.991666666666667,1070589,1.466190713573565,96.0,,,True,,pH 1.2,pH 1.2,,3,yes,False,auto_parsed
03-pH4.5T-亲水凝胶空白制剂-251203-Side-24h-750X-1.mp4,0,0.0,0.0,673890,1.0,108.0,,,True,,pH 4.5,pH 4.5,,3,yes,False,auto_parsed
03-pH4.5T-亲水凝胶空白制剂-251203-Side-24h-750X-1.mp4,20,0.8,0.1666666666666666,833384,1.2366766089421122,105.0,,,True,,pH 4.5,pH 4.5,,3,yes,False,auto_parsed
03-pH4.5T-亲水凝胶空白制剂-251203-Side-24h-750X-1.mp4,40,1.6,0.3333333333333333,960807,1.4257623647776343,104.0,,,True,,pH 4.5,pH 4.5,,3,yes,False,auto_parsed
03-pH4.5T-亲水凝胶空白制剂-251203-Side-24h-750X-1.mp4,60,2.4,0.5,1016479,1.5083752541215925,103.0,,,True,,pH 4.5,pH 4.5,,3,yes,False,auto_parsed
03-pH4.5T-亲水凝胶空白制剂-251203-Side-24h-750X-1.mp4,80,3.2,0.6666666666666666,1092496,1.6211785306207245,104.0,,,True,,pH 4.5,pH 4.5,,3,yes,False,auto_parsed
03-pH4.5T-亲水凝胶空白制剂-251203-Side-24h-750X-1.mp4,100,4.0,0.8333333333333334,1154600,1.7133360043924082,104.0,,,True,,pH 4.5,pH 4.5,,3,yes,False,auto_parsed
03-pH4.5T-亲水凝胶空白制剂-251203-Side-24h-750X-1.mp4,120,4.8,1.0,1202145,1.7838890620130885,104.0,,,True,,pH 4.5,pH 4.5,,3,yes,False,auto_parsed
03-pH4.5T-亲水凝胶空白制剂-251203-Side-24h-750X-1.mp4,140,5.6,1.1666666666666667,1241144,1.841760524714716,104.0,,,True,,pH 4.5,pH 4.5,,3,yes,False,auto_parsed
03-pH4.5T-亲水凝胶空白制剂-251203-Side-24h-750X-1.mp4,160,6.4,1.3333333333333333,1291004,1.9157488610900888,105.0,,,True,,pH 4.5,pH 4.5,,3,yes,False,auto_parsed
03-pH4.5T-亲水凝胶空白制剂-251203-Side-24h-750X-1.mp4,180,7.2,1.5,1325236,1.9665464690082952,105.0,,,True,,pH 4.5,pH 4.5,,3,yes,False,auto_parsed
03-pH4.5T-亲水凝胶空白制剂-251203-Side-24h-750X-1.mp4,200,8.0,1.6666666666666667,1363483,2.0233020225852885,105.0,,,True,,pH 4.5,pH 4.5,,3,yes,False,auto_parsed
03-pH4.5T-亲水凝胶空白制剂-251203-Side-24h-750X-1.mp4,220,8.8,1.8333333333333333,1400196,2.077781240261764,105.0,,,True,,pH 4.5,pH 4.5,,3,yes,False,auto_parsed
03-pH4.5T-亲水凝胶空白制剂-251203-Side-24h-750X-1.mp4,240,9.6,2.0,1428703,2.120083396400006,105.0,,,True,,pH 4.5,pH 4.5,,3,yes,False,auto_parsed
03-pH4.5T-亲水凝胶空白制剂-251203-Side-24h-750X-1.mp4,260,10.4,2.1666666666666665,1458572,2.16440665390494,106.0,,,True,,pH 4.5,pH 4.5,,3,yes,False,auto_parsed
03-pH4.5T-亲水凝胶空白制剂-251203-Side-24h-750X-1.mp4,280,11.2,2.333333333333333,1501359,2.2278992120375727,106.0,,,True,,pH 4.5,pH 4.5,,3,yes,False,auto_parsed
03-pH4.5T-亲水凝胶空白制剂-251203-Side-24h-750X-1.mp4,300,12.0,2.5,1528517,2.268199557791331,106.0,,,True,,pH 4.5,pH 4.5,,3,yes,False,auto_parsed
03-pH4.5T-亲水凝胶空白制剂-251203-Side-24h-750X-1.mp4,320,12.8,2.6666666666666665,1551980,2.303016812832955,106.0,,,True,,pH 4.5,pH 4.5,,3,yes,False,auto_parsed
03-pH4.5T-亲水凝胶空白制剂-251203-Side-24h-750X-1.mp4,340,13.6,2.833333333333333,1579178,2.343376515455045,106.0,,,True,,pH 4.5,pH 4.5,,3,yes,False,auto_parsed
03-pH4.5T-亲水凝胶空白制剂-251203-Side-24h-750X-1.mp4,360,14.4,3.0,1602225,2.37757645906602,106.0,,,True,,pH 4.5,pH 4.5,,3,yes,False,auto_parsed
03-pH4.5T-亲水凝胶空白制剂-251203-Side-24h-750X-1.mp4,380,15.2,3.1666666666666665,1628784,2.416987935716512,106.0,,,True,,pH 4.5,pH 4.5,,3,yes,False,auto_parsed
03-pH4.5T-亲水凝胶空白制剂-251203-Side-24h-750X-1.mp4,400,16.0,3.333333333333333,1648037,2.445557880366232,106.0,,,True,,pH 4.5,pH 4.5,,3,yes,False,auto_parsed
03-pH4.5T-亲水凝胶空白制剂-251203-Side-24h-750X-1.mp4,420,16.8,3.5,1672076,2.4812298743118317,106.0,,,True,,pH 4.5,pH 4.5,,3,yes,False,auto_parsed
03-pH4.5T-亲水凝胶空白制剂-251203-Side-24h-750X-1.mp4,440,17.6,3.666666666666667,1693459,2.512960572200211,106.0,,,True,,pH 4.5,pH 4.5,,3,yes,False,auto_parsed
03-pH4.5T-亲水凝胶空白制剂-251203-Side-24h-750X-1.mp4,460,18.4,3.833333333333333,1719998,2.552342370416537,106.0,,,True,,pH 4.5,pH 4.5,,3,yes,False,auto_parsed
03-pH4.5T-亲水凝胶空白制剂-251203-Side-24h-750X-1.mp4,480,19.2,4.0,1750404,2.597462493878823,105.0,,,True,,pH 4.5,pH 4.5,,3,yes,False,auto_parsed
03-pH4.5T-亲水凝胶空白制剂-251203-Side-24h-750X-1.mp4,500,20.0,4.166666666666667,1764448,2.618302690350057,105.0,,,True,,pH 4.5,pH 4.5,,3,yes,False,auto_parsed
03-pH4.5T-亲水凝胶空白制剂-251203-Side-24h-750X-1.mp4,520,20.8,4.333333333333333,1786760,2.6514119515054384,105.0,,,True,,pH 4.5,pH 4.5,,3,yes,False,auto_parsed
03-pH4.5T-亲水凝胶空白制剂-251203-Side-24h-750X-1.mp4,540,21.6,4.500000000000001,1806257,2.680343973051982,105.0,,,True,,pH 4.5,pH 4.5,,3,yes,False,auto_parsed
03-pH4.5T-亲水凝胶空白制剂-251203-Side-24h-750X-1.mp4,560,22.4,4.666666666666667,1816923,2.69617148199261,105.0,,,True,,pH 4.5,pH 4.5,,3,yes,False,auto_parsed
03-pH4.5T-亲水凝胶空白制剂-251203-Side-24h-750X-1.mp4,580,23.2,4.833333333333333,1838000,2.7274480998382526,105.0,,,True,,pH 4.5,pH 4.5,,3,yes,False,auto_parsed
03-pH4.5T-亲水凝胶空白制剂-251203-Side-24h-750X-1.mp4,600,24.0,5.0,1850236,2.745605365860897,105.0,,,True,,pH 4.5,pH 4.5,,3,yes,False,auto_parsed
03-pH4.5T-亲水凝胶空白制剂-251203-Side-24h-750X-1.mp4,620,24.8,5.166666666666667,1870903,2.7762735758061403,105.0,,,True,,pH 4.5,pH 4.5,,3,yes,False,auto_parsed
03-pH4.5T-亲水凝胶空白制剂-251203-Side-24h-750X-1.mp4,640,25.6,5.333333333333333,1888778,2.802798676341836,105.0,,,True,,pH 4.5,pH 4.5,,3,yes,False,auto_parsed
03-pH4.5T-亲水凝胶空白制剂-251203-Side-24h-750X-1.mp4,660,26.4,5.5,1909086,2.8329341583938032,105.0,,,True,,pH 4.5,pH 4.5,,3,yes,False,auto_parsed
03-pH4.5T-亲水凝胶空白制剂-251203-Side-24h-750X-1.mp4,680,27.2,5.666666666666667,1926102,2.858184570182077,105.0,,,True,,pH 4.5,pH 4.5,,3,yes,False,auto_parsed
03-pH4.5T-亲水凝胶空白制剂-251203-Side-24h-750X-1.mp4,700,28.0,5.833333333333333,1945292,2.886661027764175,105.0,,,True,,pH 4.5,pH 4.5,,3,yes,False,auto_parsed
03-pH4.5T-亲水凝胶空白制剂-251203-Side-24h-750X-1.mp4,720,28.8,6.0,1965400,2.916499725474484,105.0,,,True,,pH 4.5,pH 4.5,,3,yes,False,auto_parsed
03-pH4.5T-亲水凝胶空白制剂-251203-Side-24h-750X-1.mp4,740,29.6,6.166666666666667,1984762,2.945231417590408,105.0,,,True,,pH 4.5,pH 4.5,,3,yes,False,auto_parsed
03-pH4.5T-亲水凝胶空白制剂-251203-Side-24h-750X-1.mp4,760,30.4,6.333333333333333,2001142,2.969538055172209,105.0,,,True,,pH 4.5,pH 4.5,,3,yes,False,auto_parsed
03-pH4.5T-亲水凝胶空白制剂-251203-Side-24h-750X-1.mp4,780,31.2,6.5,2016915,2.992943952277078,105.0,,,True,,pH 4.5,pH 4.5,,3,yes,False,auto_parsed
03-pH4.5T-亲水凝胶空白制剂-251203-Side-24h-750X-1.mp4,800,32.0,6.666666666666667,2037140,3.0229562688272567,105.0,,,True,,pH 4.5,pH 4.5,,3,yes,False,auto_parsed
03-pH4.5T-亲水凝胶空白制剂-251203-Side-24h-750X-1.mp4,820,32.8,6.833333333333332,2053376,3.047049221683064,105.0,,,True,,pH 4.5,pH 4.5,,3,yes,False,auto_parsed
03-pH4.5T-亲水凝胶空白制剂-251203-Side-24h-750X-1.mp4,840,33.6,7.0,2093148,3.106067755865201,105.0,,,True,,pH 4.5,pH 4.5,,3,yes,False,auto_parsed
03-pH4.5T-亲水凝胶空白制剂-251203-Side-24h-750X-1.mp4,860,34.4,7.166666666666667,2051368,3.0440695068928165,105.0,,,True,,pH 4.5,pH 4.5,,3,yes,False,auto_parsed
03-pH4.5T-亲水凝胶空白制剂-251203-Side-24h-750X-1.mp4,880,35.2,7.333333333333334,2087729,3.0980263841279734,105.0,,,True,,pH 4.5,pH 4.5,,3,yes,False,auto_parsed
03-pH4.5T-亲水凝胶空白制剂-251203-Side-24h-750X-1.mp4,900,36.0,7.5,2080177,3.0868198073869624,104.0,,,True,,pH 4.5,pH 4.5,,3,yes,False,auto_parsed
03-pH4.5T-亲水凝胶空白制剂-251203-Side-24h-750X-1.mp4,920,36.8,7.666666666666666,2091356,3.103408568163944,104.0,,,True,,pH 4.5,pH 4.5,,3,yes,False,auto_parsed
03-pH4.5T-亲水凝胶空白制剂-251203-Side-24h-750X-1.mp4,940,37.6,7.833333333333333,2106347,3.125654038492929,104.0,,,True,,pH 4.5,pH 4.5,,3,yes,False,auto_parsed
03-pH4.5T-亲水凝胶空白制剂-251203-Side-24h-750X-1.mp4,960,38.4,8.0,2147868,3.187267951742866,104.0,,,True,,pH 4.5,pH 4.5,,3,yes,False,auto_parsed
03-pH4.5T-亲水凝胶空白制剂-251203-Side-24h-750X-1.mp4,980,39.2,8.166666666666668,2132155,3.1639510899404946,104.0,,,True,,pH 4.5,pH 4.5,,3,yes,False,auto_parsed
03-pH4.5T-亲水凝胶空白制剂-251203-Side-24h-750X-1.mp4,1000,40.0,8.333333333333334,2170323,3.220589413702533,104.0,,,True,,pH 4.5,pH 4.5,,3,yes,False,auto_parsed
03-pH4.5T-亲水凝胶空白制剂-251203-Side-24h-750X-1.mp4,1020,40.8,8.499999999999998,2184283,3.241304960750271,104.0,,,True,,pH 4.5,pH 4.5,,3,yes,False,auto_parsed
03-pH4.5T-亲水凝胶空白制剂-251203-Side-24h-750X-1.mp4,1040,41.6,8.666666666666666,2194758,3.256849040644616,104.0,,,True,,pH 4.5,pH 4.5,,3,yes,False,auto_parsed
03-pH4.5T-亲水凝胶空白制剂-251203-Side-24h-750X-1.mp4,1060,42.4,8.833333333333334,2205183,3.272318924453546,104.0,,,True,,pH 4.5,pH 4.5,,3,yes,False,auto_parsed
03-pH4.5T-亲水凝胶空白制剂-251203-Side-24h-750X-1.mp4,1080,43.2,9.000000000000002,2219380,3.2933861609461483,104.0,,,True,,pH 4.5,pH 4.5,,3,yes,False,auto_parsed
03-pH4.5T-亲水凝胶空白制剂-251203-Side-24h-750X-1.mp4,1100,44.0,9.166666666666666,2229189,3.3079419489827715,104.0,,,True,,pH 4.5,pH 4.5,,3,yes,False,auto_parsed
03-pH4.5T-亲水凝胶空白制剂-251203-Side-24h-750X-1.mp4,1120,44.8,9.333333333333334,2238167,3.321264598079805,102.0,,,True,,pH 4.5,pH 4.5,,3,yes,False,auto_parsed
03-pH4.5T-亲水凝胶空白制剂-251203-Side-24h-750X-1.mp4,1140,45.6,9.5,2250577,3.3396800664796924,102.0,,,True,,pH 4.5,pH 4.5,,3,yes,False,auto_parsed
03-pH4.5T-亲水凝胶空白制剂-251203-Side-24h-750X-1.mp4,1160,46.4,9.666666666666666,2250419,3.3394456068497824,103.0,,,True,,pH 4.5,pH 4.5,,3,yes,False,auto_parsed
03-pH4.5T-亲水凝胶空白制剂-251203-Side-24h-750X-1.mp4,1180,47.2,9.833333333333334,2256634,3.348668180266809,103.0,,,True,,pH 4.5,pH 4.5,,3,yes,False,auto_parsed
03-pH4.5T-亲水凝胶空白制剂-251203-Side-24h-750X-1.mp4,1200,48.0,10.0,2270948,3.3699090355992816,102.0,,,True,,pH 4.5,pH 4.5,,3,yes,False,auto_parsed
03-pH4.5T-亲水凝胶空白制剂-251203-Side-24h-750X-1.mp4,1220,48.8,10.166666666666666,2280748,3.3844514683405302,102.0,,,True,,pH 4.5,pH 4.5,,3,yes,False,auto_parsed
03-pH4.5T-亲水凝胶空白制剂-251203-Side-24h-750X-1.mp4,1240,49.6,10.333333333333334,2287775,3.394878986184689,102.0,,,True,,pH 4.5,pH 4.5,,3,yes,False,auto_parsed
03-pH4.5T-亲水凝胶空白制剂-251203-Side-24h-750X-1.mp4,1260,50.4,10.5,2292542,3.4019528409681103,102.0,,,True,,pH 4.5,pH 4.5,,3,yes,False,auto_parsed
03-pH4.5T-亲水凝胶空白制剂-251203-Side-24h-750X-1.mp4,1280,51.2,10.666666666666666,2298669,3.4110448292748075,102.0,,,True,,pH 4.5,pH 4.5,,3,yes,False,auto_parsed
03-pH4.5T-亲水凝胶空白制剂-251203-Side-24h-750X-1.mp4,1300,52.0,10.833333333333334,2301974,3.415949190520708,102.0,,,True,,pH 4.5,pH 4.5,,3,yes,False,auto_parsed
03-pH4.5T-亲水凝胶空白制剂-251203-Side-24h-750X-1.mp4,1320,52.8,11.0,2295549,3.4064149935449404,102.0,,,True,,pH 4.5,pH 4.5,,3,yes,False,auto_parsed
03-pH4.5T-亲水凝胶空白制剂-251203-Side-24h-750X-1.mp4,1340,53.6,11.166666666666666,2297227,3.4089050141714523,102.0,,,True,,pH 4.5,pH 4.5,,3,yes,False,auto_parsed
03-pH4.5T-亲水凝胶空白制剂-251203-Side-24h-750X-1.mp4,1360,54.4,11.333333333333334,2300695,3.414051254655804,102.0,,,True,,pH 4.5,pH 4.5,,3,yes,False,auto_parsed
03-pH4.5T-亲水凝胶空白制剂-251203-Side-24h-750X-1.mp4,1380,55.2,11.5,2300015,3.413042187894167,102.0,,,True,,pH 4.5,pH 4.5,,3,yes,False,auto_parsed
03-pH4.5T-亲水凝胶空白制剂-251203-Side-24h-750X-1.mp4,1400,56.0,11.666666666666666,2303538,3.4182700440724747,101.0,,,True,,pH 4.5,pH 4.5,,3,yes,False,auto_parsed
03-pH4.5T-亲水凝胶空白制剂-251203-Side-24h-750X-1.mp4,1420,56.8,11.833333333333334,2307902,3.424745878407456,101.0,,,True,,pH 4.5,pH 4.5,,3,yes,False,auto_parsed
03-pH4.5T-亲水凝胶空白制剂-251203-Side-24h-750X-1.mp4,1440,57.6,12.0,2313439,3.4329623529062605,101.0,,,True,,pH 4.5,pH 4.5,,3,yes,False,auto_parsed
03-pH4.5T-亲水凝胶空白制剂-251203-Side-24h-750X-1.mp4,1460,58.4,12.166666666666666,2311591,3.43022006558934,101.0,,,True,,pH 4.5,pH 4.5,,3,yes,False,auto_parsed
03-pH4.5T-亲水凝胶空白制剂-251203-Side-24h-750X-1.mp4,1480,59.2,12.333333333333334,2314422,3.43442104794551,101.0,,,True,,pH 4.5,pH 4.5,,3,yes,False,auto_parsed
03-pH4.5T-亲水凝胶空白制剂-251203-Side-24h-750X-1.mp4,1500,60.0,12.5,2317949,3.439654839810652,101.0,,,True,,pH 4.5,pH 4.5,,3,yes,False,auto_parsed
03-pH4.5T-亲水凝胶空白制剂-251203-Side-24h-750X-1.mp4,1520,60.8,12.666666666666666,2314019,3.4338230274970694,101.0,,,True,,pH 4.5,pH 4.5,,3,yes,False,auto_parsed
03-pH4.5T-亲水凝胶空白制剂-251203-Side-24h-750X-1.mp4,1540,61.6,12.833333333333334,2312873,3.432122453219368,101.0,,,True,,pH 4.5,pH 4.5,,3,yes,False,auto_parsed
03-pH4.5T-亲水凝胶空白制剂-251203-Side-24h-750X-1.mp4,1560,62.4,13.0,2312583,3.431692115923964,101.0,,,True,,pH 4.5,pH 4.5,,3,yes,False,auto_parsed
03-pH4.5T-亲水凝胶空白制剂-251203-Side-24h-750X-1.mp4,1580,63.2,13.166666666666666,2307473,3.4241092759945984,101.0,,,True,,pH 4.5,pH 4.5,,3,yes,False,auto_parsed
03-pH4.5T-亲水凝胶空白制剂-251203-Side-24h-750X-1.mp4,1600,64.0,13.333333333333334,2329404,3.456653162979121,101.0,,,True,,pH 4.5,pH 4.5,,3,yes,False,auto_parsed
03-pH4.5T-亲水凝胶空白制剂-251203-Side-24h-750X-1.mp4,1620,64.8,13.5,2335431,3.465596759114989,100.0,,,True,,pH 4.5,pH 4.5,,3,yes,False,auto_parsed
03-pH4.5T-亲水凝胶空白制剂-251203-Side-24h-750X-1.mp4,1640,65.6,13.666666666666664,2330977,3.4589873718262623,100.0,,,True,,pH 4.5,pH 4.5,,3,yes,False,auto_parsed
03-pH4.5T-亲水凝胶空白制剂-251203-Side-24h-750X-1.mp4,1660,66.4,13.833333333333336,2327257,3.453467183071421,100.0,,,True,,pH 4.5,pH 4.5,,3,yes,False,auto_parsed
03-pH4.5T-亲水凝胶空白制剂-251203-Side-24h-750X-1.mp4,1680,67.2,14.0,2323243,3.4475107213343423,100.0,,,True,,pH 4.5,pH 4.5,,3,yes,False,auto_parsed
03-pH4.5T-亲水凝胶空白制剂-251203-Side-24h-750X-1.mp4,1700,68.0,14.166666666666666,2312804,3.432020062621496,100.0,,,True,,pH 4.5,pH 4.5,,3,yes,False,auto_parsed
03-pH4.5T-亲水凝胶空白制剂-251203-Side-24h-750X-1.mp4,1720,68.8,14.333333333333334,2308571,3.425738622030302,100.0,,,True,,pH 4.5,pH 4.5,,3,yes,False,auto_parsed
03-pH4.5T-亲水凝胶空白制剂-251203-Side-24h-750X-1.mp4,1740,69.6,14.499999999999998,2303720,3.418540117823384,100.0,,,True,,pH 4.5,pH 4.5,,3,yes,False,auto_parsed
03-pH4.5T-亲水凝胶空白制剂-251203-Side-24h-750X-1.mp4,1760,70.4,14.666666666666668,2296724,3.408158601552182,100.0,,,True,,pH 4.5,pH 4.5,,3,yes,False,auto_parsed
03-pH4.5T-亲水凝胶空白制剂-251203-Side-24h-750X-1.mp4,1780,71.2,14.833333333333334,2295052,3.40567748445592,100.0,,,True,,pH 4.5,pH 4.5,,3,yes,False,auto_parsed
03-pH4.5T-亲水凝胶空白制剂-251203-Side-24h-750X-1.mp4,1800,72.0,15.0,2289232,3.3970410601136685,100.0,,,True,,pH 4.5,pH 4.5,,3,yes,False,auto_parsed
03-pH4.5T-亲水凝胶空白制剂-251203-Side-24h-750X-1.mp4,1820,72.8,15.166666666666666,2283203,3.388094496134384,100.0,,,True,,pH 4.5,pH 4.5,,3,yes,False,auto_parsed
03-pH4.5T-亲水凝胶空白制剂-251203-Side-24h-750X-1.mp4,1840,73.6,15.333333333333332,2275393,3.376505067592634,100.0,,,True,,pH 4.5,pH 4.5,,3,yes,False,auto_parsed
03-pH4.5T-亲水凝胶空白制剂-251203-Side-24h-750X-1.mp4,1860,74.4,15.500000000000002,2268206,3.3658401222751486,100.0,,,True,,pH 4.5,pH 4.5,,3,yes,False,auto_parsed
03-pH4.5T-亲水凝胶空白制剂-251203-Side-24h-750X-1.mp4,1880,75.2,15.666666666666666,2261013,3.355166273427414,100.0,,,True,,pH 4.5,pH 4.5,,3,yes,False,auto_parsed
03-pH4.5T-亲水凝胶空白制剂-251203-Side-24h-750X-1.mp4,1900,76.0,15.833333333333334,2255621,3.347164967576311,100.0,,,True,,pH 4.5,pH 4.5,,3,yes,False,auto_parsed
03-pH4.5T-亲水凝胶空白制剂-251203-Side-24h-750X-1.mp4,1920,76.8,16.0,2250009,3.3388371989493835,100.0,,,True,,pH 4.5,pH 4.5,,3,yes,False,auto_parsed
03-pH4.5T-亲水凝胶空白制剂-251203-Side-24h-750X-1.mp4,1940,77.6,16.166666666666664,2243727,3.3295152027779014,100.0,,,True,,pH 4.5,pH 4.5,,3,yes,False,auto_parsed
03-pH4.5T-亲水凝胶空白制剂-251203-Side-24h-750X-1.mp4,1960,78.4,16.333333333333336,2239523,3.3232767959162475,100.0,,,True,,pH 4.5,pH 4.5,,3,yes,False,auto_parsed
03-pH4.5T-亲水凝胶空白制剂-251203-Side-24h-750X-1.mp4,1980,79.2,16.5,2232149,3.312334357239312,100.0,,,True,,pH 4.5,pH 4.5,,3,yes,False,auto_parsed
03-pH4.5T-亲水凝胶空白制剂-251203-Side-24h-750X-1.mp4,2000,80.0,16.666666666666668,2223861,3.3000356141209988,100.0,,,True,,pH 4.5,pH 4.5,,3,yes,False,auto_parsed
03-pH4.5T-亲水凝胶空白制剂-251203-Side-24h-750X-1.mp4,2020,80.8,16.833333333333332,2219912,3.2941756072949597,100.0,,,True,,pH 4.5,pH 4.5,,3,yes,False,auto_parsed
03-pH4.5T-亲水凝胶空白制剂-251203-Side-24h-750X-1.mp4,2040,81.6,16.999999999999996,2209119,3.278159640297378,100.0,,,True,,pH 4.5,pH 4.5,,3,yes,False,auto_parsed
03-pH4.5T-亲水凝胶空白制剂-251203-Side-24h-750X-1.mp4,2060,82.4,17.166666666666668,2205640,3.2729970766742347,100.0,,,True,,pH 4.5,pH 4.5,,3,yes,False,auto_parsed
03-pH4.5T-亲水凝胶空白制剂-251203-Side-24h-750X-1.mp4,2080,83.2,17.333333333333332,2195526,3.257988692516583,100.0,,,True,,pH 4.5,pH 4.5,,3,yes,False,auto_parsed
03-pH4.5T-亲水凝胶空白制剂-251203-Side-24h-750X-1.mp4,2100,84.0,17.5,2187898,3.2466693377257414,102.0,,,True,,pH 4.5,pH 4.5,,3,yes,False,auto_parsed
03-pH4.5T-亲水凝胶空白制剂-251203-Side-24h-750X-1.mp4,2120,84.8,17.666666666666668,2181816,3.2376441258959177,102.0,,,True,,pH 4.5,pH 4.5,,3,yes,False,auto_parsed
03-pH4.5T-亲水凝胶空白制剂-251203-Side-24h-750X-1.mp4,2140,85.6,17.833333333333332,2173771,3.225705975752719,102.0,,,True,,pH 4.5,pH 4.5,,3,yes,False,auto_parsed
03-pH4.5T-亲水凝胶空白制剂-251203-Side-24h-750X-1.mp4,2160,86.4,18.000000000000004,2164726,3.21228390390123,102.0,,,True,,pH 4.5,pH 4.5,,3,yes,False,auto_parsed
03-pH4.5T-亲水凝胶空白制剂-251203-Side-24h-750X-1.mp4,2180,87.2,18.166666666666668,2161790,3.2079271097656887,102.0,,,True,,pH 4.5,pH 4.5,,3,yes,False,auto_parsed
03-pH4.5T-亲水凝胶空白制剂-251203-Side-24h-750X-1.mp4,2200,88.0,18.33333333333333,2152754,3.194518393209574,102.0,,,True,,pH 4.5,pH 4.5,,3,yes,False,auto_parsed
03-pH4.5T-亲水凝胶空白制剂-251203-Side-24h-750X-1.mp4,2220,88.8,18.5,2141635,3.17801866773509,102.0,,,True,,pH 4.5,pH 4.5,,3,yes,False,auto_parsed
03-pH4.5T-亲水凝胶空白制剂-251203-Side-24h-750X-1.mp4,2240,89.6,18.666666666666668,2133084,3.165329653207497,102.0,,,True,,pH 4.5,pH 4.5,,3,yes,False,auto_parsed
03-pH4.5T-亲水凝胶空白制剂-251203-Side-24h-750X-1.mp4,2260,90.4,18.83333333333333,2127585,3.1571695677336065,102.0,,,True,,pH 4.5,pH 4.5,,3,yes,False,auto_parsed
03-pH4.5T-亲水凝胶空白制剂-251203-Side-24h-750X-1.mp4,2280,91.2,19.0,2125045,3.153400406594548,102.0,,,True,,pH 4.5,pH 4.5,,3,yes,False,auto_parsed
03-pH4.5T-亲水凝胶空白制剂-251203-Side-24h-750X-1.mp4,2300,92.0,19.166666666666668,2114621,3.137932006707326,102.0,,,True,,pH 4.5,pH 4.5,,3,yes,False,auto_parsed
03-pH4.5T-亲水凝胶空白制剂-251203-Side-24h-750X-1.mp4,2320,92.8,19.33333333333333,2107376,3.1271809939307604,102.0,,,True,,pH 4.5,pH 4.5,,3,yes,False,auto_parsed
03-pH4.5T-亲水凝胶空白制剂-251203-Side-24h-750X-1.mp4,2340,93.6,19.5,2082197,3.0898173292377096,97.0,,,True,,pH 4.5,pH 4.5,,3,yes,False,auto_parsed
03-pH4.5T-亲水凝胶空白制剂-251203-Side-24h-750X-1.mp4,2360,94.4,19.666666666666668,2077110,3.082268619507635,99.0,,,True,,pH 4.5,pH 4.5,,3,yes,False,auto_parsed
03-pH4.5T-亲水凝胶空白制剂-251203-Side-24h-750X-1.mp4,2380,95.2,19.83333333333333,2061657,3.059337577349419,99.0,,,True,,pH 4.5,pH 4.5,,3,yes,False,auto_parsed
03-pH4.5T-亲水凝胶空白制剂-251203-Side-24h-750X-1.mp4,2400,96.0,20.0,2047346,3.038101173782071,99.0,,,True,,pH 4.5,pH 4.5,,3,yes,False,auto_parsed
03-pH4.5T-亲水凝胶空白制剂-251203-Side-24h-750X-1.mp4,2420,96.8,20.166666666666668,2041649,3.029647271809939,99.0,,,True,,pH 4.5,pH 4.5,,3,yes,False,auto_parsed
03-pH4.5T-亲水凝胶空白制剂-251203-Side-24h-750X-1.mp4,2440,97.6,20.33333333333333,2033311,3.017274332606212,99.0,,,True,,pH 4.5,pH 4.5,,3,yes,False,auto_parsed
03-pH4.5T-亲水凝胶空白制剂-251203-Side-24h-750X-1.mp4,2460,98.4,20.5,2029784,3.0120405407410704,99.0,,,True,,pH 4.5,pH 4.5,,3,yes,False,auto_parsed
03-pH4.5T-亲水凝胶空白制剂-251203-Side-24h-750X-1.mp4,2480,99.2,20.666666666666668,2027202,3.008209054890264,99.0,,,True,,pH 4.5,pH 4.5,,3,yes,False,auto_parsed
03-pH4.5T-亲水凝胶空白制剂-251203-Side-24h-750X-1.mp4,2500,100.0,20.83333333333333,2056002,3.050946000089035,99.0,,,True,,pH 4.5,pH 4.5,,3,yes,False,auto_parsed
03-pH4.5T-亲水凝胶空白制剂-251203-Side-24h-750X-1.mp4,2520,100.8,21.0,2046042,3.03616613987446,99.0,,,True,,pH 4.5,pH 4.5,,3,yes,False,auto_parsed
03-pH4.5T-亲水凝胶空白制剂-251203-Side-24h-750X-1.mp4,2540,101.6,21.166666666666668,2031047,3.0139147338586416,99.0,,,True,,pH 4.5,pH 4.5,,3,yes,False,auto_parsed
03-pH4.5T-亲水凝胶空白制剂-251203-Side-24h-750X-1.mp4,2560,102.4,21.33333333333333,2012753,2.986767870127172,99.0,,,True,,pH 4.5,pH 4.5,,3,yes,False,auto_parsed
03-pH4.5T-亲水凝胶空白制剂-251203-Side-24h-750X-1.mp4,2580,103.2,21.5,2000444,2.9685022778198222,99.0,,,True,,pH 4.5,pH 4.5,,3,yes,False,auto_parsed
03-pH4.5T-亲水凝胶空白制剂-251203-Side-24h-750X-1.mp4,2600,104.0,21.666666666666668,1953655,2.89907106501061,99.0,,,True,,pH 4.5,pH 4.5,,3,yes,False,auto_parsed
03-pH4.5T-亲水凝胶空白制剂-251203-Side-24h-750X-1.mp4,2620,104.8,21.83333333333333,1936331,2.8733636053361824,99.0,,,True,,pH 4.5,pH 4.5,,3,yes,False,auto_parsed
03-pH4.5T-亲水凝胶空白制剂-251203-Side-24h-750X-1.mp4,2640,105.6,22.0,1904405,2.8259879208772944,99.0,,,True,,pH 4.5,pH 4.5,,3,yes,False,auto_parsed
03-pH4.5T-亲水凝胶空白制剂-251203-Side-24h-750X-1.mp4,2660,106.4,22.166666666666668,1891393,2.8066791316090165,99.0,,,True,,pH 4.5,pH 4.5,,3,yes,False,auto_parsed
03-pH4.5T-亲水凝胶空白制剂-251203-Side-24h-750X-1.mp4,2680,107.2,22.33333333333333,1896961,2.8149416076807787,98.0,,,True,,pH 4.5,pH 4.5,,3,yes,False,auto_parsed
03-pH4.5T-亲水凝胶空白制剂-251203-Side-24h-750X-1.mp4,2700,108.0,22.5,1878630,2.7877398388461025,98.0,,,True,,pH 4.5,pH 4.5,,3,yes,False,auto_parsed
03-pH4.5T-亲水凝胶空白制剂-251203-Side-24h-750X-1.mp4,2720,108.8,22.666666666666668,1874641,2.781820475151731,98.0,,,True,,pH 4.5,pH 4.5,,3,yes,False,auto_parsed
03-pH4.5T-亲水凝胶空白制剂-251203-Side-24h-750X-1.mp4,2740,109.6,22.83333333333333,1865203,2.767815222068884,98.0,,,True,,pH 4.5,pH 4.5,,3,yes,False,auto_parsed
03-pH4.5T-亲水凝胶空白制剂-251203-Side-24h-750X-1.mp4,2760,110.4,23.0,1858806,2.7583225749009483,98.0,,,True,,pH 4.5,pH 4.5,,3,yes,False,auto_parsed
03-pH4.5T-亲水凝胶空白制剂-251203-Side-24h-750X-1.mp4,2780,111.2,23.166666666666668,1884266,2.796103221594029,98.0,,,True,,pH 4.5,pH 4.5,,3,yes,False,auto_parsed
03-pH4.5T-亲水凝胶空白制剂-251203-Side-24h-750X-1.mp4,2800,112.0,23.33333333333333,1835417,2.723615130065738,98.0,,,True,,pH 4.5,pH 4.5,,3,yes,False,auto_parsed
03-pH4.5T-亲水凝胶空白制剂-251203-Side-24h-750X-1.mp4,2820,112.8,23.5,1900007,2.819461633204232,98.0,,,True,,pH 4.5,pH 4.5,,3,yes,False,auto_parsed
03-pH4.5T-亲水凝胶空白制剂-251203-Side-24h-750X-1.mp4,2840,113.6,23.666666666666668,1894821,2.8117660152250368,97.0,,,True,,pH 4.5,pH 4.5,,3,yes,False,auto_parsed
03-pH4.5T-亲水凝胶空白制剂-251203-Side-24h-750X-1.mp4,2860,114.4,23.83333333333333,1878164,2.787048331330039,98.0,,,True,,pH 4.5,pH 4.5,,3,yes,False,auto_parsed
03-pH4.5T-亲水凝胶空白制剂-251203-Side-24h-750X-1.mp4,2879,115.16,23.991666666666667,1825008,2.70816898900414,98.0,,,True,,pH 4.5,pH 4.5,,3,yes,False,auto_parsed
03-pH6.8T-亲水凝胶空白制剂-251203-Side-24h-750X-1.mp4,0,0.0,0.0,668183,1.0,109.0,,,True,,pH 6.8,pH 6.8,,3,yes,False,auto_parsed
03-pH6.8T-亲水凝胶空白制剂-251203-Side-24h-750X-1.mp4,20,0.8,0.1666666666666666,828044,1.2392473319434945,105.0,,,True,,pH 6.8,pH 6.8,,3,yes,False,auto_parsed
03-pH6.8T-亲水凝胶空白制剂-251203-Side-24h-750X-1.mp4,40,1.6,0.3333333333333333,939336,1.4058064931313727,105.0,,,True,,pH 6.8,pH 6.8,,3,yes,False,auto_parsed
03-pH6.8T-亲水凝胶空白制剂-251203-Side-24h-750X-1.mp4,60,2.4,0.5,1003130,1.5012803378715112,105.0,,,True,,pH 6.8,pH 6.8,,3,yes,False,auto_parsed
03-pH6.8T-亲水凝胶空白制剂-251203-Side-24h-750X-1.mp4,80,3.2,0.6666666666666666,1049717,1.5710022553701606,105.0,,,True,,pH 6.8,pH 6.8,,3,yes,False,auto_parsed
03-pH6.8T-亲水凝胶空白制剂-251203-Side-24h-750X-1.mp4,100,4.0,0.8333333333333334,1090288,1.6317206513784397,104.0,,,True,,pH 6.8,pH 6.8,,3,yes,False,auto_parsed
03-pH6.8T-亲水凝胶空白制剂-251203-Side-24h-750X-1.mp4,120,4.8,1.0,1120294,1.6766275107268518,105.0,,,True,,pH 6.8,pH 6.8,,3,yes,False,auto_parsed
03-pH6.8T-亲水凝胶空白制剂-251203-Side-24h-750X-1.mp4,140,5.6,1.1666666666666667,1143238,1.7109654091768274,105.0,,,True,,pH 6.8,pH 6.8,,3,yes,False,auto_parsed
03-pH6.8T-亲水凝胶空白制剂-251203-Side-24h-750X-1.mp4,160,6.4,1.3333333333333333,1165238,1.743890521009963,105.0,,,True,,pH 6.8,pH 6.8,,3,yes,False,auto_parsed
03-pH6.8T-亲水凝胶空白制剂-251203-Side-24h-750X-1.mp4,180,7.2,1.5,1188734,1.7790545404477516,105.0,,,True,,pH 6.8,pH 6.8,,3,yes,False,auto_parsed
03-pH6.8T-亲水凝胶空白制剂-251203-Side-24h-750X-1.mp4,200,8.0,1.6666666666666667,1244975,1.8632245956571776,103.0,,,True,,pH 6.8,pH 6.8,,3,yes,False,auto_parsed
03-pH6.8T-亲水凝胶空白制剂-251203-Side-24h-750X-1.mp4,220,8.8,1.8333333333333333,1268067,1.8977839903140308,103.0,,,True,,pH 6.8,pH 6.8,,3,yes,False,auto_parsed
03-pH6.8T-亲水凝胶空白制剂-251203-Side-24h-750X-1.mp4,240,9.6,2.0,1295216,1.9384150749121123,102.0,,,True,,pH 6.8,pH 6.8,,3,yes,False,auto_parsed
03-pH6.8T-亲水凝胶空白制剂-251203-Side-24h-750X-1.mp4,260,10.4,2.1666666666666665,1321329,1.977495686062052,102.0,,,True,,pH 6.8,pH 6.8,,3,yes,False,auto_parsed
03-pH6.8T-亲水凝胶空白制剂-251203-Side-24h-750X-1.mp4,280,11.2,2.333333333333333,1345832,2.0141667776642027,102.0,,,True,,pH 6.8,pH 6.8,,3,yes,False,auto_parsed
03-pH6.8T-亲水凝胶空白制剂-251203-Side-24h-750X-1.mp4,300,12.0,2.5,1368839,2.0485989616617006,102.0,,,True,,pH 6.8,pH 6.8,,3,yes,False,auto_parsed
03-pH6.8T-亲水凝胶空白制剂-251203-Side-24h-750X-1.mp4,320,12.8,2.6666666666666665,1391864,2.0830580843870616,102.0,,,True,,pH 6.8,pH 6.8,,3,yes,False,auto_parsed
03-pH6.8T-亲水凝胶空白制剂-251203-Side-24h-750X-1.mp4,340,13.6,2.833333333333333,1424500,2.1319009911955256,102.0,,,True,,pH 6.8,pH 6.8,,3,yes,False,auto_parsed
03-pH6.8T-亲水凝胶空白制剂-251203-Side-24h-750X-1.mp4,360,14.4,3.0,1448097,2.167216166828549,102.0,,,True,,pH 6.8,pH 6.8,,3,yes,False,auto_parsed
03-pH6.8T-亲水凝胶空白制剂-251203-Side-24h-750X-1.mp4,380,15.2,3.1666666666666665,1472868,2.2042883461566665,101.0,,,True,,pH 6.8,pH 6.8,,3,yes,False,auto_parsed
03-pH6.8T-亲水凝胶空白制剂-251203-Side-24h-750X-1.mp4,400,16.0,3.333333333333333,1484176,2.2212118536388985,100.0,,,True,,pH 6.8,pH 6.8,,3,yes,False,auto_parsed
03-pH6.8T-亲水凝胶空白制剂-251203-Side-24h-750X-1.mp4,420,16.8,3.5,1506466,2.254570978309834,100.0,,,True,,pH 6.8,pH 6.8,,3,yes,False,auto_parsed
03-pH6.8T-亲水凝胶空白制剂-251203-Side-24h-750X-1.mp4,440,17.6,3.666666666666667,1528165,2.287045614749253,99.0,,,True,,pH 6.8,pH 6.8,,3,yes,False,auto_parsed
03-pH6.8T-亲水凝胶空白制剂-251203-Side-24h-750X-1.mp4,460,18.4,3.833333333333333,1548875,2.318040117752173,99.0,,,True,,pH 6.8,pH 6.8,,3,yes,False,auto_parsed
03-pH6.8T-亲水凝胶空白制剂-251203-Side-24h-750X-1.mp4,480,19.2,4.0,1569104,2.348314758082741,99.0,,,True,,pH 6.8,pH 6.8,,3,yes,False,auto_parsed
03-pH6.8T-亲水凝胶空白制剂-251203-Side-24h-750X-1.mp4,500,20.0,4.166666666666667,1573480,2.35486386214555,99.0,,,True,,pH 6.8,pH 6.8,,3,yes,False,auto_parsed
03-pH6.8T-亲水凝胶空白制剂-251203-Side-24h-750X-1.mp4,520,20.8,4.333333333333333,1712378,2.562738052300044,99.0,,,True,,pH 6.8,pH 6.8,,3,yes,False,auto_parsed
03-pH6.8T-亲水凝胶空白制剂-251203-Side-24h-750X-1.mp4,540,21.6,4.500000000000001,1730299,2.589558549080117,99.0,,,True,,pH 6.8,pH 6.8,,3,yes,False,auto_parsed
03-pH6.8T-亲水凝胶空白制剂-251203-Side-24h-750X-1.mp4,560,22.4,4.666666666666667,1623307,2.4294347506596248,99.0,,,True,,pH 6.8,pH 6.8,,3,yes,False,auto_parsed
03-pH6.8T-亲水凝胶空白制剂-251203-Side-24h-750X-1.mp4,580,23.2,4.833333333333333,1642198,2.4577069455523413,99.0,,,True,,pH 6.8,pH 6.8,,3,yes,False,auto_parsed
03-pH6.8T-亲水凝胶空白制剂-251203-Side-24h-750X-1.mp4,600,24.0,5.0,1778194,2.661238014136846,99.0,,,True,,pH 6.8,pH 6.8,,3,yes,False,auto_parsed
03-pH6.8T-亲水凝胶空白制剂-251203-Side-24h-750X-1.mp4,620,24.8,5.166666666666667,1674369,2.5058539352243323,99.0,,,True,,pH 6.8,pH 6.8,,3,yes,False,auto_parsed
03-pH6.8T-亲水凝胶空白制剂-251203-Side-24h-750X-1.mp4,640,25.6,5.333333333333333,1688160,2.526493490555731,99.0,,,True,,pH 6.8,pH 6.8,,3,yes,False,auto_parsed
03-pH6.8T-亲水凝胶空白制剂-251203-Side-24h-750X-1.mp4,660,26.4,5.5,1704901,2.5515480040647547,99.0,,,True,,pH 6.8,pH 6.8,,3,yes,False,auto_parsed
03-pH6.8T-亲水凝胶空白制剂-251203-Side-24h-750X-1.mp4,680,27.2,5.666666666666667,1719638,2.573603339204978,98.0,,,True,,pH 6.8,pH 6.8,,3,yes,False,auto_parsed
03-pH6.8T-亲水凝胶空白制剂-251203-Side-24h-750X-1.mp4,700,28.0,5.833333333333333,1733635,2.5945511933108145,98.0,,,True,,pH 6.8,pH 6.8,,3,yes,False,auto_parsed
03-pH6.8T-亲水凝胶空白制剂-251203-Side-24h-750X-1.mp4,720,28.8,6.0,1885567,2.8219320156304484,98.0,,,True,,pH 6.8,pH 6.8,,3,yes,False,auto_parsed
03-pH6.8T-亲水凝胶空白制剂-251203-Side-24h-750X-1.mp4,740,29.6,6.166666666666667,1884678,2.820601541793192,98.0,,,True,,pH 6.8,pH 6.8,,3,yes,False,auto_parsed
03-pH6.8T-亲水凝胶空白制剂-251203-Side-24h-750X-1.mp4,760,30.4,6.333333333333333,1909899,2.8583471893178967,98.0,,,True,,pH 6.8,pH 6.8,,3,yes,False,auto_parsed
03-pH6.8T-亲水凝胶空白制剂-251203-Side-24h-750X-1.mp4,780,31.2,6.5,1921524,2.875745117729724,98.0,,,True,,pH 6.8,pH 6.8,,3,yes,False,auto_parsed
03-pH6.8T-亲水凝胶空白制剂-251203-Side-24h-750X-1.mp4,800,32.0,6.666666666666667,1798915,2.692248979695682,98.0,,,True,,pH 6.8,pH 6.8,,3,yes,False,auto_parsed
03-pH6.8T-亲水凝胶空白制剂-251203-Side-24h-750X-1.mp4,820,32.8,6.833333333333332,1929927,2.888321013853989,98.0,,,True,,pH 6.8,pH 6.8,,3,yes,False,auto_parsed
03-pH6.8T-亲水凝胶空白制剂-251203-Side-24h-750X-1.mp4,840,33.6,7.0,1958619,2.9312613460683674,98.0,,,True,,pH 6.8,pH 6.8,,3,yes,False,auto_parsed
03-pH6.8T-亲水凝胶空白制剂-251203-Side-24h-750X-1.mp4,860,34.4,7.166666666666667,1965067,2.940911397027461,98.0,,,True,,pH 6.8,pH 6.8,,3,yes,False,auto_parsed
03-pH6.8T-亲水凝胶空白制剂-251203-Side-24h-750X-1.mp4,880,35.2,7.333333333333334,1971816,2.951011923380272,98.0,,,True,,pH 6.8,pH 6.8,,3,yes,False,auto_parsed
03-pH6.8T-亲水凝胶空白制剂-251203-Side-24h-750X-1.mp4,900,36.0,7.5,1876561,2.8084536721227567,97.0,,,True,,pH 6.8,pH 6.8,,3,yes,False,auto_parsed
03-pH6.8T-亲水凝胶空白制剂-251203-Side-24h-750X-1.mp4,920,36.8,7.666666666666666,2009245,3.007028014780382,97.0,,,True,,pH 6.8,pH 6.8,,3,yes,False,auto_parsed
03-pH6.8T-亲水凝胶空白制剂-251203-Side-24h-750X-1.mp4,940,37.6,7.833333333333333,2014521,3.014924055236365,97.0,,,True,,pH 6.8,pH 6.8,,3,yes,False,auto_parsed
03-pH6.8T-亲水凝胶空白制剂-251203-Side-24h-750X-1.mp4,960,38.4,8.0,2030158,3.038326326769762,97.0,,,True,,pH 6.8,pH 6.8,,3,yes,False,auto_parsed
03-pH6.8T-亲水凝胶空白制剂-251203-Side-24h-750X-1.mp4,980,39.2,8.166666666666668,2033241,3.0429403322143784,97.0,,,True,,pH 6.8,pH 6.8,,3,yes,False,auto_parsed
03-pH6.8T-亲水凝胶空白制剂-251203-Side-24h-750X-1.mp4,1000,40.0,8.333333333333334,2063445,3.088143517569289,96.0,,,True,,pH 6.8,pH 6.8,,3,yes,False,auto_parsed
03-pH6.8T-亲水凝胶空白制剂-251203-Side-24h-750X-1.mp4,1020,40.8,8.499999999999998,2071512,3.1002165574401026,96.0,,,True,,pH 6.8,pH 6.8,,3,yes,False,auto_parsed
03-pH6.8T-亲水凝胶空白制剂-251203-Side-24h-750X-1.mp4,1040,41.6,8.666666666666666,2082326,3.116400746502081,96.0,,,True,,pH 6.8,pH 6.8,,3,yes,False,auto_parsed
03-pH6.8T-亲水凝胶空白制剂-251203-Side-24h-750X-1.mp4,1060,42.4,8.833333333333334,2094437,3.134526020566222,96.0,,,True,,pH 6.8,pH 6.8,,3,yes,False,auto_parsed
03-pH6.8T-亲水凝胶空白制剂-251203-Side-24h-750X-1.mp4,1080,43.2,9.000000000000002,2123177,3.1775381893882364,95.0,,,True,,pH 6.8,pH 6.8,,3,yes,False,auto_parsed
03-pH6.8T-亲水凝胶空白制剂-251203-Side-24h-750X-1.mp4,1100,44.0,9.166666666666666,2129407,3.186861982420984,95.0,,,True,,pH 6.8,pH 6.8,,3,yes,False,auto_parsed
03-pH6.8T-亲水凝胶空白制剂-251203-Side-24h-750X-1.mp4,1120,44.8,9.333333333333334,2141043,3.204276373388727,95.0,,,True,,pH 6.8,pH 6.8,,3,yes,False,auto_parsed
03-pH6.8T-亲水凝胶空白制剂-251203-Side-24h-750X-1.mp4,1140,45.6,9.5,2153290,3.2226051845078367,95.0,,,True,,pH 6.8,pH 6.8,,3,yes,False,auto_parsed
03-pH6.8T-亲水凝胶空白制剂-251203-Side-24h-750X-1.mp4,1160,46.4,9.666666666666666,2166475,3.242337802667832,95.0,,,True,,pH 6.8,pH 6.8,,3,yes,False,auto_parsed
03-pH6.8T-亲水凝胶空白制剂-251203-Side-24h-750X-1.mp4,1180,47.2,9.833333333333334,2186222,3.271891083730056,94.0,,,True,,pH 6.8,pH 6.8,,3,yes,False,auto_parsed
03-pH6.8T-亲水凝胶空白制剂-251203-Side-24h-750X-1.mp4,1200,48.0,10.0,2132512,3.191508912977433,97.0,,,True,,pH 6.8,pH 6.8,,3,yes,False,auto_parsed
03-pH6.8T-亲水凝胶空白制剂-251203-Side-24h-750X-1.mp4,1220,48.8,10.166666666666666,2200412,3.293127780862428,94.0,,,True,,pH 6.8,pH 6.8,,3,yes,False,auto_parsed
03-pH6.8T-亲水凝胶空白制剂-251203-Side-24h-750X-1.mp4,1240,49.6,10.333333333333334,2206872,3.302795790973431,94.0,,,True,,pH 6.8,pH 6.8,,3,yes,False,auto_parsed
03-pH6.8T-亲水凝胶空白制剂-251203-Side-24h-750X-1.mp4,1260,50.4,10.5,2231482,3.3396270183467704,93.0,,,True,,pH 6.8,pH 6.8,,3,yes,False,auto_parsed
03-pH6.8T-亲水凝胶空白制剂-251203-Side-24h-750X-1.mp4,1280,51.2,10.666666666666666,2238977,3.3508440053099227,93.0,,,True,,pH 6.8,pH 6.8,,3,yes,False,auto_parsed
03-pH6.8T-亲水凝胶空白制剂-251203-Side-24h-750X-1.mp4,1300,52.0,10.833333333333334,2242823,3.356599913496752,93.0,,,True,,pH 6.8,pH 6.8,,3,yes,False,auto_parsed
03-pH6.8T-亲水凝胶空白制剂-251203-Side-24h-750X-1.mp4,1320,52.8,11.0,2248425,3.364983844246262,93.0,,,True,,pH 6.8,pH 6.8,,3,yes,False,auto_parsed
03-pH6.8T-亲水凝胶空白制剂-251203-Side-24h-750X-1.mp4,1340,53.6,11.166666666666666,2223466,3.3276303048715694,91.0,,,True,,pH 6.8,pH 6.8,,3,yes,False,auto_parsed
03-pH6.8T-亲水凝胶空白制剂-251203-Side-24h-750X-1.mp4,1360,54.4,11.333333333333334,2205315,3.300465591013241,91.0,,,True,,pH 6.8,pH 6.8,,3,yes,False,auto_parsed
03-pH6.8T-亲水凝胶空白制剂-251203-Side-24h-750X-1.mp4,1380,55.2,11.5,2228419,3.3350429448220025,91.0,,,True,,pH 6.8,pH 6.8,,3,yes,False,auto_parsed
03-pH6.8T-亲水凝胶空白制剂-251203-Side-24h-750X-1.mp4,1400,56.0,11.666666666666666,2222855,3.326715884720204,91.0,,,True,,pH 6.8,pH 6.8,,3,yes,False,auto_parsed
03-pH6.8T-亲水凝胶空白制剂-251203-Side-24h-750X-1.mp4,1420,56.8,11.833333333333334,2218831,3.320693582446725,91.0,,,True,,pH 6.8,pH 6.8,,3,yes,False,auto_parsed
03-pH6.8T-亲水凝胶空白制剂-251203-Side-24h-750X-1.mp4,1440,57.6,12.0,2222060,3.3255260909062336,91.0,,,True,,pH 6.8,pH 6.8,,3,yes,False,auto_parsed
03-pH6.8T-亲水凝胶空白制剂-251203-Side-24h-750X-1.mp4,1460,58.4,12.166666666666666,2189734,3.277147128855418,91.0,,,True,,pH 6.8,pH 6.8,,3,yes,False,auto_parsed
03-pH6.8T-亲水凝胶空白制剂-251203-Side-24h-750X-1.mp4,1480,59.2,12.333333333333334,2216359,3.3169939971534745,91.0,,,True,,pH 6.8,pH 6.8,,3,yes,False,auto_parsed
03-pH6.8T-亲水凝胶空白制剂-251203-Side-24h-750X-1.mp4,1500,60.0,12.5,2220771,3.3235969786720103,91.0,,,True,,pH 6.8,pH 6.8,,3,yes,False,auto_parsed
03-pH6.8T-亲水凝胶空白制剂-251203-Side-24h-750X-1.mp4,1520,60.8,12.666666666666666,2225261,3.330316694677955,91.0,,,True,,pH 6.8,pH 6.8,,3,yes,False,auto_parsed
03-pH6.8T-亲水凝胶空白制剂-251203-Side-24h-750X-1.mp4,1540,61.6,12.833333333333334,2222362,3.325978062895943,91.0,,,True,,pH 6.8,pH 6.8,,3,yes,False,auto_parsed
03-pH6.8T-亲水凝胶空白制剂-251203-Side-24h-750X-1.mp4,1560,62.4,13.0,2228082,3.3345385919725583,91.0,,,True,,pH 6.8,pH 6.8,,3,yes,False,auto_parsed
03-pH6.8T-亲水凝胶空白制剂-251203-Side-24h-750X-1.mp4,1580,63.2,13.166666666666666,2231760,3.3400430720326617,91.0,,,True,,pH 6.8,pH 6.8,,3,yes,False,auto_parsed
03-pH6.8T-亲水凝胶空白制剂-251203-Side-24h-750X-1.mp4,1600,64.0,13.333333333333334,2229144,3.3361279769165035,91.0,,,True,,pH 6.8,pH 6.8,,3,yes,False,auto_parsed
03-pH6.8T-亲水凝胶空白制剂-251203-Side-24h-750X-1.mp4,1620,64.8,13.5,2225233,3.3302747899901672,91.0,,,True,,pH 6.8,pH 6.8,,3,yes,False,auto_parsed
03-pH6.8T-亲水凝胶空白制剂-251203-Side-24h-750X-1.mp4,1640,65.6,13.666666666666664,2225247,3.3302957423340613,91.0,,,True,,pH 6.8,pH 6.8,,3,yes,False,auto_parsed
03-pH6.8T-亲水凝胶空白制剂-251203-Side-24h-750X-1.mp4,1660,66.4,13.833333333333336,2247414,3.3634707856979302,90.0,,,True,,pH 6.8,pH 6.8,,3,yes,False,auto_parsed
03-pH6.8T-亲水凝胶空白制剂-251203-Side-24h-750X-1.mp4,1680,67.2,14.0,2241551,3.3546962433943994,90.0,,,True,,pH 6.8,pH 6.8,,3,yes,False,auto_parsed
03-pH6.8T-亲水凝胶空白制剂-251203-Side-24h-750X-1.mp4,1700,68.0,14.166666666666666,2239058,3.350965229585308,90.0,,,True,,pH 6.8,pH 6.8,,3,yes,False,auto_parsed
03-pH6.8T-亲水凝胶空白制剂-251203-Side-24h-750X-1.mp4,1720,68.8,14.333333333333334,2236478,3.347104011924877,90.0,,,True,,pH 6.8,pH 6.8,,3,yes,False,auto_parsed
03-pH6.8T-亲水凝胶空白制剂-251203-Side-24h-750X-1.mp4,1740,69.6,14.499999999999998,2235028,3.344933947735875,90.0,,,True,,pH 6.8,pH 6.8,,3,yes,False,auto_parsed
03-pH6.8T-亲水凝胶空白制剂-251203-Side-24h-750X-1.mp4,1760,70.4,14.666666666666668,2193359,3.2825722893279234,89.0,,,True,,pH 6.8,pH 6.8,,3,yes,False,auto_parsed
03-pH6.8T-亲水凝胶空白制剂-251203-Side-24h-750X-1.mp4,1780,71.2,14.833333333333334,2180694,3.2636179010839843,89.0,,,True,,pH 6.8,pH 6.8,,3,yes,False,auto_parsed
03-pH6.8T-亲水凝胶空白制剂-251203-Side-24h-750X-1.mp4,1800,72.0,15.0,2190162,3.277787671940172,88.0,,,True,,pH 6.8,pH 6.8,,3,yes,False,auto_parsed
03-pH6.8T-亲水凝胶空白制剂-251203-Side-24h-750X-1.mp4,1820,72.8,15.166666666666666,2188603,3.2754544787879967,88.0,,,True,,pH 6.8,pH 6.8,,3,yes,False,auto_parsed
03-pH6.8T-亲水凝胶空白制剂-251203-Side-24h-750X-1.mp4,1840,73.6,15.333333333333332,2187582,3.273926454279741,88.0,,,True,,pH 6.8,pH 6.8,,3,yes,False,auto_parsed
03-pH6.8T-亲水凝胶空白制剂-251203-Side-24h-750X-1.mp4,1860,74.4,15.500000000000002,2184256,3.268948776008968,88.0,,,True,,pH 6.8,pH 6.8,,3,yes,False,auto_parsed
03-pH6.8T-亲水凝胶空白制剂-251203-Side-24h-750X-1.mp4,1880,75.2,15.666666666666666,2183647,3.268037349049586,88.0,,,True,,pH 6.8,pH 6.8,,3,yes,False,auto_parsed
03-pH6.8T-亲水凝胶空白制剂-251203-Side-24h-750X-1.mp4,1900,76.0,15.833333333333334,2185040,3.270122107267021,88.0,,,True,,pH 6.8,pH 6.8,,3,yes,False,auto_parsed
03-pH6.8T-亲水凝胶空白制剂-251203-Side-24h-750X-1.mp4,1920,76.8,16.0,2181697,3.265118986864377,88.0,,,True,,pH 6.8,pH 6.8,,3,yes,False,auto_parsed
03-pH6.8T-亲水凝胶空白制剂-251203-Side-24h-750X-1.mp4,1940,77.6,16.166666666666664,2175997,3.25658838970761,88.0,,,True,,pH 6.8,pH 6.8,,3,yes,False,auto_parsed
03-pH6.8T-亲水凝胶空白制剂-251203-Side-24h-750X-1.mp4,1960,78.4,16.333333333333336,2174666,3.2545964204417053,88.0,,,True,,pH 6.8,pH 6.8,,3,yes,False,auto_parsed
03-pH6.8T-亲水凝胶空白制剂-251203-Side-24h-750X-1.mp4,1980,79.2,16.5,2167839,3.2443791596014866,88.0,,,True,,pH 6.8,pH 6.8,,3,yes,False,auto_parsed
03-pH6.8T-亲水凝胶空白制剂-251203-Side-24h-750X-1.mp4,2000,80.0,16.666666666666668,2183540,3.2678772132783984,87.0,,,True,,pH 6.8,pH 6.8,,3,yes,False,auto_parsed
03-pH6.8T-亲水凝胶空白制剂-251203-Side-24h-750X-1.mp4,2020,80.8,16.833333333333332,2163134,3.2373376754571725,88.0,,,True,,pH 6.8,pH 6.8,,3,yes,False,auto_parsed
03-pH6.8T-亲水凝胶空白制剂-251203-Side-24h-750X-1.mp4,2040,81.6,16.999999999999996,2163241,3.237497811228361,88.0,,,True,,pH 6.8,pH 6.8,,3,yes,False,auto_parsed
03-pH6.8T-亲水凝胶空白制剂-251203-Side-24h-750X-1.mp4,2060,82.4,17.166666666666668,2176670,3.2575955988105054,87.0,,,True,,pH 6.8,pH 6.8,,3,yes,False,auto_parsed
03-pH6.8T-亲水凝胶空白制剂-251203-Side-24h-750X-1.mp4,2080,83.2,17.333333333333332,2174995,3.25508880052321,87.0,,,True,,pH 6.8,pH 6.8,,3,yes,False,auto_parsed
03-pH6.8T-亲水凝胶空白制剂-251203-Side-24h-750X-1.mp4,2100,84.0,17.5,2171421,3.249739966446318,87.0,,,True,,pH 6.8,pH 6.8,,3,yes,False,auto_parsed
03-pH6.8T-亲水凝胶空白制剂-251203-Side-24h-750X-1.mp4,2120,84.8,17.666666666666668,2173382,3.2526747911874443,87.0,,,True,,pH 6.8,pH 6.8,,3,yes,False,auto_parsed
03-pH6.8T-亲水凝胶空白制剂-251203-Side-24h-750X-1.mp4,2140,85.6,17.833333333333332,2168159,3.2448580703190597,87.0,,,True,,pH 6.8,pH 6.8,,3,yes,False,auto_parsed
03-pH6.8T-亲水凝胶空白制剂-251203-Side-24h-750X-1.mp4,2160,86.4,18.000000000000004,2164881,3.239952228655922,87.0,,,True,,pH 6.8,pH 6.8,,3,yes,False,auto_parsed
03-pH6.8T-亲水凝胶空白制剂-251203-Side-24h-750X-1.mp4,2180,87.2,18.166666666666668,2196769,3.28767568166206,87.0,,,True,,pH 6.8,pH 6.8,,3,yes,False,auto_parsed
03-pH6.8T-亲水凝胶空白制剂-251203-Side-24h-750X-1.mp4,2200,88.0,18.33333333333333,2188098,3.274698697811827,87.0,,,True,,pH 6.8,pH 6.8,,3,yes,False,auto_parsed
03-pH6.8T-亲水凝胶空白制剂-251203-Side-24h-750X-1.mp4,2220,88.8,18.5,2208905,3.3058383706260117,86.0,,,True,,pH 6.8,pH 6.8,,3,yes,False,auto_parsed
03-pH6.8T-亲水凝胶空白制剂-251203-Side-24h-750X-1.mp4,2240,89.6,18.666666666666668,2203889,3.2983314451280563,86.0,,,True,,pH 6.8,pH 6.8,,3,yes,False,auto_parsed
03-pH6.8T-亲水凝胶空白制剂-251203-Side-24h-750X-1.mp4,2260,90.4,18.83333333333333,2203062,3.297093760242329,86.0,,,True,,pH 6.8,pH 6.8,,3,yes,False,auto_parsed
03-pH6.8T-亲水凝胶空白制剂-251203-Side-24h-750X-1.mp4,2280,91.2,19.0,2195790,3.286210514185485,86.0,,,True,,pH 6.8,pH 6.8,,3,yes,False,auto_parsed
03-pH6.8T-亲水凝胶空白制剂-251203-Side-24h-750X-1.mp4,2300,92.0,19.166666666666668,2221584,3.324813711213844,85.0,,,True,,pH 6.8,pH 6.8,,3,yes,False,auto_parsed
03-pH6.8T-亲水凝胶空白制剂-251203-Side-24h-750X-1.mp4,2320,92.8,19.33333333333333,2206619,3.30241715218735,85.0,,,True,,pH 6.8,pH 6.8,,3,yes,False,auto_parsed
03-pH6.8T-亲水凝胶空白制剂-251203-Side-24h-750X-1.mp4,2340,93.6,19.5,2198361,3.2900582624819847,85.0,,,True,,pH 6.8,pH 6.8,,3,yes,False,auto_parsed
03-pH6.8T-亲水凝胶空白制剂-251203-Side-24h-750X-1.mp4,2360,94.4,19.666666666666668,2193089,3.2821682084099715,85.0,,,True,,pH 6.8,pH 6.8,,3,yes,False,auto_parsed
03-pH6.8T-亲水凝胶空白制剂-251203-Side-24h-750X-1.mp4,2380,95.2,19.83333333333333,2192480,3.2812567814505904,85.0,,,True,,pH 6.8,pH 6.8,,3,yes,False,auto_parsed
03-pH6.8T-亲水凝胶空白制剂-251203-Side-24h-750X-1.mp4,2400,96.0,20.0,2204719,3.299573619801761,84.0,,,True,,pH 6.8,pH 6.8,,3,yes,False,auto_parsed
03-pH6.8T-亲水凝胶空白制剂-251203-Side-24h-750X-1.mp4,2420,96.8,20.166666666666668,2197401,3.2886215303292663,84.0,,,True,,pH 6.8,pH 6.8,,3,yes,False,auto_parsed
03-pH6.8T-亲水凝胶空白制剂-251203-Side-24h-750X-1.mp4,2440,97.6,20.33333333333333,2194986,3.2850072510075834,84.0,,,True,,pH 6.8,pH 6.8,,3,yes,False,auto_parsed
03-pH6.8T-亲水凝胶空白制剂-251203-Side-24h-750X-1.mp4,2460,98.4,20.5,2194302,3.2839835793487717,84.0,,,True,,pH 6.8,pH 6.8,,3,yes,False,auto_parsed
03-pH6.8T-亲水凝胶空白制剂-251203-Side-24h-750X-1.mp4,2480,99.2,20.666666666666668,2190212,3.2778625017397927,84.0,,,True,,pH 6.8,pH 6.8,,3,yes,False,auto_parsed
03-pH6.8T-亲水凝胶空白制剂-251203-Side-24h-750X-1.mp4,2500,100.0,20.83333333333333,2193586,3.282912016618202,83.0,,,True,,pH 6.8,pH 6.8,,3,yes,False,auto_parsed
03-pH6.8T-亲水凝胶空白制剂-251203-Side-24h-750X-1.mp4,2520,100.8,21.0,2191719,3.2801178719003627,83.0,,,True,,pH 6.8,pH 6.8,,3,yes,False,auto_parsed
03-pH6.8T-亲水凝胶空白制剂-251203-Side-24h-750X-1.mp4,2540,101.6,21.166666666666668,2183715,3.268139117577071,83.0,,,True,,pH 6.8,pH 6.8,,3,yes,False,auto_parsed
03-pH6.8T-亲水凝胶空白制剂-251203-Side-24h-750X-1.mp4,2560,102.4,21.33333333333333,2158515,3.2304248985682067,80.0,,,True,,pH 6.8,pH 6.8,,3,yes,False,auto_parsed
03-pH6.8T-亲水凝胶空白制剂-251203-Side-24h-750X-1.mp4,2580,103.2,21.5,2145114,3.21036901567385,80.0,,,True,,pH 6.8,pH 6.8,,3,yes,False,auto_parsed
03-pH6.8T-亲水凝胶空白制剂-251203-Side-24h-750X-1.mp4,2600,104.0,21.666666666666668,2202468,3.296204782222834,80.0,,,True,,pH 6.8,pH 6.8,,3,yes,False,auto_parsed
03-pH6.8T-亲水凝胶空白制剂-251203-Side-24h-750X-1.mp4,2620,104.8,21.83333333333333,2221477,3.324653575442656,79.0,,,True,,pH 6.8,pH 6.8,,3,yes,False,auto_parsed
03-pH6.8T-亲水凝胶空白制剂-251203-Side-24h-750X-1.mp4,2640,105.6,22.0,2218249,3.319822563579139,79.0,,,True,,pH 6.8,pH 6.8,,3,yes,False,auto_parsed
03-pH6.8T-亲水凝胶空白制剂-251203-Side-24h-750X-1.mp4,2660,106.4,22.166666666666668,2191961,3.280480048130527,80.0,,,True,,pH 6.8,pH 6.8,,3,yes,False,auto_parsed
03-pH6.8T-亲水凝胶空白制剂-251203-Side-24h-750X-1.mp4,2680,107.2,22.33333333333333,2208375,3.305045174750031,79.0,,,True,,pH 6.8,pH 6.8,,3,yes,False,auto_parsed
03-pH6.8T-亲水凝胶空白制剂-251203-Side-24h-750X-1.mp4,2700,108.0,22.5,2206951,3.302914022056832,79.0,,,True,,pH 6.8,pH 6.8,,3,yes,False,auto_parsed
03-pH6.8T-亲水凝胶空白制剂-251203-Side-24h-750X-1.mp4,2720,108.8,22.666666666666668,2202563,3.296346958842113,79.0,,,True,,pH 6.8,pH 6.8,,3,yes,False,auto_parsed
03-pH6.8T-亲水凝胶空白制剂-251203-Side-24h-750X-1.mp4,2740,109.6,22.83333333333333,2199158,3.29125104948794,79.0,,,True,,pH 6.8,pH 6.8,,3,yes,False,auto_parsed
03-pH6.8T-亲水凝胶空白制剂-251203-Side-24h-750X-1.mp4,2760,110.4,23.0,2196277,3.286939356433791,79.0,,,True,,pH 6.8,pH 6.8,,3,yes,False,auto_parsed
03-pH6.8T-亲水凝胶空白制剂-251203-Side-24h-750X-1.mp4,2780,111.2,23.166666666666668,2200936,3.293911997162454,79.0,,,True,,pH 6.8,pH 6.8,,3,yes,False,auto_parsed
03-pH6.8T-亲水凝胶空白制剂-251203-Side-24h-750X-1.mp4,2800,112.0,23.33333333333333,2193817,3.28325773029245,79.0,,,True,,pH 6.8,pH 6.8,,3,yes,False,auto_parsed
03-pH6.8T-亲水凝胶空白制剂-251203-Side-24h-750X-1.mp4,2820,112.8,23.5,2195730,3.28612071842594,79.0,,,True,,pH 6.8,pH 6.8,,3,yes,False,auto_parsed
03-pH6.8T-亲水凝胶空白制剂-251203-Side-24h-750X-1.mp4,2840,113.6,23.666666666666668,2182901,3.266920888439245,79.0,,,True,,pH 6.8,pH 6.8,,3,yes,False,auto_parsed
03-pH6.8T-亲水凝胶空白制剂-251203-Side-24h-750X-1.mp4,2860,114.4,23.83333333333333,2179877,3.262395182158181,79.0,,,True,,pH 6.8,pH 6.8,,3,yes,False,auto_parsed
03-pH6.8T-亲水凝胶空白制剂-251203-Side-24h-750X-1.mp4,2879,115.16,23.991666666666667,2199783,3.292186421983199,78.0,,,True,,pH 6.8,pH 6.8,,3,yes,False,auto_parsed
